operation,randomOffset,transferSize,aggregateFilesizeMB,numTasks,parallelism,totalTime,numNodesList,numNodes,tasksPerNode,trMiB,storageType,opCount,taskName,taskPID,fileName,stageOrder,prevTask,estimated_trMiB_ssd_p,estimated_trMiB_beegfs_p,estimated_trMiB_ssd_1p,estimated_ts_slope_ssd_1p,estimated_trMiB_beegfs_1p,estimated_ts_slope_beegfs_1p
0,0,81791.0,0.0780019760131836,300,300,4.895e-05,[10],,,1593.503085049716,1,1,individuals,6818-dc111,chr2n-2201-2401.tar.gz,1,,,,1885.2032933789421,0.0743862974877451,3823.54958381602,0.0743862974877451
1,1,8191.921474379654,2421.75803565979,300,300,19.632952451,[10],,,123.35169871694148,1,309988,individuals,6818-dc111,ALL.chr2.250000.vcf,1,initial_data,,,24820.15967517859,0.003921493445905765,3876.9329991014793,0.003921493445905765
1,1,8191.921474379654,2421.75803565979,300,300,19.632952451,[10],,,123.35169871694148,1,309988,individuals,6818-dc111,columns.txt,1,initial_data,,,24820.15967517859,0.003921493445905765,3876.9329991014793,0.003921493445905765
1,1,8191.912230276168,2421.794364929199,300,300,19.658823658,[10],,,123.19121464542307,1,309993,individuals,25051-dc135,ALL.chr3.250000.vcf,1,initial_data,,,24820.166444775197,0.003921484595469676,3876.9345786852778,0.003921484595469676
0,0,101056.0,0.09637451171875,300,300,5.0259e-05,[10],,,1917.557287625102,1,1,individuals,25051-dc135,chr3n-1201-1401.tar.gz,1,,,,1887.523735276297,0.09283088235294118,3837.252962447456,0.09283088235294118
1,1,8191.912230276168,2421.794364929199,300,300,19.658823658,[10],,,123.19121464542307,1,309993,individuals,25051-dc135,columns.txt,1,initial_data,,,24820.166444775197,0.003921484595469676,3876.9345786852778,0.003921484595469676
1,1,8191.922788330022,2421.789673805237,300,300,19.96961294,[10],,,121.27374131294688,1,309992,individuals,28580-dc257,ALL.chr8.250000.vcf,1,initial_data,,,24820.165599232438,0.003921494703900527,3876.9343813774494,0.003921494703900527
1,1,8191.922788330022,2421.789673805237,300,300,19.96961294,[10],,,121.27374131294688,1,309992,individuals,28580-dc257,columns.txt,1,initial_data,,,24820.165599232438,0.003921494703900527,3876.9343813774494,0.003921494703900527
0,0,87880.0,0.08380889892578125,300,300,3.8889e-05,[10],,,2155.079815006332,1,1,individuals,28580-dc257,chr8n-1401-1601.tar.gz,1,,,,1885.9367047837172,0.08021599264705882,3827.8807477135965,0.08021599264705882
1,1,8191.912230276168,2421.794364929199,300,300,19.657800875,[10],,,123.19762420674125,1,309993,individuals,25170-dc135,columns.txt,1,initial_data,,,24820.166444775197,0.003921484595469676,3876.9345786852778,0.003921484595469676
1,1,8191.912230276168,2421.794364929199,300,300,19.657800875,[10],,,123.19762420674125,1,309993,individuals,25170-dc135,ALL.chr3.250000.vcf,1,initial_data,,,24820.166444775197,0.003921484595469676,3876.9345786852778,0.003921484595469676
0,0,91223.0,0.08699703216552734,300,300,5.273e-05,[10],,,1649.8583759819335,1,1,individuals,25170-dc135,chr3n-4601-4801.tar.gz,1,,,,1886.3393643872914,0.08341662837009804,3830.2586555653947,0.08341662837009804
1,1,8191.928799979357,2422.0726985931396,300,300,20.216703937,[10],,,119.80551855242514,1,310028,individuals,194433-dc273,ALL.chr10.250000.vcf,1,initial_data,,,24820.218576395022,0.003921500459539059,3876.94674269422,0.003921500459539059
0,0,78159.0,0.0745382308959961,300,300,3.9999e-05,[10],,,1863.5023599589013,1,1,individuals,194433-dc273,chr10n-5601-5801.tar.gz,1,,,,1884.765824135693,0.07090896905637255,3820.9661075020113,0.07090896905637255
1,1,8191.928799979357,2422.0726985931396,300,300,20.216703937,[10],,,119.80551855242514,1,310028,individuals,194433-dc273,columns.txt,1,initial_data,,,24820.218576395022,0.003921500459539059,3876.94674269422,0.003921500459539059
1,1,979.9919328815747,2.896304130554199,10,10,0.009718649,[10],,,298.01509762871353,1,3099,frequency,41406-dc146,chr4n.tar.gz,3,individuals_merge,,,6807.249367824659,0.954158263418307,1881.6315905259762,0.954158263418307
1,1,979.9919328815747,2.896304130554199,10,10,0.009718649,[10],,,298.01509762871353,1,3099,frequency,41406-dc146,sifted.SIFT.chr4.txt,3,sifting,,,6807.249367824659,0.954158263418307,1881.6315905259762,0.954158263418307
0,0,1304.663227953411,3.7388925552368164,10,10,0.016321494,[10],,,229.0778378031335,1,3005,frequency,41406-dc146,chr4-AFR-freq.tar.gz,3,initial_data,,,1526.391366256733,0.09136172784941765,2769.7091969819876,0.09136172784941765
1,0,979.9919328815747,2.896304130554199,10,10,0.009718649,[10],,,298.01509762871353,1,3099,frequency,41406-dc146,columns.txt,3,initial_data,,,6807.249367824659,0.954158263418307,1881.6315905259762,0.954158263418307
0,0,47607.0,0.045401573181152344,300,300,2.566e-05,[10],,,1769.3520335601067,1,1,individuals,28562-dc257,chr8n-1-201.tar.gz,1,,,,1881.0858791137368,0.04165804993872549,3799.2341778914406,0.04165804993872549
1,1,8191.922788330022,2421.789673805237,300,300,19.976578235,[10],,,121.23145642441085,1,309992,individuals,28562-dc257,columns.txt,1,initial_data,,,24820.165599232438,0.003921494703900527,3876.9343813774494,0.003921494703900527
1,1,8191.922788330022,2421.789673805237,300,300,19.976578235,[10],,,121.23145642441085,1,309992,individuals,28562-dc257,ALL.chr8.250000.vcf,1,initial_data,,,24820.165599232438,0.003921494703900527,3876.9343813774494,0.003921494703900527
0,0,79638.0,0.07594871520996094,300,300,5.0539e-05,[10],,,1502.7743962080956,1,1,individuals,194456-dc273,chr10n-4401-4601.tar.gz,1,,,,1884.9439675857934,0.07232498468137255,3822.0181343380295,0.07232498468137255
1,1,8191.928799979357,2422.0726985931396,300,300,20.222407968,[10],,,119.77172562366633,1,310028,individuals,194456-dc273,columns.txt,1,initial_data,,,24820.218576395022,0.003921500459539059,3876.94674269422,0.003921500459539059
1,1,8191.928799979357,2422.0726985931396,300,300,20.222407968,[10],,,119.77172562366633,1,310028,individuals,194456-dc273,ALL.chr10.250000.vcf,1,initial_data,,,24820.218576395022,0.003921500459539059,3876.94674269422,0.003921500459539059
0,0,1089.4474034620505,3.1210899353027344,10,10,0.016417037,[10],,,190.1128647820392,1,3004,frequency,8352-dc111,chr2-EAS-freq.tar.gz,3,initial_data,,,1516.6726331741372,0.02130449331446956,2760.166804526366,0.02130449331446956
1,0,1203.586130462318,3.624844551086426,10,10,0.010241623,[10],,,353.9326287529258,1,3158,frequency,8352-dc111,columns.txt,3,initial_data,,,16200.521987840288,0.05845902684320244,2765.2276773239087,0.05845902684320244
1,1,1203.586130462318,3.624844551086426,10,10,0.010241623,[10],,,353.9326287529258,1,3158,frequency,8352-dc111,sifted.SIFT.chr2.txt,3,sifting,,,16200.521987840288,0.05845902684320244,2765.2276773239087,0.05845902684320244
1,1,1203.586130462318,3.624844551086426,10,10,0.010241623,[10],,,353.9326287529258,1,3158,frequency,8352-dc111,chr2n.tar.gz,3,individuals_merge,,,16200.521987840288,0.05845902684320244,2765.2276773239087,0.05845902684320244
0,0,609.3802863802864,1.745194435119629,10,10,0.015596797,[10],,,111.89441236682306,1,3003,frequency,41420-dc146,chr4-SAS-freq.tar.gz,3,initial_data,,,668.5193928905733,0.568104464979465,1620.0073510940472,0.568104464979465
1,0,977.3084866085834,2.888373374938965,10,10,0.009766922,[10],,,295.7301568435751,1,3099,frequency,41420-dc146,columns.txt,3,initial_data,,,6799.079859956171,0.951363006883941,1879.7372793825978,0.951363006883941
1,1,977.3084866085834,2.888373374938965,10,10,0.009766922,[10],,,295.7301568435751,1,3099,frequency,41420-dc146,chr4n.tar.gz,3,individuals_merge,,,6799.079859956171,0.951363006883941,1879.7372793825978,0.951363006883941
1,1,977.3084866085834,2.888373374938965,10,10,0.009766922,[10],,,295.7301568435751,1,3099,frequency,41420-dc146,sifted.SIFT.chr4.txt,3,sifting,,,6799.079859956171,0.951363006883941,1879.7372793825978,0.951363006883941
0,0,99424.0,0.094818115234375,300,300,4.677e-05,[10],,,2027.3276723193285,1,1,individuals,195099-dc260,chr9n-2201-2401.tar.gz,1,,,,1887.3271631934276,0.09126838235294117,3836.092105249091,0.09126838235294117
1,1,8191.922137163246,2421.703544616699,300,300,19.935617067,[10],,,121.47622702010136,1,309981,individuals,195099-dc260,columns.txt,1,initial_data,,,24820.14948099236,0.003921494080464198,3876.9306204595614,0.003921494080464198
1,1,8191.922137163246,2421.703544616699,300,300,19.935617067,[10],,,121.47622702010136,1,309981,individuals,195099-dc260,ALL.chr9.250000.vcf,1,initial_data,,,24820.14948099236,0.003921494080464198,3876.9306204595614,0.003921494080464198
1,1,1156.280038449215,3.4415721893310547,10,10,0.009737721,[10],,,353.42686336269594,1,3121,frequency,32974-dc155,sifted.SIFT.chr6.txt,3,sifting,,,16149.587240504017,0.04305990834935384,2763.1301568439503,0.04305990834935384
1,1,1156.280038449215,3.4415721893310547,10,10,0.009737721,[10],,,353.42686336269594,1,3121,frequency,32974-dc155,chr6n.tar.gz,3,individuals_merge,,,16149.587240504017,0.04305990834935384,2763.1301568439503,0.04305990834935384
1,0,1156.280038449215,3.4415721893310547,10,10,0.009737721,[10],,,353.42686336269594,1,3121,frequency,32974-dc155,columns.txt,3,initial_data,,,16149.587240504017,0.04305990834935384,2763.1301568439503,0.04305990834935384
0,0,2122.7402726970404,6.087379455566406,10,10,0.016964149,[10],,,358.83789134169984,1,3007,frequency,32974-dc155,chr6-AFR-freq.tar.gz,3,initial_data,,,1563.3341491839847,0.3576628491852345,2805.981679507535,0.3576628491852345
1,0,160876.73983739837,18.871153831481934,10,10,0.003143444,[10],,,6003.337050534997,1,123,mutation_overlap,17556-dc177,columns.txt,3,initial_data,,,24836.878908260696,0.1501041090661366,3880.6212543476677,0.1501041090661366
1,1,160876.73983739837,18.871153831481934,10,10,0.003143444,[10],,,6003.337050534997,1,123,mutation_overlap,17556-dc177,chr7n.tar.gz,3,individuals_merge,,,24836.878908260696,0.1501041090661366,3880.6212543476677,0.1501041090661366
1,1,160876.73983739837,18.871153831481934,10,10,0.003143444,[10],,,6003.337050534997,1,123,mutation_overlap,17556-dc177,sifted.SIFT.chr7.txt,3,sifting,,,24836.878908260696,0.1501041090661366,3880.6212543476677,0.1501041090661366
0,0,780750.8571428572,15.636222839355469,10,10,0.005316961,[10],,,2940.8195469847283,1,21,mutation_overlap,17556-dc177,chr7-ALL.tar.gz,3,initial_data,,,1968.8557980741557,0.7435804009103641,4321.376589171958,0.7435804009103641
1,1,8191.922137163246,2421.703544616699,300,300,19.973246108,[10],,,121.24736918185373,1,309981,individuals,194926-dc260,columns.txt,1,initial_data,,,24820.14948099236,0.003921494080464198,3876.9306204595614,0.003921494080464198
0,0,85107.0,0.08116436004638672,300,300,3.737e-05,[10],,,2171.912230302026,1,1,individuals,194926-dc260,chr9n-5001-5201.tar.gz,1,,,,1885.602700870851,0.07756108302696078,3825.908286309757,0.07756108302696078
1,1,8191.922137163246,2421.703544616699,300,300,19.973246108,[10],,,121.24736918185373,1,309981,individuals,194926-dc260,ALL.chr9.250000.vcf,1,initial_data,,,24820.14948099236,0.003921494080464198,3876.9306204595614,0.003921494080464198
1,1,1430.5326016785023,4.226484298706055,10,10,0.009593183,[10],,,440.5716328674283,1,3098,frequency,196647-dc260,sifted.SIFT.chr9.txt,3,sifting,,,16444.956518579205,0.13233483127555412,2775.29016079707,0.13233483127555412
0,0,2952.905315614618,8.47649097442627,10,10,0.017012833,[10],,,498.2410028021946,1,3010,frequency,196647-dc260,chr9-EUR-freq.tar.gz,3,initial_data,,,1600.8225393105943,0.6278988657599668,2842.79013195793,0.6278988657599668
1,0,1430.5326016785023,4.226484298706055,10,10,0.009593183,[10],,,440.5716328674283,1,3098,frequency,196647-dc260,columns.txt,3,initial_data,,,16444.956518579205,0.13233483127555412,2775.29016079707,0.13233483127555412
1,1,1430.5326016785023,4.226484298706055,10,10,0.009593183,[10],,,440.5716328674283,1,3098,frequency,196647-dc260,chr9n.tar.gz,3,individuals_merge,,,16444.956518579205,0.13233483127555412,2775.29016079707,0.13233483127555412
1,1,8191.921474379654,2421.75803565979,300,300,19.631526253,[10],,,123.36066001438415,1,309988,individuals,6826-dc111,ALL.chr2.250000.vcf,1,initial_data,,,24820.15967517859,0.003921493445905765,3876.9329991014793,0.003921493445905765
0,0,86270.0,0.08227348327636719,300,300,4.563e-05,[10],,,1803.0568327058336,1,1,individuals,6826-dc111,chr2n-4001-4201.tar.gz,1,,,,1885.7427825696118,0.07867455575980392,3826.7355393255034,0.07867455575980392
1,1,8191.921474379654,2421.75803565979,300,300,19.631526253,[10],,,123.36066001438415,1,309988,individuals,6826-dc111,columns.txt,1,initial_data,,,24820.15967517859,0.003921493445905765,3876.9329991014793,0.003921493445905765
0,0,90648.0,0.08644866943359375,300,300,4.682e-05,[10],,,1846.4047294659065,1,1,individuals,15997-dc177,chr7n-5201-5401.tar.gz,1,,,,1886.2701064536825,0.08286611519607844,3829.8496525696473,0.08286611519607844
1,1,8191.911930553494,2421.802088737488,300,300,19.751699881,[10],,,122.61233733442468,1,309994,individuals,15997-dc177,columns.txt,1,initial_data,,,24820.167889117023,0.003921484308510928,3876.934915698439,0.003921484308510928
1,1,8191.911930553494,2421.802088737488,300,300,19.751699881,[10],,,122.61233733442468,1,309994,individuals,15997-dc177,ALL.chr7.250000.vcf,1,initial_data,,,24820.167889117023,0.003921484308510928,3876.934915698439,0.003921484308510928
1,1,1493.005282784338,4.5819196701049805,10,10,0.010586104,[10],,,432.8239803902342,1,3218,frequency,17786-dc026,chr1n.tar.gz,3,individuals_merge,,,16512.18856717919,0.15267099048969338,2778.060227663037,0.15267099048969338
1,1,1493.005282784338,4.5819196701049805,10,10,0.010586104,[10],,,432.8239803902342,1,3218,frequency,17786-dc026,sifted.SIFT.chr1.txt,3,sifting,,,16512.18856717919,0.15267099048969338,2778.060227663037,0.15267099048969338
1,0,1493.005282784338,4.5819196701049805,10,10,0.010586104,[10],,,432.8239803902342,1,3218,frequency,17786-dc026,columns.txt,3,initial_data,,,16512.18856717919,0.15267099048969338,2778.060227663037,0.15267099048969338
0,0,2257.617891586299,6.474167823791504,10,10,0.016619299,[10],,,389.55721440426,1,3007,frequency,17786-dc026,chr1-SAS-freq.tar.gz,3,initial_data,,,1569.424980799433,0.40156832408408166,2811.9619791609707,0.40156832408408166
1,1,1411.2569399612653,4.169534683227539,10,10,0.009812873,[10],,,424.90458026181926,1,3098,frequency,196643-dc260,chr9n.tar.gz,3,individuals_merge,,,16424.197195680055,0.12606020181030772,2774.4355017865837,0.12606020181030772
1,1,1411.2569399612653,4.169534683227539,10,10,0.009812873,[10],,,424.90458026181926,1,3098,frequency,196643-dc260,sifted.SIFT.chr9.txt,3,sifting,,,16424.197195680055,0.12606020181030772,2774.4355017865837,0.12606020181030772
1,0,1411.2569399612653,4.169534683227539,10,10,0.009812873,[10],,,424.90458026181926,1,3098,frequency,196643-dc260,columns.txt,3,initial_data,,,16424.197195680055,0.12606020181030772,2774.4355017865837,0.12606020181030772
0,0,2060.8097771865646,5.909781455993652,10,10,0.01583978,[10],,,373.09744554492875,1,3007,frequency,196643-dc260,chr9-GBR-freq.tar.gz,3,initial_data,,,1560.5374789645516,0.3375031826779182,2803.2357612159126,0.3375031826779182
1,1,8191.929237568348,2421.8150177001953,300,300,19.607706559,[10],,,123.51342623436878,1,309995,individuals,65447-dc148,ALL.chr5.250000.vcf,1,initial_data,,,24820.170361208417,0.00392150087849298,3876.9354924950358,0.00392150087849298
0,0,72864.0,0.069488525390625,300,300,3.6379e-05,[10],,,1910.1274194074879,1,1,individuals,65447-dc148,chr5n-1001-1201.tar.gz,1,,,,1884.1280489035885,0.06583946078431373,3817.1997233933453,0.06583946078431373
1,1,8191.929237568348,2421.8150177001953,300,300,19.607706559,[10],,,123.51342623436878,1,309995,individuals,65447-dc148,columns.txt,1,initial_data,,,24820.170361208417,0.00392150087849298,3876.9354924950358,0.00392150087849298
1,1,8191.929237568348,2421.8150177001953,300,300,19.663872026,[10],,,123.16063766576688,1,309995,individuals,65532-dc148,columns.txt,1,initial_data,,,24820.170361208417,0.00392150087849298,3876.9354924950358,0.00392150087849298
1,1,8191.929237568348,2421.8150177001953,300,300,19.663872026,[10],,,123.16063766576688,1,309995,individuals,65532-dc148,ALL.chr5.250000.vcf,1,initial_data,,,24820.170361208417,0.00392150087849298,3876.9354924950358,0.00392150087849298
0,0,86479.0,0.0824728012084961,300,300,4.2669e-05,[10],,,1932.8505755582762,1,1,individuals,65532-dc148,chr5n-4201-4401.tar.gz,1,,,,1885.7679563228714,0.07887465533088235,3826.884203023088,0.07887465533088235
1,1,24406.31067961165,2.3973941802978516,10,10,0.000569272,[10],,,4211.33338772652,1,103,mutation_overlap,196118-dc273,chr10n.tar.gz,3,individuals_merge,,,24416.978846838956,0.019445380169664954,3782.8349613423597,0.019445380169664954
1,0,24406.31067961165,2.3973941802978516,10,10,0.000569272,[10],,,4211.33338772652,1,103,mutation_overlap,196118-dc273,columns.txt,3,initial_data,,,24416.978846838956,0.019445380169664954,3782.8349613423597,0.019445380169664954
1,1,24406.31067961165,2.3973941802978516,10,10,0.000569272,[10],,,4211.33338772652,1,103,mutation_overlap,196118-dc273,sifted.SIFT.chr10.txt,3,sifting,,,24416.978846838956,0.019445380169664954,3782.8349613423597,0.019445380169664954
0,0,111531.0,0.8509140014648438,10,10,0.000355195,[10],,,2395.6249425381657,1,8,mutation_overlap,196118-dc273,chr10-AMR.tar.gz,3,initial_data,,,1888.758624431072,0.1028597962622549,3844.736437577719,0.1028597962622549
1,1,8191.912230276168,2421.794364929199,300,300,19.659928812,[10],,,123.18428963237078,1,309993,individuals,25149-dc135,ALL.chr3.250000.vcf,1,initial_data,,,24820.166444775197,0.003921484595469676,3876.9345786852778,0.003921484595469676
0,0,88802.0,0.08468818664550781,300,300,4.1529e-05,[10],,,2039.2541752873367,1,1,individuals,25149-dc135,chr3n-5401-5601.tar.gz,1,,,,1886.0477583746524,0.08109872855392157,3828.536575125908,0.08109872855392157
1,1,8191.912230276168,2421.794364929199,300,300,19.659928812,[10],,,123.18428963237078,1,309993,individuals,25149-dc135,columns.txt,1,initial_data,,,24820.166444775197,0.003921484595469676,3876.9345786852778,0.003921484595469676
1,1,8191.928799979357,2422.0726985931396,300,300,20.220372405,[10],,,119.78378291362333,1,310028,individuals,194452-dc273,ALL.chr10.250000.vcf,1,initial_data,,,24820.218576395022,0.003921500459539059,3876.94674269422,0.003921500459539059
1,1,8191.928799979357,2422.0726985931396,300,300,20.220372405,[10],,,119.78378291362333,1,310028,individuals,194452-dc273,columns.txt,1,initial_data,,,24820.218576395022,0.003921500459539059,3876.94674269422,0.003921500459539059
0,0,77351.0,0.07376766204833984,300,300,3.794e-05,[10],,,1944.3242500880297,1,1,individuals,194452-dc273,chr10n-3401-3601.tar.gz,1,,,,1884.6685016828997,0.07013537837009803,3820.391369379291,0.07013537837009803
1,1,8191.911930553494,2421.802088737488,300,300,19.752599129,[10],,,122.6067553399538,1,309994,individuals,15873-dc177,columns.txt,1,initial_data,,,24820.167889117023,0.003921484308510928,3876.934915698439,0.003921484308510928
1,1,8191.911930553494,2421.802088737488,300,300,19.752599129,[10],,,122.6067553399538,1,309994,individuals,15873-dc177,ALL.chr7.250000.vcf,1,initial_data,,,24820.167889117023,0.003921484308510928,3876.934915698439,0.003921484308510928
0,0,93448.0,0.08911895751953125,300,300,5.0459e-05,[10],,,1766.1657488164897,1,1,individuals,15873-dc177,chr7n-1401-1601.tar.gz,1,,,,1886.6073624782139,0.085546875,3831.841319331548,0.085546875
1,1,8191.773596540132,924.8650636672974,10,10,7.555937021,[10],,,122.40243150476854,1,118386,sifting,195109-dc273,ALL.chr10.phase3_shapeit2_mvncall_integrated_v5.20130502.sites.annotation.vcf,2,initial_data,,,24540.06482549738,0.003921351865560022,3811.577601966439,0.003921351865560022
0,0,614177.0,0.5857248306274414,10,10,0.000162858,[10],,,3596.537048394561,1,1,sifting,195109-dc273,sifted.SIFT.chr10.txt,2,,,,1949.3284311918267,0.584100222120098,4202.240834066517,0.584100222120098
1,1,24145.076923076922,2.993450164794922,10,10,0.000815725,[10],,,3669.680547727386,1,130,mutation_overlap,26700-dc135,chr3n.tar.gz,3,individuals_merge,,,24416.292500730397,0.019195271257541478,3782.675178332265,0.019195271257541478
1,0,24145.076923076922,2.993450164794922,10,10,0.000815725,[10],,,3669.680547727386,1,130,mutation_overlap,26700-dc135,columns.txt,3,initial_data,,,24416.292500730397,0.019195271257541478,3782.675178332265,0.019195271257541478
1,1,24145.076923076922,2.993450164794922,10,10,0.000815725,[10],,,3669.680547727386,1,130,mutation_overlap,26700-dc135,sifted.SIFT.chr3.txt,3,sifting,,,24416.292500730397,0.019195271257541478,3782.675178332265,0.019195271257541478
0,0,100624.5,0.7677040100097656,10,10,0.000315446,[10],,,2433.7097633501953,1,8,mutation_overlap,26700-dc135,chr3-GBR.tar.gz,3,initial_data,,,1887.4475736860147,0.09241775811887255,3836.9753610096827,0.09241775811887255
1,1,1208.6111471160077,3.5569896697998047,10,10,0.010442536,[10],,,340.62508089986994,1,3086,frequency,30109-dc257,chr8n.tar.gz,3,individuals_merge,,,16205.957596935741,0.06009477445182543,2765.4504293242962,0.06009477445182543
1,1,1208.6111471160077,3.5569896697998047,10,10,0.010442536,[10],,,340.62508089986994,1,3086,frequency,30109-dc257,sifted.SIFT.chr8.txt,3,sifting,,,16205.957596935741,0.06009477445182543,2765.4504293242962,0.06009477445182543
0,0,2659.057494184114,7.6304473876953125,10,10,0.019251426,[10],,,396.3575159416925,1,3009,frequency,30109-dc257,chr8-AFR-freq.tar.gz,3,initial_data,,,1587.5530483833331,0.5322452780547247,2829.7612964837595,0.5322452780547247
1,0,1208.6111471160077,3.5569896697998047,10,10,0.010442536,[10],,,340.62508089986994,1,3086,frequency,30109-dc257,columns.txt,3,initial_data,,,16205.957596935741,0.06009477445182543,2765.4504293242962,0.06009477445182543
0,0,107748.0,0.10275650024414062,300,300,5.387e-05,[10],,,1907.490258847979,1,1,individuals,31366-dc155,chr6n-1401-1601.tar.gz,1,,,,1888.3297771749267,0.09923789828431373,3842.013046008399,0.09923789828431373
1,1,8191.92760505042,2421.806722640991,300,300,19.789233558,[10],,,122.38001616095693,1,309994,individuals,31366-dc155,columns.txt,1,initial_data,,,24820.168804074146,0.003921499315497109,3876.935129166358,0.003921499315497109
1,1,8191.92760505042,2421.806722640991,300,300,19.789233558,[10],,,122.38001616095693,1,309994,individuals,31366-dc155,ALL.chr6.250000.vcf,1,initial_data,,,24820.168804074146,0.003921499315497109,3876.935129166358,0.003921499315497109
0,0,70542.0,0.06727409362792969,300,300,4.412e-05,[10],,,1524.798132999313,1,1,individuals,312-dc148,chr5n-2001-2201.tar.gz,1,,,,1883.848367300388,0.0636163449754902,3815.5480626000826,0.0636163449754902
1,1,8191.929237568348,2421.8150177001953,300,300,19.605164755,[10],,,123.52943971473374,1,309995,individuals,312-dc148,columns.txt,1,initial_data,,,24820.170361208417,0.00392150087849298,3876.9354924950358,0.00392150087849298
1,1,8191.929237568348,2421.8150177001953,300,300,19.605164755,[10],,,123.52943971473374,1,309995,individuals,312-dc148,ALL.chr5.250000.vcf,1,initial_data,,,24820.170361208417,0.00392150087849298,3876.9354924950358,0.00392150087849298
0,0,1966.81709344862,5.6402387619018555,10,10,0.016545911,[10],,,340.88414726163194,1,3007,frequency,33028-dc155,chr6-ALL-freq.tar.gz,3,initial_data,,,1556.292937769011,0.306906605940306,2799.0682468527984,0.306906605940306
1,0,1156.0682473566164,3.44094181060791,10,10,0.009891504,[10],,,347.86841420757753,1,3121,frequency,33028-dc155,columns.txt,3,initial_data,,,16149.359149040352,0.04299096593639858,2763.1207662858706,0.04299096593639858
1,1,1156.0682473566164,3.44094181060791,10,10,0.009891504,[10],,,347.86841420757753,1,3121,frequency,33028-dc155,chr6n.tar.gz,3,individuals_merge,,,16149.359149040352,0.04299096593639858,2763.1207662858706,0.04299096593639858
1,1,1156.0682473566164,3.44094181060791,10,10,0.009891504,[10],,,347.86841420757753,1,3121,frequency,33028-dc155,sifted.SIFT.chr6.txt,3,sifting,,,16149.359149040352,0.04299096593639858,2763.1207662858706,0.04299096593639858
0,0,92242.0,0.08796882629394531,300,300,4.934e-05,[10],,,1782.9109504245098,1,1,individuals,31483-dc155,chr6n-2001-2201.tar.gz,1,,,,1886.4621014905047,0.08439223345588236,3830.983480004815,0.08439223345588236
1,1,8191.92760505042,2421.806722640991,300,300,19.760717219,[10],,,122.556620582193,1,309994,individuals,31483-dc155,columns.txt,1,initial_data,,,24820.168804074146,0.003921499315497109,3876.935129166358,0.003921499315497109
1,1,8191.92760505042,2421.806722640991,300,300,19.760717219,[10],,,122.556620582193,1,309994,individuals,31483-dc155,ALL.chr6.250000.vcf,1,initial_data,,,24820.168804074146,0.003921499315497109,3876.935129166358,0.003921499315497109
1,1,8191.928799979357,2422.0726985931396,300,300,20.223645272,[10],,,119.76439786285923,1,310028,individuals,194647-dc273,ALL.chr10.250000.vcf,1,initial_data,,,24820.218576395022,0.003921500459539059,3876.94674269422,0.003921500459539059
1,1,8191.928799979357,2422.0726985931396,300,300,20.223645272,[10],,,119.76439786285923,1,310028,individuals,194647-dc273,columns.txt,1,initial_data,,,24820.218576395022,0.003921500459539059,3876.94674269422,0.003921500459539059
0,0,81659.0,0.07787609100341797,300,300,3.6639e-05,[10],,,2125.497175234531,1,1,individuals,194647-dc273,chr10n-5801-6001.tar.gz,1,,,,1885.187394166357,0.07425991881127451,3823.455690954387,0.07425991881127451
1,1,1189.7252106286455,3.5014076232910156,10,10,0.009925732,[10],,,352.76064508804143,1,3086,frequency,30115-dc257,chr8n.tar.gz,3,individuals_merge,,,16185.617934456128,0.053947008668178885,2764.613050382046,0.053947008668178885
1,1,1189.7252106286455,3.5014076232910156,10,10,0.009925732,[10],,,352.76064508804143,1,3086,frequency,30115-dc257,sifted.SIFT.chr8.txt,3,sifting,,,16185.617934456128,0.053947008668178885,2764.613050382046,0.053947008668178885
0,0,2032.0285999334885,5.827245712280273,10,10,0.015992984,[10],,,364.3626300307856,1,3007,frequency,30115-dc257,chr8-GBR-freq.tar.gz,3,initial_data,,,1559.2377725656213,0.32813430987418246,2801.959640939105,0.32813430987418246
1,0,1189.7252106286455,3.5014076232910156,10,10,0.009925732,[10],,,352.76064508804143,1,3086,frequency,30115-dc257,columns.txt,3,initial_data,,,16185.617934456128,0.053947008668178885,2764.613050382046,0.053947008668178885
0,0,97198.0,0.09269523620605469,300,300,4.521e-05,[10],,,2050.325950144983,1,1,individuals,15876-dc177,chr7n-2401-2601.tar.gz,1,,,,1887.059044653925,0.08913717830882353,3834.5087301733797,0.08913717830882353
1,1,8191.911930553494,2421.802088737488,300,300,19.752027273,[10],,,122.61030502159979,1,309994,individuals,15876-dc177,columns.txt,1,initial_data,,,24820.167889117023,0.003921484308510928,3876.934915698439,0.003921484308510928
1,1,8191.911930553494,2421.802088737488,300,300,19.752027273,[10],,,122.61030502159979,1,309994,individuals,15876-dc177,ALL.chr7.250000.vcf,1,initial_data,,,24820.167889117023,0.003921484308510928,3876.934915698439,0.003921484308510928
1,1,8191.930583199192,2421.8310403823853,300,300,19.585600396,[10],,,123.65365326645794,1,309997,individuals,39875-dc146,columns.txt,1,initial_data,,,24820.173363437512,0.00392150216681908,3876.9361930125574,0.00392150216681908
1,1,8191.930583199192,2421.8310403823853,300,300,19.585600396,[10],,,123.65365326645794,1,309997,individuals,39875-dc146,ALL.chr4.250000.vcf,1,initial_data,,,24820.173363437512,0.00392150216681908,3876.9361930125574,0.00392150216681908
0,0,88861.0,0.08474445343017578,300,300,4.4629e-05,[10],,,1898.865164583024,1,1,individuals,39875-dc146,chr4n-5401-5601.tar.gz,1,,,,1886.0548648408833,0.08115521599264706,3828.5785423898196,0.08115521599264706
1,0,1500.5550031075202,4.60508918762207,10,10,0.010434718,[10],,,441.32377967685085,1,3218,frequency,17878-dc026,columns.txt,3,initial_data,,,16520.31914597952,0.15512858174072922,2778.394973461698,0.15512858174072922
1,1,1500.5550031075202,4.60508918762207,10,10,0.010434718,[10],,,441.32377967685085,1,3218,frequency,17878-dc026,sifted.SIFT.chr1.txt,3,sifting,,,16520.31914597952,0.15512858174072922,2778.394973461698,0.15512858174072922
1,1,1500.5550031075202,4.60508918762207,10,10,0.010434718,[10],,,441.32377967685085,1,3218,frequency,17878-dc026,chr1n.tar.gz,3,individuals_merge,,,16520.31914597952,0.15512858174072922,2778.394973461698,0.15512858174072922
0,0,3454.953503819329,9.920945167541504,10,10,0.017475654,[10],,,567.7009379758551,1,3011,frequency,17878-dc026,chr1-ALL-freq.tar.gz,3,initial_data,,,1623.4939255120862,0.7913260103578544,2865.0503039892956,0.7913260103578544
1,1,8191.811959383227,1287.9235610961914,10,10,10.176829089,[10],,,126.5545043385165,1,164858,sifting,40333-dc146,ALL.chr4.phase3_shapeit2_mvncall_integrated_v5.20130502.sites.annotation.vcf,2,initial_data,,,24607.999426419818,0.003921388594691356,3827.428992402839,0.003921388594691356
0,0,621778.0,0.5929737091064453,10,10,0.000168008,[10],,,3529.4373429029883,1,1,sifting,40333-dc146,sifted.SIFT.chr4.txt,2,,,,1950.2439608498485,0.5913775275735295,4207.64749801552,0.5913775275735295
1,1,8191.912230276168,2421.794364929199,300,300,19.730844158,[10],,,122.74154848804413,1,309993,individuals,25174-dc135,columns.txt,1,initial_data,,,24820.166444775197,0.003921484595469676,3876.9345786852778,0.003921484595469676
1,1,8191.912230276168,2421.794364929199,300,300,19.730844158,[10],,,122.74154848804413,1,309993,individuals,25174-dc135,ALL.chr3.250000.vcf,1,initial_data,,,24820.166444775197,0.003921484595469676,3876.9345786852778,0.003921484595469676
0,0,88243.0,0.08415508270263672,300,300,4.2969e-05,[10],,,1958.5068934030746,1,1,individuals,25174-dc135,chr3n-4001-4201.tar.gz,1,,,,1885.980427618326,0.08056353400735294,3828.1389530830857,0.08056353400735294
0,0,703807.0,0.6712026596069336,10,10,0.000202048,[10],,,3321.996058396686,1,1,sifting,16492-dc177,sifted.SIFT.chr7.txt,2,,,,1960.124237434231,0.6699132582720588,4265.995509734082,0.6699132582720588
1,1,8191.810035663338,1095.2871007919312,10,10,8.748119131,[10],,,125.20258176533642,1,140200,sifting,16492-dc177,ALL.chr7.phase3_shapeit2_mvncall_integrated_v5.20130502.sites.annotation.vcf,2,initial_data,,,24571.953828510872,0.003921386752894587,3819.018361590915,0.003921386752894587
0,0,84881.0,0.0809488296508789,300,300,4.7489e-05,[10],,,1704.5806323754746,1,1,individuals,6798-dc111,chr2n-4601-4801.tar.gz,1,,,,1885.5754794917284,0.07734470741421569,3825.747530349689,0.07734470741421569
1,1,8191.921474379654,2421.75803565979,300,300,19.618230389,[10],,,123.44426523901345,1,309988,individuals,6798-dc111,columns.txt,1,initial_data,,,24820.15967517859,0.003921493445905765,3876.9329991014793,0.003921493445905765
1,1,8191.921474379654,2421.75803565979,300,300,19.618230389,[10],,,123.44426523901345,1,309988,individuals,6798-dc111,ALL.chr2.250000.vcf,1,initial_data,,,24820.15967517859,0.003921493445905765,3876.9329991014793,0.003921493445905765
0,0,83561.0,0.07968997955322266,300,300,3.996e-05,[10],,,1994.2437325631297,1,1,individuals,195097-dc260,chr9n-5601-5801.tar.gz,1,,,,1885.4164873658779,0.0760809206495098,3824.8086017333644,0.0760809206495098
1,1,8191.922137163246,2421.703544616699,300,300,19.950934109,[10],,,121.38296539830948,1,309981,individuals,195097-dc260,columns.txt,1,initial_data,,,24820.14948099236,0.003921494080464198,3876.9306204595614,0.003921494080464198
1,1,8191.922137163246,2421.703544616699,300,300,19.950934109,[10],,,121.38296539830948,1,309981,individuals,195097-dc260,ALL.chr9.250000.vcf,1,initial_data,,,24820.14948099236,0.003921494080464198,3876.9306204595614,0.003921494080464198
1,1,8191.92760505042,2421.806722640991,300,300,19.826875565,[10],,,122.14767347993849,1,309994,individuals,31491-dc155,ALL.chr6.250000.vcf,1,initial_data,,,24820.168804074146,0.003921499315497109,3876.935129166358,0.003921499315497109
1,1,8191.92760505042,2421.806722640991,300,300,19.826875565,[10],,,122.14767347993849,1,309994,individuals,31491-dc155,columns.txt,1,initial_data,,,24820.168804074146,0.003921499315497109,3876.935129166358,0.003921499315497109
0,0,94161.0,0.0897989273071289,300,300,4.5339e-05,[10],,,1980.6111142091556,1,1,individuals,31491-dc155,chr6n-2601-2801.tar.gz,1,,,,1886.6932423158892,0.08622951133578431,3832.348483046275,0.08622951133578431
0,0,3065.6308970099667,8.800076484680176,10,10,0.018050188,[10],,,487.533785502964,1,3010,frequency,30121-dc257,chr8-ALL-freq.tar.gz,3,initial_data,,,1605.9130102538243,0.6645933909537652,2847.7882390400555,0.6645933909537652
1,0,1214.0230071289695,3.5729169845581055,10,10,0.010208345,[10],,,349.99963114080737,1,3086,frequency,30121-dc257,columns.txt,3,initial_data,,,16211.786029437575,0.06185644763312811,2765.6903844685003,0.06185644763312811
1,1,1214.0230071289695,3.5729169845581055,10,10,0.010208345,[10],,,349.99963114080737,1,3086,frequency,30121-dc257,sifted.SIFT.chr8.txt,3,sifting,,,16211.786029437575,0.06185644763312811,2765.6903844685003,0.06185644763312811
1,1,1214.0230071289695,3.5729169845581055,10,10,0.010208345,[10],,,349.99963114080737,1,3086,frequency,30121-dc257,chr8n.tar.gz,3,individuals_merge,,,16211.786029437575,0.06185644763312811,2765.6903844685003,0.06185644763312811
1,0,45248.932692307695,4.487885475158691,10,10,0.00092084,[10],,,4873.686498369631,1,104,mutation_overlap,196621-dc260,columns.txt,3,initial_data,,,24481.029008854828,0.039400402776795816,3797.750921913884,0.039400402776795816
1,1,45248.932692307695,4.487885475158691,10,10,0.00092084,[10],,,4873.686498369631,1,104,mutation_overlap,196621-dc260,sifted.SIFT.chr9.txt,3,sifting,,,24481.029008854828,0.039400402776795816,3797.750921913884,0.039400402776795816
0,0,214835.11111111112,1.8439445495605469,10,10,0.00069003,[10],,,2672.2672196289245,1,9,mutation_overlap,196621-dc260,chr9-AFR.tar.gz,3,initial_data,,,1901.1692483812424,0.20176462077886712,3918.256694134925,0.20176462077886712
1,1,45248.932692307695,4.487885475158691,10,10,0.00092084,[10],,,4873.686498369631,1,104,mutation_overlap,196621-dc260,chr9n.tar.gz,3,individuals_merge,,,24481.029008854828,0.039400402776795816,3797.750921913884,0.039400402776795816
1,1,8191.928799979357,2422.0726985931396,300,300,20.189674186,[10],,,119.9659130840587,1,310028,individuals,194623-dc273,ALL.chr10.250000.vcf,1,initial_data,,,24820.218576395022,0.003921500459539059,3876.94674269422,0.003921500459539059
1,1,8191.928799979357,2422.0726985931396,300,300,20.189674186,[10],,,119.9659130840587,1,310028,individuals,194623-dc273,columns.txt,1,initial_data,,,24820.218576395022,0.003921500459539059,3876.94674269422,0.003921500459539059
0,0,84149.0,0.08025074005126953,300,300,4.033e-05,[10],,,1989.8522204629191,1,1,individuals,194623-dc273,chr10n-1001-1201.tar.gz,1,,,,1885.4873111310294,0.07664388020833333,3825.2268517533635,0.07664388020833333
1,1,8191.92760505042,2421.806722640991,300,300,19.776649427,[10],,,122.45788810589059,1,309994,individuals,31495-dc155,columns.txt,1,initial_data,,,24820.168804074146,0.003921499315497109,3876.935129166358,0.003921499315497109
0,0,87912.0,0.08383941650390625,300,300,4.5609e-05,[10],,,1838.2208885067912,1,1,individuals,31495-dc155,chr6n-5801-6001.tar.gz,1,,,,1885.9405591382836,0.08024662990196078,3827.9035096194466,0.08024662990196078
1,1,8191.92760505042,2421.806722640991,300,300,19.776649427,[10],,,122.45788810589059,1,309994,individuals,31495-dc155,ALL.chr6.250000.vcf,1,initial_data,,,24820.168804074146,0.003921499315497109,3876.935129166358,0.003921499315497109
0,0,89144.0,0.08501434326171875,300,300,4.28e-05,[10],,,1986.316431348569,1,1,individuals,28555-dc257,chr8n-5001-5201.tar.gz,1,,,,1886.088951789077,0.08142616421568627,3828.7798429946833,0.08142616421568627
1,1,8191.922788330022,2421.789673805237,300,300,19.966751345,[10],,,121.29112202379845,1,309992,individuals,28555-dc257,ALL.chr8.250000.vcf,1,initial_data,,,24820.165599232438,0.003921494703900527,3876.9343813774494,0.003921494703900527
1,1,8191.922788330022,2421.789673805237,300,300,19.966751345,[10],,,121.29112202379845,1,309992,individuals,28555-dc257,columns.txt,1,initial_data,,,24820.165599232438,0.003921494703900527,3876.9343813774494,0.003921494703900527
1,1,8191.922788330022,2421.789673805237,300,300,19.971010842,[10],,,121.2652525685929,1,309992,individuals,28582-dc257,ALL.chr8.250000.vcf,1,initial_data,,,24820.165599232438,0.003921494703900527,3876.9343813774494,0.003921494703900527
1,1,8191.922788330022,2421.789673805237,300,300,19.971010842,[10],,,121.2652525685929,1,309992,individuals,28582-dc257,columns.txt,1,initial_data,,,24820.165599232438,0.003921494703900527,3876.9343813774494,0.003921494703900527
0,0,85599.0,0.0816335678100586,300,300,4.0409e-05,[10],,,2020.1828258570763,1,1,individuals,28582-dc257,chr8n-2001-2201.tar.gz,1,,,,1885.6619615723046,0.07803213082107843,3826.2582506122053,0.07803213082107843
1,1,8191.930583199192,2421.8310403823853,300,300,19.830903969,[10],,,122.12408693866058,1,309997,individuals,39870-dc146,columns.txt,1,initial_data,,,24820.173363437512,0.00392150216681908,3876.9361930125574,0.00392150216681908
0,0,83886.0,0.07999992370605469,300,300,4.7669e-05,[10],,,1678.23792624252,1,1,individuals,39870-dc146,chr4n-4801-5001.tar.gz,1,,,,1885.4556331544395,0.07639208026960784,3825.0397773396567,0.07639208026960784
1,1,8191.930583199192,2421.8310403823853,300,300,19.830903969,[10],,,122.12408693866058,1,309997,individuals,39870-dc146,ALL.chr4.250000.vcf,1,initial_data,,,24820.173363437512,0.00392150216681908,3876.9361930125574,0.00392150216681908
0,0,86895.0,0.0828695297241211,300,300,4.2539e-05,[10],,,1948.083634408921,1,1,individuals,25176-dc135,chr3n-601-801.tar.gz,1,,,,1885.8180629322303,0.07927293964460784,3827.180107799142,0.07927293964460784
1,1,8191.912230276168,2421.794364929199,300,300,19.664878707,[10],,,123.15328261176238,1,309993,individuals,25176-dc135,columns.txt,1,initial_data,,,24820.166444775197,0.003921484595469676,3876.9345786852778,0.003921484595469676
1,1,8191.912230276168,2421.794364929199,300,300,19.664878707,[10],,,123.15328261176238,1,309993,individuals,25176-dc135,ALL.chr3.250000.vcf,1,initial_data,,,24820.166444775197,0.003921484595469676,3876.9345786852778,0.003921484595469676
1,1,8191.929237568348,2421.8150177001953,300,300,19.591983875,[10],,,123.61254649614676,1,309995,individuals,65483-dc148,ALL.chr5.250000.vcf,1,initial_data,,,24820.170361208417,0.00392150087849298,3876.9354924950358,0.00392150087849298
0,0,77138.0,0.07356452941894531,300,300,4.218e-05,[10],,,1744.0618638915437,1,1,individuals,65483-dc148,chr5n-4001-4201.tar.gz,1,,,,1884.6428461353191,0.06993144914215686,3820.239860443475,0.06993144914215686
1,1,8191.929237568348,2421.8150177001953,300,300,19.591983875,[10],,,123.61254649614676,1,309995,individuals,65483-dc148,columns.txt,1,initial_data,,,24820.170361208417,0.00392150087849298,3876.9354924950358,0.00392150087849298
0,0,94981.0,0.09058094024658203,300,300,4.281e-05,[10],,,2115.882743438029,1,1,individuals,28542-dc257,chr8n-3801-4001.tar.gz,1,,,,1886.7920101516445,0.08701459099264706,3832.931756883689,0.08701459099264706
1,1,8191.922788330022,2421.789673805237,300,300,19.968272473,[10],,,121.28188240018498,1,309992,individuals,28542-dc257,columns.txt,1,initial_data,,,24820.165599232438,0.003921494703900527,3876.9343813774494,0.003921494703900527
1,1,8191.922788330022,2421.789673805237,300,300,19.968272473,[10],,,121.28188240018498,1,309992,individuals,28542-dc257,ALL.chr8.250000.vcf,1,initial_data,,,24820.165599232438,0.003921494703900527,3876.9343813774494,0.003921494703900527
1,1,961.3182698515171,2.840198516845703,10,10,0.010127975,[10],,,280.431035507661,1,3098,frequency,196183-dc273,sifted.SIFT.chr10.txt,3,sifting,,,6750.399080515157,0.9347065310953303,1868.449384580601,0.9347065310953303
1,1,961.3182698515171,2.840198516845703,10,10,0.010127975,[10],,,280.431035507661,1,3098,frequency,196183-dc273,chr10n.tar.gz,3,individuals_merge,,,6750.399080515157,0.9347065310953303,1868.449384580601,0.9347065310953303
1,0,961.3182698515171,2.840198516845703,10,10,0.010127975,[10],,,280.431035507661,1,3098,frequency,196183-dc273,columns.txt,3,initial_data,,,6750.399080515157,0.9347065310953303,1868.449384580601,0.9347065310953303
0,0,1276.0029950083194,3.6567583084106445,10,10,0.015940873,[10],,,229.3951095658716,1,3005,frequency,196183-dc273,chr10-SAS-freq.tar.gz,3,initial_data,,,1525.0971190541452,0.08203222493760398,2768.4384392535276,0.08203222493760398
1,1,1151.0182633771228,3.4259109497070312,10,10,0.010239438,[10],,,334.579978872574,1,3121,frequency,32999-dc155,sifted.SIFT.chr6.txt,3,sifting,,,16143.920496152592,0.04134709094307384,2762.8968561710553,0.04134709094307384
0,0,1583.718895542249,4.540118217468262,10,10,0.016299995,[10],,,278.5349454075453,1,3006,frequency,32999-dc155,chr6-AMR-freq.tar.gz,3,initial_data,,,1538.9929767216408,0.18220016130932581,2782.0821659542253,0.18220016130932581
1,0,1151.0182633771228,3.4259109497070312,10,10,0.010239438,[10],,,334.579978872574,1,3121,frequency,32999-dc155,columns.txt,3,initial_data,,,16143.920496152592,0.04134709094307384,2762.8968561710553,0.04134709094307384
1,1,1151.0182633771228,3.4259109497070312,10,10,0.010239438,[10],,,334.579978872574,1,3121,frequency,32999-dc155,chr6n.tar.gz,3,individuals_merge,,,16143.920496152592,0.04134709094307384,2762.8968561710553,0.04134709094307384
0,0,103825.0,0.0990152359008789,300,300,4.6199e-05,[10],,,2143.233314592933,1,1,individuals,28372-dc257,chr8n-201-401.tar.gz,1,,,,1887.8572573948425,0.09548196231617648,3839.2225786130643,0.09548196231617648
1,1,8191.922788330022,2421.789673805237,300,300,19.970540692,[10],,,121.26810741661,1,309992,individuals,28372-dc257,columns.txt,1,initial_data,,,24820.165599232438,0.003921494703900527,3876.9343813774494,0.003921494703900527
1,1,8191.922788330022,2421.789673805237,300,300,19.970540692,[10],,,121.26810741661,1,309992,individuals,28372-dc257,ALL.chr8.250000.vcf,1,initial_data,,,24820.165599232438,0.003921494703900527,3876.9343813774494,0.003921494703900527
1,1,8191.930583199192,2421.8310403823853,300,300,19.74745043,[10],,,122.64018836088225,1,309997,individuals,39752-dc146,columns.txt,1,initial_data,,,24820.173363437512,0.00392150216681908,3876.9361930125574,0.00392150216681908
1,1,8191.930583199192,2421.8310403823853,300,300,19.74745043,[10],,,122.64018836088225,1,309997,individuals,39752-dc146,ALL.chr4.250000.vcf,1,initial_data,,,24820.173363437512,0.00392150216681908,3876.9361930125574,0.00392150216681908
0,0,74416.0,0.0709686279296875,300,300,3.774e-05,[10],,,1880.4617893398913,1,1,individuals,39752-dc146,chr4n-4201-4401.tar.gz,1,,,,1884.314985100043,0.06732536764705882,3818.303675827084,0.06732536764705882
1,1,32014.339805825242,3.144719123840332,10,10,0.000634316,[10],,,4957.653793756317,1,103,mutation_overlap,196189-dc273,chr10n.tar.gz,3,individuals_merge,,,24440.355659310706,0.026729415408457073,3788.278937071459,0.026729415408457073
0,0,210026.75,1.602376937866211,10,10,0.000516414,[10],,,3102.8921327969633,1,8,mutation_overlap,196189-dc273,chr10-AFR.tar.gz,3,initial_data,,,1900.598621352397,0.1971610274969363,3914.826114135384,0.1971610274969363
1,0,32014.339805825242,3.144719123840332,10,10,0.000634316,[10],,,4957.653793756317,1,103,mutation_overlap,196189-dc273,columns.txt,3,initial_data,,,24440.355659310706,0.026729415408457073,3788.278937071459,0.026729415408457073
1,1,32014.339805825242,3.144719123840332,10,10,0.000634316,[10],,,4957.653793756317,1,103,mutation_overlap,196189-dc273,sifted.SIFT.chr10.txt,3,sifting,,,24440.355659310706,0.026729415408457073,3788.278937071459,0.026729415408457073
1,1,34963.028846153844,3.467707633972168,10,10,0.000650958,[10],,,5327.083519938565,1,104,mutation_overlap,196641-dc260,chr9n.tar.gz,3,individuals_merge,,,24449.42218849161,0.029552532213305994,3790.390346873522,0.029552532213305994
0,0,78200.77777777778,0.6712026596069336,10,10,0.000273379,[10],,,2455.20928676648,1,9,mutation_overlap,196641-dc260,chr9-GBR.tar.gz,3,initial_data,,,1884.7493729714236,0.07094896769471677,3821.021873440661,0.07094896769471677
1,1,34963.028846153844,3.467707633972168,10,10,0.000650958,[10],,,5327.083519938565,1,104,mutation_overlap,196641-dc260,sifted.SIFT.chr9.txt,3,sifting,,,24449.42218849161,0.029552532213305994,3790.390346873522,0.029552532213305994
1,0,34963.028846153844,3.467707633972168,10,10,0.000650958,[10],,,5327.083519938565,1,104,mutation_overlap,196641-dc260,columns.txt,3,initial_data,,,24449.42218849161,0.029552532213305994,3790.390346873522,0.029552532213305994
0,0,94985.0,0.09058475494384766,300,300,4.664e-05,[10],,,1942.2117269264077,1,1,individuals,195086-dc260,chr9n-2001-2201.tar.gz,1,,,,1886.7924919459654,0.0870184206495098,3832.9346021219203,0.0870184206495098
1,1,8191.922137163246,2421.703544616699,300,300,19.949803679,[10],,,121.38984340812767,1,309981,individuals,195086-dc260,columns.txt,1,initial_data,,,24820.14948099236,0.003921494080464198,3876.9306204595614,0.003921494080464198
1,1,8191.922137163246,2421.703544616699,300,300,19.949803679,[10],,,121.38984340812767,1,309981,individuals,195086-dc260,ALL.chr9.250000.vcf,1,initial_data,,,24820.14948099236,0.003921494080464198,3876.9306204595614,0.003921494080464198
0,0,103663.0,0.0988607406616211,300,300,4.532e-05,[10],,,2181.393218482372,1,1,individuals,195109-dc260,chr9n-3801-4001.tar.gz,1,,,,1887.8377447248517,0.09532686121323529,3839.1073464646975,0.09532686121323529
1,1,8191.922137163246,2421.703544616699,300,300,19.951294119,[10],,,121.38077511024532,1,309981,individuals,195109-dc260,ALL.chr9.250000.vcf,1,initial_data,,,24820.14948099236,0.003921494080464198,3876.9306204595614,0.003921494080464198
1,1,8191.922137163246,2421.703544616699,300,300,19.951294119,[10],,,121.38077511024532,1,309981,individuals,195109-dc260,columns.txt,1,initial_data,,,24820.14948099236,0.003921494080464198,3876.9306204595614,0.003921494080464198
0,0,671.7482517482517,1.9238090515136719,10,10,0.015480348,[10],,,124.2742767484085,1,3003,frequency,26714-dc135,chr3-SAS-freq.tar.gz,3,initial_data,,,686.3072674352703,0.6330710955710955,1664.0344103333628,0.6330710955710955
1,0,1239.74112,3.694716453552246,10,10,0.010860098,[10],,,340.21023139498794,1,3125,frequency,26714-dc135,columns.txt,3,initial_data,,,16239.470491058972,0.07022822916666664,2766.8307220662937,0.07022822916666664
1,1,1239.74112,3.694716453552246,10,10,0.010860098,[10],,,340.21023139498794,1,3125,frequency,26714-dc135,chr3n.tar.gz,3,individuals_merge,,,16239.470491058972,0.07022822916666664,2766.8307220662937,0.07022822916666664
1,1,1239.74112,3.694716453552246,10,10,0.010860098,[10],,,340.21023139498794,1,3125,frequency,26714-dc135,sifted.SIFT.chr3.txt,3,sifting,,,16239.470491058972,0.07022822916666664,2766.8307220662937,0.07022822916666664
1,1,8191.921474379654,2421.75803565979,300,300,19.65053759,[10],,,123.2413120795333,1,309988,individuals,6811-dc111,columns.txt,1,initial_data,,,24820.15967517859,0.003921493445905765,3876.9329991014793,0.003921493445905765
0,0,88261.0,0.08417224884033203,300,300,4.1059e-05,[10],,,2050.0316335110947,1,1,individuals,6811-dc111,chr2n-4201-4401.tar.gz,1,,,,1885.9825956927696,0.0805807674632353,3828.1517566551265,0.0805807674632353
1,1,8191.921474379654,2421.75803565979,300,300,19.65053759,[10],,,123.2413120795333,1,309988,individuals,6811-dc111,ALL.chr2.250000.vcf,1,initial_data,,,24820.15967517859,0.003921493445905765,3876.9329991014793,0.003921493445905765
0,0,171632.875,1.3094549179077148,10,10,0.00059547,[10],,,2199.027520962794,1,8,mutation_overlap,33031-dc155,chr6-EAS.tar.gz,3,initial_data,,,1895.9833627062349,0.1604021857766544,3887.5049933708297,0.1604021857766544
1,1,27408.25396825397,3.29345703125,10,10,0.000778472,[10],,,4230.668580565518,1,126,mutation_overlap,33031-dc155,sifted.SIFT.chr6.txt,3,sifting,,,24426.315260929965,0.022319483348895115,3785.0092699702705,0.022319483348895115
1,0,27408.25396825397,3.29345703125,10,10,0.000778472,[10],,,4230.668580565518,1,126,mutation_overlap,33031-dc155,columns.txt,3,initial_data,,,24426.315260929965,0.022319483348895115,3785.0092699702705,0.022319483348895115
1,1,27408.25396825397,3.29345703125,10,10,0.000778472,[10],,,4230.668580565518,1,126,mutation_overlap,33031-dc155,chr6n.tar.gz,3,individuals_merge,,,24426.315260929965,0.022319483348895115,3785.0092699702705,0.022319483348895115
1,1,8191.922137163246,2421.703544616699,300,300,19.973572799,[10],,,121.2453860401953,1,309981,individuals,195101-dc260,columns.txt,1,initial_data,,,24820.14948099236,0.003921494080464198,3876.9306204595614,0.003921494080464198
1,1,8191.922137163246,2421.703544616699,300,300,19.973572799,[10],,,121.2453860401953,1,309981,individuals,195101-dc260,ALL.chr9.250000.vcf,1,initial_data,,,24820.14948099236,0.003921494080464198,3876.9306204595614,0.003921494080464198
0,0,97319.0,0.09281063079833984,300,300,4.32e-05,[10],,,2148.394231443052,1,1,individuals,195101-dc260,chr9n-1401-1601.tar.gz,1,,,,1887.073618932128,0.08925302542892156,3834.594798629876,0.08925302542892156
1,1,1557.3771336553946,4.611640930175781,10,10,0.010234807,[10],,,450.5840637909226,1,3105,frequency,17561-dc177,sifted.SIFT.chr7.txt,3,sifting,,,16581.56136936486,0.17362536902844874,2780.9142969445475,0.17362536902844874
1,1,1557.3771336553946,4.611640930175781,10,10,0.010234807,[10],,,450.5840637909226,1,3105,frequency,17561-dc177,chr7n.tar.gz,3,individuals_merge,,,16581.56136936486,0.17362536902844874,2780.9142969445475,0.17362536902844874
0,0,630.1411921411922,1.8046512603759766,10,10,0.015401631,[10],,,117.17273711959315,1,3003,frequency,17561-dc177,chr7-AFR-freq.tar.gz,3,initial_data,,,674.4405799123156,0.5897304084804085,1634.6629779435762,0.5897304084804085
1,0,1557.3771336553946,4.611640930175781,10,10,0.010234807,[10],,,450.5840637909226,1,3105,frequency,17561-dc177,columns.txt,3,initial_data,,,16581.56136936486,0.17362536902844874,2780.9142969445475,0.17362536902844874
1,1,32764.632714105792,1190.8776111602783,10,10,0.179235219,[10],,,6644.216565273806,1,38112,sifting,845-dc148,ALL.chr5.phase3_shapeit2_mvncall_integrated_v5.20130502.sites.annotation.vcf,2,initial_data,,,24664.892490815702,0.027447756504773466,3840.66976407775,0.027447756504773466
1,1,27383.825396825396,3.2905216217041016,10,10,0.00149905,[10],,,2195.071292954939,1,126,mutation_overlap,33026-dc155,chr6n.tar.gz,3,individuals_merge,,,24426.2401002115,0.02229609508734049,3784.991766549253,0.02229609508734049
0,0,171096.375,1.3053617477416992,10,10,0.000476715,[10],,,2738.243495047773,1,8,mutation_overlap,33026-dc155,chr6-EUR.tar.gz,3,initial_data,,,1895.9188710063563,0.15988853304993872,3887.1232194214645,0.15988853304993872
1,1,27383.825396825396,3.2905216217041016,10,10,0.00149905,[10],,,2195.071292954939,1,126,mutation_overlap,33026-dc155,sifted.SIFT.chr6.txt,3,sifting,,,24426.2401002115,0.02229609508734049,3784.991766549253,0.02229609508734049
1,0,27383.825396825396,3.2905216217041016,10,10,0.00149905,[10],,,2195.071292954939,1,126,mutation_overlap,33026-dc155,columns.txt,3,initial_data,,,24426.2401002115,0.02229609508734049,3784.991766549253,0.02229609508734049
1,0,1202.8518049398353,3.6226329803466797,10,10,0.009907166,[10],,,365.6578460829948,1,3158,frequency,8378-dc111,columns.txt,3,initial_data,,,16199.731152867056,0.05821998858718599,2765.1951182121466,0.05821998858718599
1,1,1202.8518049398353,3.6226329803466797,10,10,0.009907166,[10],,,365.6578460829948,1,3158,frequency,8378-dc111,chr2n.tar.gz,3,individuals_merge,,,16199.731152867056,0.05821998858718599,2765.1951182121466,0.05821998858718599
1,1,1202.8518049398353,3.6226329803466797,10,10,0.009907166,[10],,,365.6578460829948,1,3158,frequency,8378-dc111,sifted.SIFT.chr2.txt,3,sifting,,,16199.731152867056,0.05821998858718599,2765.1951182121466,0.05821998858718599
0,0,1936.417692051879,5.553062438964844,10,10,0.017988869,[10],,,308.6943619949005,1,3007,frequency,8378-dc111,chr2-AMR-freq.tar.gz,3,initial_data,,,1554.9201552670452,0.2970109674648043,2797.7203766046823,0.2970109674648043
1,1,8191.922788330022,2421.789673805237,300,300,19.97662264,[10],,,121.23118694528421,1,309992,individuals,28376-dc257,ALL.chr8.250000.vcf,1,initial_data,,,24820.165599232438,0.003921494703900527,3876.9343813774494,0.003921494703900527
0,0,87365.0,0.08331775665283203,300,300,3.9939e-05,[10],,,2086.1252573382417,1,1,individuals,28376-dc257,chr8n-3201-3401.tar.gz,1,,,,1885.8746737649196,0.0797229243259804,3827.514423291318,0.0797229243259804
1,1,8191.922788330022,2421.789673805237,300,300,19.97662264,[10],,,121.23118694528421,1,309992,individuals,28376-dc257,columns.txt,1,initial_data,,,24820.165599232438,0.003921494703900527,3876.9343813774494,0.003921494703900527
1,1,8191.922137163246,2421.703544616699,300,300,19.932872138,[10],,,121.49295534786313,1,309981,individuals,195105-dc260,ALL.chr9.250000.vcf,1,initial_data,,,24820.14948099236,0.003921494080464198,3876.9306204595614,0.003921494080464198
1,1,8191.922137163246,2421.703544616699,300,300,19.932872138,[10],,,121.49295534786313,1,309981,individuals,195105-dc260,columns.txt,1,initial_data,,,24820.14948099236,0.003921494080464198,3876.9306204595614,0.003921494080464198
0,0,84379.0,0.08047008514404297,300,300,3.838e-05,[10],,,2096.667148099087,1,1,individuals,195105-dc260,chr9n-601-801.tar.gz,1,,,,1885.515014304473,0.07686408547794117,3825.3904529516626,0.07686408547794117
0,0,79187.0,0.07551860809326172,300,300,3.592e-05,[10],,,2102.411138453834,1,1,individuals,194639-dc273,chr10n-3201-3401.tar.gz,1,,,,1884.8896452761278,0.07189319087009804,3821.697333727452,0.07189319087009804
1,1,8191.928799979357,2422.0726985931396,300,300,20.186793896,[10],,,119.98303004783101,1,310028,individuals,194639-dc273,ALL.chr10.250000.vcf,1,initial_data,,,24820.218576395022,0.003921500459539059,3876.94674269422,0.003921500459539059
1,1,8191.928799979357,2422.0726985931396,300,300,20.186793896,[10],,,119.98303004783101,1,310028,individuals,194639-dc273,columns.txt,1,initial_data,,,24820.218576395022,0.003921500459539059,3876.94674269422,0.003921500459539059
0,0,76614.0,0.07306480407714844,300,300,3.4319e-05,[10],,,2128.9898912307594,1,1,individuals,194661-dc273,chr10n-4601-4801.tar.gz,1,,,,1884.5797310792998,0.06942976409313725,3819.8671342351763,0.06942976409313725
1,1,8191.928799979357,2422.0726985931396,300,300,20.182105256,[10],,,120.01090410888003,1,310028,individuals,194661-dc273,columns.txt,1,initial_data,,,24820.218576395022,0.003921500459539059,3876.94674269422,0.003921500459539059
1,1,8191.928799979357,2422.0726985931396,300,300,20.182105256,[10],,,120.01090410888003,1,310028,individuals,194661-dc273,ALL.chr10.250000.vcf,1,initial_data,,,24820.218576395022,0.003921500459539059,3876.94674269422,0.003921500459539059
1,1,1201.7203926535783,3.61922550201416,10,10,0.009888323,[10],,,366.0100405310547,1,3158,frequency,8382-dc111,sifted.SIFT.chr2.txt,3,sifting,,,16198.512673626286,0.05785169031692002,2765.1449527501695,0.05785169031692002
1,0,1201.7203926535783,3.61922550201416,10,10,0.009888323,[10],,,366.0100405310547,1,3158,frequency,8382-dc111,columns.txt,3,initial_data,,,16198.512673626286,0.05785169031692002,2765.1449527501695,0.05785169031692002
0,0,1399.0589018302828,4.009410858154297,10,10,0.0166457,[10],,,240.86766300932356,1,3005,frequency,8382-dc111,chr2-AFR-freq.tar.gz,3,initial_data,,,1530.6541137747156,0.12208948627287852,2773.89457929699,0.12208948627287852
1,1,1201.7203926535783,3.61922550201416,10,10,0.009888323,[10],,,366.0100405310547,1,3158,frequency,8382-dc111,chr2n.tar.gz,3,individuals_merge,,,16198.512673626286,0.05785169031692002,2765.1449527501695,0.05785169031692002
1,1,32766.410457771384,1281.281593322754,10,10,0.192896399,[10],,,6642.33028695758,1,41003,sifting,40348-dc146,ALL.chr4.phase3_shapeit2_mvncall_integrated_v5.20130502.sites.annotation.vcf,2,initial_data,,,24681.814059110846,0.027449458541830753,3844.6181234514743,0.027449458541830753
1,1,8191.912280079227,2421.833441734314,300,300,19.842478292,[10],,,122.05297171526895,1,309998,individuals,14542-dc026,ALL.chr1.250000.vcf,1,initial_data,,,24820.17375686905,0.003921484643151833,3876.9362848386763,0.003921484643151833
1,1,8191.912280079227,2421.833441734314,300,300,19.842478292,[10],,,122.05297171526895,1,309998,individuals,14542-dc026,columns.txt,1,initial_data,,,24820.17375686905,0.003921484643151833,3876.9362848386763,0.003921484643151833
0,0,91521.0,0.0872812271118164,300,300,4.7812e-05,[10],,,1825.5088076595082,1,1,individuals,14542-dc026,chr1n-5201-5401.tar.gz,1,,,,1886.375258064188,0.08370193780637254,3830.4706258136257,0.08370193780637254
1,1,1306.1146161934805,2.3691463470458984,10,10,0.013046968,[10],,,181.58597055238414,1,1902,individuals_merge,195111-dc273,chr10n-3401-3601.tar.gz,2,individuals,,,16311.390958698026,0.09183418495881528,2769.772701978353,0.09183418495881528
1,1,1306.1146161934805,2.3691463470458984,10,10,0.013046968,[10],,,181.58597055238414,1,1902,individuals_merge,195111-dc273,chr10n-3001-3201.tar.gz,2,individuals,,,16311.390958698026,0.09183418495881528,2769.772701978353,0.09183418495881528
1,1,1306.1146161934805,2.3691463470458984,10,10,0.013046968,[10],,,181.58597055238414,1,1902,individuals_merge,195111-dc273,chr10n-1801-2001.tar.gz,2,individuals,,,16311.390958698026,0.09183418495881528,2769.772701978353,0.09183418495881528
1,1,1306.1146161934805,2.3691463470458984,10,10,0.013046968,[10],,,181.58597055238414,1,1902,individuals_merge,195111-dc273,chr10n-4201-4401.tar.gz,2,individuals,,,16311.390958698026,0.09183418495881528,2769.772701978353,0.09183418495881528
1,1,1306.1146161934805,2.3691463470458984,10,10,0.013046968,[10],,,181.58597055238414,1,1902,individuals_merge,195111-dc273,chr10n-201-401.tar.gz,2,individuals,,,16311.390958698026,0.09183418495881528,2769.772701978353,0.09183418495881528
1,1,1306.1146161934805,2.3691463470458984,10,10,0.013046968,[10],,,181.58597055238414,1,1902,individuals_merge,195111-dc273,chr10n-4001-4201.tar.gz,2,individuals,,,16311.390958698026,0.09183418495881528,2769.772701978353,0.09183418495881528
1,1,1306.1146161934805,2.3691463470458984,10,10,0.013046968,[10],,,181.58597055238414,1,1902,individuals_merge,195111-dc273,chr10n-5801-6001.tar.gz,2,individuals,,,16311.390958698026,0.09183418495881528,2769.772701978353,0.09183418495881528
1,1,1306.1146161934805,2.3691463470458984,10,10,0.013046968,[10],,,181.58597055238414,1,1902,individuals_merge,195111-dc273,chr10n-1201-1401.tar.gz,2,individuals,,,16311.390958698026,0.09183418495881528,2769.772701978353,0.09183418495881528
1,1,1306.1146161934805,2.3691463470458984,10,10,0.013046968,[10],,,181.58597055238414,1,1902,individuals_merge,195111-dc273,chr10n-4401-4601.tar.gz,2,individuals,,,16311.390958698026,0.09183418495881528,2769.772701978353,0.09183418495881528
1,1,1306.1146161934805,2.3691463470458984,10,10,0.013046968,[10],,,181.58597055238414,1,1902,individuals_merge,195111-dc273,chr10n-2201-2401.tar.gz,2,individuals,,,16311.390958698026,0.09183418495881528,2769.772701978353,0.09183418495881528
1,1,1306.1146161934805,2.3691463470458984,10,10,0.013046968,[10],,,181.58597055238414,1,1902,individuals_merge,195111-dc273,chr10n-1001-1201.tar.gz,2,individuals,,,16311.390958698026,0.09183418495881528,2769.772701978353,0.09183418495881528
1,1,1306.1146161934805,2.3691463470458984,10,10,0.013046968,[10],,,181.58597055238414,1,1902,individuals_merge,195111-dc273,chr10n-1-201.tar.gz,2,individuals,,,16311.390958698026,0.09183418495881528,2769.772701978353,0.09183418495881528
1,1,1306.1146161934805,2.3691463470458984,10,10,0.013046968,[10],,,181.58597055238414,1,1902,individuals_merge,195111-dc273,chr10n-3801-4001.tar.gz,2,individuals,,,16311.390958698026,0.09183418495881528,2769.772701978353,0.09183418495881528
1,1,1306.1146161934805,2.3691463470458984,10,10,0.013046968,[10],,,181.58597055238414,1,1902,individuals_merge,195111-dc273,chr10n-5401-5601.tar.gz,2,individuals,,,16311.390958698026,0.09183418495881528,2769.772701978353,0.09183418495881528
1,1,1306.1146161934805,2.3691463470458984,10,10,0.013046968,[10],,,181.58597055238414,1,1902,individuals_merge,195111-dc273,chr10n-5001-5201.tar.gz,2,individuals,,,16311.390958698026,0.09183418495881528,2769.772701978353,0.09183418495881528
1,1,1306.1146161934805,2.3691463470458984,10,10,0.013046968,[10],,,181.58597055238414,1,1902,individuals_merge,195111-dc273,chr10n-1401-1601.tar.gz,2,individuals,,,16311.390958698026,0.09183418495881528,2769.772701978353,0.09183418495881528
1,1,1306.1146161934805,2.3691463470458984,10,10,0.013046968,[10],,,181.58597055238414,1,1902,individuals_merge,195111-dc273,chr10n-1601-1801.tar.gz,2,individuals,,,16311.390958698026,0.09183418495881528,2769.772701978353,0.09183418495881528
1,1,1306.1146161934805,2.3691463470458984,10,10,0.013046968,[10],,,181.58597055238414,1,1902,individuals_merge,195111-dc273,chr10n-3601-3801.tar.gz,2,individuals,,,16311.390958698026,0.09183418495881528,2769.772701978353,0.09183418495881528
1,1,1306.1146161934805,2.3691463470458984,10,10,0.013046968,[10],,,181.58597055238414,1,1902,individuals_merge,195111-dc273,chr10n-401-601.tar.gz,2,individuals,,,16311.390958698026,0.09183418495881528,2769.772701978353,0.09183418495881528
0,0,602014.5,1.1482515335083008,10,10,0.000435745,[10],,,2635.14563221219,1,2,individuals_merge,195111-dc273,chr10n.tar.gz,2,,,,1947.8428022337305,0.5724556717218138,4193.614598262859,0.5724556717218138
1,1,1306.1146161934805,2.3691463470458984,10,10,0.013046968,[10],,,181.58597055238414,1,1902,individuals_merge,195111-dc273,chr10n-5201-5401.tar.gz,2,individuals,,,16311.390958698026,0.09183418495881528,2769.772701978353,0.09183418495881528
1,1,1306.1146161934805,2.3691463470458984,10,10,0.013046968,[10],,,181.58597055238414,1,1902,individuals_merge,195111-dc273,chr10n-3201-3401.tar.gz,2,individuals,,,16311.390958698026,0.09183418495881528,2769.772701978353,0.09183418495881528
1,1,1306.1146161934805,2.3691463470458984,10,10,0.013046968,[10],,,181.58597055238414,1,1902,individuals_merge,195111-dc273,chr10n-5601-5801.tar.gz,2,individuals,,,16311.390958698026,0.09183418495881528,2769.772701978353,0.09183418495881528
1,1,1306.1146161934805,2.3691463470458984,10,10,0.013046968,[10],,,181.58597055238414,1,1902,individuals_merge,195111-dc273,chr10n-601-801.tar.gz,2,individuals,,,16311.390958698026,0.09183418495881528,2769.772701978353,0.09183418495881528
1,1,1306.1146161934805,2.3691463470458984,10,10,0.013046968,[10],,,181.58597055238414,1,1902,individuals_merge,195111-dc273,chr10n-2401-2601.tar.gz,2,individuals,,,16311.390958698026,0.09183418495881528,2769.772701978353,0.09183418495881528
1,1,1306.1146161934805,2.3691463470458984,10,10,0.013046968,[10],,,181.58597055238414,1,1902,individuals_merge,195111-dc273,chr10n-801-1001.tar.gz,2,individuals,,,16311.390958698026,0.09183418495881528,2769.772701978353,0.09183418495881528
1,1,1306.1146161934805,2.3691463470458984,10,10,0.013046968,[10],,,181.58597055238414,1,1902,individuals_merge,195111-dc273,chr10n-4801-5001.tar.gz,2,individuals,,,16311.390958698026,0.09183418495881528,2769.772701978353,0.09183418495881528
1,1,1306.1146161934805,2.3691463470458984,10,10,0.013046968,[10],,,181.58597055238414,1,1902,individuals_merge,195111-dc273,chr10n-2001-2201.tar.gz,2,individuals,,,16311.390958698026,0.09183418495881528,2769.772701978353,0.09183418495881528
1,1,1306.1146161934805,2.3691463470458984,10,10,0.013046968,[10],,,181.58597055238414,1,1902,individuals_merge,195111-dc273,chr10n-4601-4801.tar.gz,2,individuals,,,16311.390958698026,0.09183418495881528,2769.772701978353,0.09183418495881528
1,1,1306.1146161934805,2.3691463470458984,10,10,0.013046968,[10],,,181.58597055238414,1,1902,individuals_merge,195111-dc273,chr10n-2801-3001.tar.gz,2,individuals,,,16311.390958698026,0.09183418495881528,2769.772701978353,0.09183418495881528
1,1,1306.1146161934805,2.3691463470458984,10,10,0.013046968,[10],,,181.58597055238414,1,1902,individuals_merge,195111-dc273,chr10n-2601-2801.tar.gz,2,individuals,,,16311.390958698026,0.09183418495881528,2769.772701978353,0.09183418495881528
0,0,90547.0,0.08635234832763672,300,300,4.764e-05,[10],,,1812.6017701015264,1,1,individuals,65509-dc148,chr5n-3201-3401.tar.gz,1,,,,1886.2579411470833,0.08276941636029411,3829.777810304307,0.08276941636029411
1,1,8191.929237568348,2421.8150177001953,300,300,19.602985934,[10],,,123.54316969129319,1,309995,individuals,65509-dc148,columns.txt,1,initial_data,,,24820.170361208417,0.00392150087849298,3876.9354924950358,0.00392150087849298
1,1,8191.929237568348,2421.8150177001953,300,300,19.602985934,[10],,,123.54316969129319,1,309995,individuals,65509-dc148,ALL.chr5.250000.vcf,1,initial_data,,,24820.170361208417,0.00392150087849298,3876.9354924950358,0.00392150087849298
0,0,79490.0,0.07580757141113281,300,300,3.665e-05,[10],,,2068.4194109449604,1,1,individuals,39787-dc146,chr4n-201-401.tar.gz,1,,,,1884.9261411959255,0.07218328737745099,3821.912860523472,0.07218328737745099
1,1,8191.930583199192,2421.8310403823853,300,300,19.750679492,[10],,,122.62013777112561,1,309997,individuals,39787-dc146,ALL.chr4.250000.vcf,1,initial_data,,,24820.173363437512,0.00392150216681908,3876.9361930125574,0.00392150216681908
1,1,8191.930583199192,2421.8310403823853,300,300,19.750679492,[10],,,122.62013777112561,1,309997,individuals,39787-dc146,columns.txt,1,initial_data,,,24820.173363437512,0.00392150216681908,3876.9361930125574,0.00392150216681908
0,0,81692.0,0.07790756225585938,300,300,4.099e-05,[10],,,1900.6480179521682,1,1,individuals,31393-dc155,chr6n-5001-5201.tar.gz,1,,,,1885.1913689695034,0.07429151348039216,3823.4791641697952,0.07429151348039216
1,1,8191.92760505042,2421.806722640991,300,300,19.798522631,[10],,,122.32259789167252,1,309994,individuals,31393-dc155,ALL.chr6.250000.vcf,1,initial_data,,,24820.168804074146,0.003921499315497109,3876.935129166358,0.003921499315497109
1,1,8191.92760505042,2421.806722640991,300,300,19.798522631,[10],,,122.32259789167252,1,309994,individuals,31393-dc155,columns.txt,1,initial_data,,,24820.168804074146,0.003921499315497109,3876.935129166358,0.003921499315497109
1,1,8191.929237568348,2421.8150177001953,300,300,19.607525735,[10],,,123.51456529658842,1,309995,individuals,322-dc148,columns.txt,1,initial_data,,,24820.170361208417,0.00392150087849298,3876.9354924950358,0.00392150087849298
0,0,79674.0,0.07598304748535156,300,300,4.808e-05,[10],,,1580.3462455355982,1,1,individuals,322-dc148,chr5n-1601-1801.tar.gz,1,,,,1884.9483037346804,0.07235945159313725,3822.0437414821113,0.07235945159313725
1,1,8191.929237568348,2421.8150177001953,300,300,19.607525735,[10],,,123.51456529658842,1,309995,individuals,322-dc148,ALL.chr5.250000.vcf,1,initial_data,,,24820.170361208417,0.00392150087849298,3876.9354924950358,0.00392150087849298
1,1,8191.92760505042,2421.806722640991,300,300,19.610739359,[10],,,123.49390190276259,1,309994,individuals,31487-dc155,columns.txt,1,initial_data,,,24820.168804074146,0.003921499315497109,3876.935129166358,0.003921499315497109
0,0,89949.0,0.08578205108642578,300,300,5.03e-05,[10],,,1705.4085703066755,1,1,individuals,31487-dc155,chr6n-5601-5801.tar.gz,1,,,,1886.1859128961298,0.08219688265931373,3829.3524471887295,0.08219688265931373
1,1,8191.92760505042,2421.806722640991,300,300,19.610739359,[10],,,123.49390190276259,1,309994,individuals,31487-dc155,ALL.chr6.250000.vcf,1,initial_data,,,24820.168804074146,0.003921499315497109,3876.935129166358,0.003921499315497109
1,1,35094.891304347824,3.0791568756103516,10,10,0.00065645,[10],,,4690.619050362329,1,92,mutation_overlap,30086-dc257,sifted.SIFT.chr8.txt,3,sifting,,,24449.7522275182,0.029678779205296248,3790.4671720385086,0.029678779205296248
1,1,35094.891304347824,3.0791568756103516,10,10,0.00065645,[10],,,4690.619050362329,1,92,mutation_overlap,30086-dc257,chr8n.tar.gz,3,individuals_merge,,,24449.7522275182,0.029678779205296248,3790.4671720385086,0.029678779205296248
1,0,35094.891304347824,3.0791568756103516,10,10,0.00065645,[10],,,4690.619050362329,1,92,mutation_overlap,30086-dc257,columns.txt,3,initial_data,,,24449.7522275182,0.029678779205296248,3790.4671720385086,0.029678779205296248
0,0,100728.77777777778,0.8645620346069336,10,10,0.000360497,[10],,,2398.250289480727,1,9,mutation_overlap,30086-dc257,chr8-AMR.tar.gz,3,initial_data,,,1887.4566497166468,0.09251759514569717,3837.053759330252,0.09251759514569717
1,1,8191.930583199192,2421.8310403823853,300,300,19.726527667,[10],,,122.7702655664942,1,309997,individuals,39868-dc146,ALL.chr4.250000.vcf,1,initial_data,,,24820.173363437512,0.00392150216681908,3876.9361930125574,0.00392150216681908
1,1,8191.930583199192,2421.8310403823853,300,300,19.726527667,[10],,,122.7702655664942,1,309997,individuals,39868-dc146,columns.txt,1,initial_data,,,24820.173363437512,0.00392150216681908,3876.9361930125574,0.00392150216681908
0,0,79837.0,0.07613849639892578,300,300,4.1839e-05,[10],,,1819.7972322217497,1,1,individuals,39868-dc146,chr4n-2801-3001.tar.gz,1,,,,1884.9679368532513,0.07251551011029411,3822.159684940036,0.07251551011029411
1,1,8191.911930553494,2421.802088737488,300,300,19.742138379,[10],,,122.67172087668041,1,309994,individuals,15980-dc177,columns.txt,1,initial_data,,,24820.167889117023,0.003921484308510928,3876.934915698439,0.003921484308510928
1,1,8191.911930553494,2421.802088737488,300,300,19.742138379,[10],,,122.67172087668041,1,309994,individuals,15980-dc177,ALL.chr7.250000.vcf,1,initial_data,,,24820.167889117023,0.003921484308510928,3876.934915698439,0.003921484308510928
0,0,101123.0,0.09643840789794922,300,300,4.547e-05,[10],,,2120.9238596426044,1,1,individuals,15980-dc177,chr7n-3201-3401.tar.gz,1,,,,1887.5318053311698,0.09289502910539216,3837.30062018783,0.09289502910539216
0,0,73139.0,0.06975078582763672,300,300,3.6789e-05,[10],,,1895.968518514684,1,1,individuals,6854-dc111,chr2n-601-801.tar.gz,1,,,,1884.1611722631405,0.06610274969362745,3817.395333521746,0.06610274969362745
1,1,8191.921474379654,2421.75803565979,300,300,19.629901397,[10],,,123.37087113590405,1,309988,individuals,6854-dc111,columns.txt,1,initial_data,,,24820.15967517859,0.003921493445905765,3876.9329991014793,0.003921493445905765
1,1,8191.921474379654,2421.75803565979,300,300,19.629901397,[10],,,123.37087113590405,1,309988,individuals,6854-dc111,ALL.chr2.250000.vcf,1,initial_data,,,24820.15967517859,0.003921493445905765,3876.9329991014793,0.003921493445905765
0,0,186471.44444444444,1.6004972457885742,10,10,0.000875731,[10],,,1827.6128694639954,1,9,mutation_overlap,17872-dc026,chr1-AMR.tar.gz,3,initial_data,,,1897.7606770399816,0.1746088431032135,3898.071898884108,0.1746088431032135
1,1,19309.79910714286,4.125018119812012,10,10,0.000948209,[10],,,4350.325845685932,1,224,mutation_overlap,17872-dc026,sifted.SIFT.chr1.txt,3,sifting,,,24401.735992556594,0.014565907539773723,3779.285405309605,0.014565907539773723
1,1,19309.79910714286,4.125018119812012,10,10,0.000948209,[10],,,4350.325845685932,1,224,mutation_overlap,17872-dc026,chr1n.tar.gz,3,individuals_merge,,,24401.735992556594,0.014565907539773723,3779.285405309605,0.014565907539773723
1,0,19309.79910714286,4.125018119812012,10,10,0.000948209,[10],,,4350.325845685932,1,224,mutation_overlap,17872-dc026,columns.txt,3,initial_data,,,24401.735992556594,0.014565907539773723,3779.285405309605,0.014565907539773723
0,0,96730.0,0.09224891662597656,300,300,4.8872e-05,[10],,,1887.5617250363512,1,1,individuals,13912-dc026,chr1n-2601-2801.tar.gz,1,,,,1887.002674718396,0.08868910845588235,3834.1758373003195,0.08868910845588235
1,1,8191.912280079227,2421.833441734314,300,300,19.840914193,[10],,,122.06259339545716,1,309998,individuals,13912-dc026,columns.txt,1,initial_data,,,24820.17375686905,0.003921484643151833,3876.9362848386763,0.003921484643151833
1,1,8191.912280079227,2421.833441734314,300,300,19.840914193,[10],,,122.06259339545716,1,309998,individuals,13912-dc026,ALL.chr1.250000.vcf,1,initial_data,,,24820.17375686905,0.003921484643151833,3876.9362848386763,0.003921484643151833
1,1,8191.912230276168,2421.794364929199,300,300,19.662812696,[10],,,123.16622257312476,1,309993,individuals,25142-dc135,ALL.chr3.250000.vcf,1,initial_data,,,24820.166444775197,0.003921484595469676,3876.9345786852778,0.003921484595469676
0,0,80816.0,0.0770721435546875,300,300,3.491e-05,[10],,,2207.738285725795,1,1,individuals,25142-dc135,chr3n-4801-5001.tar.gz,1,,,,1885.0858560132572,0.07345281862745098,3822.8560569971432,0.07345281862745098
1,1,8191.912230276168,2421.794364929199,300,300,19.662812696,[10],,,123.16622257312476,1,309993,individuals,25142-dc135,columns.txt,1,initial_data,,,24820.166444775197,0.003921484595469676,3876.9345786852778,0.003921484595469676
0,0,105313.0,0.1004343032836914,300,300,5.426e-05,[10],,,1850.9823679264912,1,1,individuals,65370-dc148,chr5n-201-401.tar.gz,1,,,,1888.0364848821646,0.09690659466911765,3840.2810072351035,0.09690659466911765
1,1,8191.929237568348,2421.8150177001953,300,300,19.588303682,[10],,,123.63577045855375,1,309995,individuals,65370-dc148,ALL.chr5.250000.vcf,1,initial_data,,,24820.170361208417,0.00392150087849298,3876.9354924950358,0.00392150087849298
1,1,8191.929237568348,2421.8150177001953,300,300,19.588303682,[10],,,123.63577045855375,1,309995,individuals,65370-dc148,columns.txt,1,initial_data,,,24820.170361208417,0.00392150087849298,3876.9354924950358,0.00392150087849298
1,1,8191.921474379654,2421.75803565979,300,300,19.61557733,[10],,,123.46096140417754,1,309988,individuals,6839-dc111,ALL.chr2.250000.vcf,1,initial_data,,,24820.15967517859,0.003921493445905765,3876.9329991014793,0.003921493445905765
1,1,8191.921474379654,2421.75803565979,300,300,19.61557733,[10],,,123.46096140417754,1,309988,individuals,6839-dc111,columns.txt,1,initial_data,,,24820.15967517859,0.003921493445905765,3876.9329991014793,0.003921493445905765
0,0,83962.0,0.08007240295410156,300,300,4.6029e-05,[10],,,1739.6077028417205,1,1,individuals,6839-dc111,chr2n-401-601.tar.gz,1,,,,1885.464787246534,0.07646484375,3825.0938368660513,0.07646484375
1,0,1150.0611983338674,3.423062324523926,10,10,0.009617989,[10],,,355.9020835357501,1,3121,frequency,33016-dc155,columns.txt,3,initial_data,,,16142.88977118744,0.04103554633263914,2762.8544210772825,0.04103554633263914
0,0,1653.775116433799,4.7409515380859375,10,10,0.017669875,[10],,,268.3070218711755,1,3006,frequency,33016-dc155,chr6-SAS-freq.tar.gz,3,initial_data,,,1542.1565931130722,0.20500492071412726,2785.1883683872834,0.20500492071412726
1,1,1150.0611983338674,3.423062324523926,10,10,0.009617989,[10],,,355.9020835357501,1,3121,frequency,33016-dc155,sifted.SIFT.chr6.txt,3,sifting,,,16142.88977118744,0.04103554633263914,2762.8544210772825,0.04103554633263914
1,1,1150.0611983338674,3.423062324523926,10,10,0.009617989,[10],,,355.9020835357501,1,3121,frequency,33016-dc155,chr6n.tar.gz,3,individuals_merge,,,16142.88977118744,0.04103554633263914,2762.8544210772825,0.04103554633263914
1,0,22232.68711656442,3.4560470581054688,10,10,0.00083872,[10],,,4120.62077702388,1,163,mutation_overlap,8361-dc111,columns.txt,3,initial_data,,,24410.538105740834,0.017364322070852884,3781.335154085082,0.017364322070852884
1,1,22232.68711656442,3.4560470581054688,10,10,0.00083872,[10],,,4120.62077702388,1,163,mutation_overlap,8361-dc111,sifted.SIFT.chr2.txt,3,sifting,,,24410.538105740834,0.017364322070852884,3781.335154085082,0.017364322070852884
1,1,22232.68711656442,3.4560470581054688,10,10,0.00083872,[10],,,4120.62077702388,1,163,mutation_overlap,8361-dc111,chr2n.tar.gz,3,individuals_merge,,,24410.538105740834,0.017364322070852884,3781.335154085082,0.017364322070852884
0,0,189547.25,1.4461307525634766,10,10,0.000665002,[10],,,2174.6261703926853,1,8,mutation_overlap,8361-dc111,chr2-SAS.tar.gz,3,initial_data,,,1898.136817498421,0.1775536630667892,3900.252880964789,0.1775536630667892
1,0,1557.0756843800323,4.610748291015625,10,10,0.010611991,[10],,,434.48475323957825,1,3105,frequency,17570-dc177,columns.txt,3,initial_data,,,16581.23671790711,0.1735272410091251,2780.900931055111,0.1735272410091251
1,1,1557.0756843800323,4.610748291015625,10,10,0.010611991,[10],,,434.48475323957825,1,3105,frequency,17570-dc177,sifted.SIFT.chr7.txt,3,sifting,,,16581.23671790711,0.1735272410091251,2780.900931055111,0.1735272410091251
0,0,624.9024309024309,1.7896480560302734,10,10,0.015594757,[10],,,114.75959875683047,1,3003,frequency,17570-dc177,chr7-AMR-freq.tar.gz,3,initial_data,,,672.9464406192519,0.5842733655233655,1630.9648093398903,0.5842733655233655
1,1,1557.0756843800323,4.610748291015625,10,10,0.010611991,[10],,,434.48475323957825,1,3105,frequency,17570-dc177,chr7n.tar.gz,3,individuals_merge,,,16581.23671790711,0.1735272410091251,2780.900931055111,0.1735272410091251
0,0,84250.0,0.08034706115722656,300,300,5.0789e-05,[10],,,1581.9776163583958,1,1,individuals,25106-dc135,chr3n-3601-3801.tar.gz,1,,,,1885.4994764376286,0.07674057904411764,3825.298694018704,0.07674057904411764
1,1,8191.912230276168,2421.794364929199,300,300,19.68833927,[10],,,123.00653354848447,1,309993,individuals,25106-dc135,ALL.chr3.250000.vcf,1,initial_data,,,24820.166444775197,0.003921484595469676,3876.9345786852778,0.003921484595469676
1,1,8191.912230276168,2421.794364929199,300,300,19.68833927,[10],,,123.00653354848447,1,309993,individuals,25106-dc135,columns.txt,1,initial_data,,,24820.166444775197,0.003921484595469676,3876.9345786852778,0.003921484595469676
0,0,83504.0,0.0796356201171875,300,300,3.9899e-05,[10],,,1995.9302267522369,1,1,individuals,194631-dc273,chr10n-2401-2601.tar.gz,1,,,,1885.409621796807,0.07602634803921568,3824.768057088568,0.07602634803921568
1,1,8191.928799979357,2422.0726985931396,300,300,20.20131556,[10],,,119.89678055368883,1,310028,individuals,194631-dc273,columns.txt,1,initial_data,,,24820.218576395022,0.003921500459539059,3876.94674269422,0.003921500459539059
1,1,8191.928799979357,2422.0726985931396,300,300,20.20131556,[10],,,119.89678055368883,1,310028,individuals,194631-dc273,ALL.chr10.250000.vcf,1,initial_data,,,24820.218576395022,0.003921500459539059,3876.94674269422,0.003921500459539059
1,1,8191.922788330022,2421.789673805237,300,300,19.96092015,[10],,,121.32655486852578,1,309992,individuals,28560-dc257,ALL.chr8.250000.vcf,1,initial_data,,,24820.165599232438,0.003921494703900527,3876.9343813774494,0.003921494703900527
0,0,95671.0,0.09123897552490234,300,300,4.746e-05,[10],,,1922.4394337316128,1,1,individuals,28560-dc257,chr8n-3001-3201.tar.gz,1,,,,1886.8751196719754,0.08767520680147059,3833.422560478586,0.08767520680147059
1,1,8191.922788330022,2421.789673805237,300,300,19.96092015,[10],,,121.32655486852578,1,309992,individuals,28560-dc257,columns.txt,1,initial_data,,,24820.165599232438,0.003921494703900527,3876.9343813774494,0.003921494703900527
1,1,8191.911930553494,2421.802088737488,300,300,19.764349502,[10],,,122.53386272553114,1,309994,individuals,15816-dc177,columns.txt,1,initial_data,,,24820.167889117023,0.003921484308510928,3876.934915698439,0.003921484308510928
0,0,105975.0,0.10106563568115234,300,300,5.279e-05,[10],,,1914.4844796581235,1,1,individuals,15816-dc177,chr7n-1801-2001.tar.gz,1,,,,1888.11622184225,0.09754040287990196,3840.7518941623816,0.09754040287990196
1,1,8191.911930553494,2421.802088737488,300,300,19.764349502,[10],,,122.53386272553114,1,309994,individuals,15816-dc177,ALL.chr7.250000.vcf,1,initial_data,,,24820.167889117023,0.003921484308510928,3876.934915698439,0.003921484308510928
1,0,1208.151328580687,3.555636405944824,10,10,0.009720204,[10],,,365.798537350124,1,3086,frequency,30127-dc257,columns.txt,3,initial_data,,,16205.4623843305,0.05994509393902573,2765.43004154215,0.05994509393902573
1,1,1208.151328580687,3.555636405944824,10,10,0.009720204,[10],,,365.798537350124,1,3086,frequency,30127-dc257,sifted.SIFT.chr8.txt,3,sifting,,,16205.4623843305,0.05994509393902573,2765.43004154215,0.05994509393902573
0,0,2218.182845744681,6.363195419311523,10,10,0.016977495,[10],,,374.80178432162836,1,3008,frequency,30127-dc257,chr8-EAS-freq.tar.gz,3,initial_data,,,1567.6440706729727,0.38873139509918,2810.2134813977345,0.38873139509918
1,1,1208.151328580687,3.555636405944824,10,10,0.009720204,[10],,,365.798537350124,1,3086,frequency,30127-dc257,chr8n.tar.gz,3,individuals_merge,,,16205.4623843305,0.05994509393902573,2765.43004154215,0.05994509393902573
1,1,8191.930583199192,2421.8310403823853,300,300,19.729365118,[10],,,122.75260891050357,1,309997,individuals,39716-dc146,ALL.chr4.250000.vcf,1,initial_data,,,24820.173363437512,0.00392150216681908,3876.9361930125574,0.00392150216681908
0,0,75731.0,0.07222270965576172,300,300,3.953e-05,[10],,,1827.0354074313614,1,1,individuals,39716-dc146,chr4n-3201-3401.tar.gz,1,,,,1884.4733749829925,0.06858436734068628,3819.23904789562,0.06858436734068628
1,1,8191.930583199192,2421.8310403823853,300,300,19.729365118,[10],,,122.75260891050357,1,309997,individuals,39716-dc146,columns.txt,1,initial_data,,,24820.173363437512,0.00392150216681908,3876.9361930125574,0.00392150216681908
1,1,8191.911930553494,2421.802088737488,300,300,19.774093437,[10],,,122.47348261265768,1,309994,individuals,16021-dc177,columns.txt,1,initial_data,,,24820.167889117023,0.003921484308510928,3876.934915698439,0.003921484308510928
1,1,8191.911930553494,2421.802088737488,300,300,19.774093437,[10],,,122.47348261265768,1,309994,individuals,16021-dc177,ALL.chr7.250000.vcf,1,initial_data,,,24820.167889117023,0.003921484308510928,3876.934915698439,0.003921484308510928
0,0,106181.0,0.10126209259033203,300,300,4.89e-05,[10],,,2070.7994394750926,1,1,individuals,16021-dc177,chr7n-3001-3201.tar.gz,1,,,,1888.1410342497693,0.09773763020833333,3840.898423931293,0.09773763020833333
1,1,8191.912280079227,2421.833441734314,300,300,19.899563331,[10],,,121.7028434971498,1,309998,individuals,14988-dc026,columns.txt,1,initial_data,,,24820.17375686905,0.003921484643151833,3876.9362848386763,0.003921484643151833
0,0,104710.0,0.09985923767089844,300,300,5.5472e-05,[10],,,1800.1737393801998,1,1,individuals,14988-dc026,chr1n-3601-3801.tar.gz,1,,,,1887.9638543883102,0.09632927389705882,3839.852087571737,0.09632927389705882
1,1,8191.912280079227,2421.833441734314,300,300,19.899563331,[10],,,121.7028434971498,1,309998,individuals,14988-dc026,ALL.chr1.250000.vcf,1,initial_data,,,24820.17375686905,0.003921484643151833,3876.9362848386763,0.003921484643151833
1,1,8191.92760505042,2421.806722640991,300,300,19.753514139,[10],,,122.60131061235025,1,309994,individuals,31291-dc155,columns.txt,1,initial_data,,,24820.168804074146,0.003921499315497109,3876.935129166358,0.003921499315497109
0,0,103728.0,0.0989227294921875,300,300,5.5689e-05,[10],,,1776.3423565190162,1,1,individuals,31291-dc155,chr6n-2401-2601.tar.gz,1,,,,1887.8455738825642,0.0953890931372549,3839.153581585956,0.0953890931372549
1,1,8191.92760505042,2421.806722640991,300,300,19.753514139,[10],,,122.60131061235025,1,309994,individuals,31291-dc155,ALL.chr6.250000.vcf,1,initial_data,,,24820.168804074146,0.003921499315497109,3876.935129166358,0.003921499315497109
1,1,8191.912230276168,2421.794364929199,300,300,19.68204611,[10],,,123.04586379861901,1,309993,individuals,24992-dc135,columns.txt,1,initial_data,,,24820.166444775197,0.003921484595469676,3876.9345786852778,0.003921484595469676
1,1,8191.912230276168,2421.794364929199,300,300,19.68204611,[10],,,123.04586379861901,1,309993,individuals,24992-dc135,ALL.chr3.250000.vcf,1,initial_data,,,24820.166444775197,0.003921484595469676,3876.9345786852778,0.003921484595469676
0,0,90481.0,0.0862894058227539,300,300,4.4309e-05,[10],,,1947.4464741419104,1,1,individuals,24992-dc135,chr3n-1001-1201.tar.gz,1,,,,1886.2499915407907,0.08270622702205882,3829.730863873491,0.08270622702205882
1,1,8191.911930553494,2421.802088737488,300,300,19.781364719,[10],,,122.42846351300257,1,309994,individuals,16001-dc177,columns.txt,1,initial_data,,,24820.167889117023,0.003921484308510928,3876.934915698439,0.003921484308510928
0,0,94705.0,0.0903177261352539,300,300,5.2509e-05,[10],,,1720.0427761955837,1,1,individuals,16001-dc177,chr7n-4601-4801.tar.gz,1,,,,1886.7587663435122,0.08675034466911764,3832.73543544573,0.08675034466911764
1,1,8191.911930553494,2421.802088737488,300,300,19.781364719,[10],,,122.42846351300257,1,309994,individuals,16001-dc177,ALL.chr7.250000.vcf,1,initial_data,,,24820.167889117023,0.003921484308510928,3876.934915698439,0.003921484308510928
0,0,537049.0,0.5121698379516602,10,10,0.000153188,[10],,,3343.407042011516,1,1,sifting,29050-dc257,sifted.SIFT.chr8.txt,2,,,,1940.038473098954,0.5102567784926471,4147.37895049084,0.5102567784926471
1,1,8191.813939743192,1057.4291076660156,10,10,8.494296014,[10],,,124.48696230072488,1,135354,sifting,29050-dc257,ALL.chr8.phase3_shapeit2_mvncall_integrated_v5.20130502.sites.annotation.vcf,2,initial_data,,,24564.86995936043,0.003921390490716138,3817.365460492975,0.003921390490716138
1,0,38292.489130434784,3.359707832336426,10,10,0.000720631,[10],,,4662.174999877088,1,92,mutation_overlap,30107-dc257,columns.txt,3,initial_data,,,24459.57105054112,0.03274020482003943,3792.7537698244705,0.03274020482003943
1,1,38292.489130434784,3.359707832336426,10,10,0.000720631,[10],,,4662.174999877088,1,92,mutation_overlap,30107-dc257,sifted.SIFT.chr8.txt,3,sifting,,,24459.57105054112,0.03274020482003943,3792.7537698244705,0.03274020482003943
1,1,38292.489130434784,3.359707832336426,10,10,0.000720631,[10],,,4662.174999877088,1,92,mutation_overlap,30107-dc257,chr8n.tar.gz,3,individuals_merge,,,24459.57105054112,0.03274020482003943,3792.7537698244705,0.03274020482003943
0,0,133396.66666666666,1.1449527740478516,10,10,0.000475163,[10],,,2409.6000194624826,1,9,mutation_overlap,30107-dc257,chr8-SAS.tar.gz,3,initial_data,,,1891.382476061836,0.12379429636437908,3860.3016227411413,0.12379429636437908
1,1,32765.35503423935,1629.0247478485107,10,10,0.242584937,[10],,,6715.275762767211,1,52133,sifting,7319-dc111,ALL.chr2.phase3_shapeit2_mvncall_integrated_v5.20130502.sites.annotation.vcf,2,initial_data,,,24746.879555474723,0.027448448064337612,3859.8000583749467,0.027448448064337612
1,1,106488.76136363637,17.8737850189209,10,10,0.003387676,[10],,,5276.119976916593,1,176,mutation_overlap,8325-dc111,sifted.SIFT.chr2.txt,3,sifting,,,24670.576712308826,0.09803228531291779,3841.893284284685,0.09803228531291779
1,0,106488.76136363637,17.8737850189209,10,10,0.003387676,[10],,,5276.119976916593,1,176,mutation_overlap,8325-dc111,columns.txt,3,initial_data,,,24670.576712308826,0.09803228531291779,3841.893284284685,0.09803228531291779
0,0,793218.380952381,15.88591194152832,10,10,0.005426213,[10],,,2927.624098340467,1,21,mutation_overlap,8325-dc111,chr2-ALL.tar.gz,3,initial_data,,,1970.348930951783,0.7555169854400093,4330.255240480802,0.7555169854400093
1,1,106488.76136363637,17.8737850189209,10,10,0.003387676,[10],,,5276.119976916593,1,176,mutation_overlap,8325-dc111,chr2n.tar.gz,3,individuals_merge,,,24670.576712308826,0.09803228531291779,3841.893284284685,0.09803228531291779
1,1,8191.921474379654,2421.75803565979,300,300,19.659899668,[10],,,123.18262435497745,1,309988,individuals,6824-dc111,ALL.chr2.250000.vcf,1,initial_data,,,24820.15967517859,0.003921493445905765,3876.9329991014793,0.003921493445905765
0,0,85245.0,0.08129596710205078,300,300,4.743e-05,[10],,,1714.0199684176846,1,1,individuals,6824-dc111,chr2n-4801-5001.tar.gz,1,,,,1885.6193227749172,0.0776932061887255,3826.006447028736,0.0776932061887255
1,1,8191.921474379654,2421.75803565979,300,300,19.659899668,[10],,,123.18262435497745,1,309988,individuals,6824-dc111,columns.txt,1,initial_data,,,24820.15967517859,0.003921493445905765,3876.9329991014793,0.003921493445905765
1,1,1678.2098837209303,2.752800941467285,10,10,0.013659821,[10],,,201.52540369799027,1,1720,individuals_merge,16490-dc177,chr7n-5401-5601.tar.gz,2,individuals,,,16712.33274015668,0.21295894652374034,2786.2705045521316,0.21295894652374034
1,1,1678.2098837209303,2.752800941467285,10,10,0.013659821,[10],,,201.52540369799027,1,1720,individuals_merge,16490-dc177,chr7n-3401-3601.tar.gz,2,individuals,,,16712.33274015668,0.21295894652374034,2786.2705045521316,0.21295894652374034
1,1,1678.2098837209303,2.752800941467285,10,10,0.013659821,[10],,,201.52540369799027,1,1720,individuals_merge,16490-dc177,chr7n-2401-2601.tar.gz,2,individuals,,,16712.33274015668,0.21295894652374034,2786.2705045521316,0.21295894652374034
1,1,1678.2098837209303,2.752800941467285,10,10,0.013659821,[10],,,201.52540369799027,1,1720,individuals_merge,16490-dc177,chr7n-2601-2801.tar.gz,2,individuals,,,16712.33274015668,0.21295894652374034,2786.2705045521316,0.21295894652374034
1,1,1678.2098837209303,2.752800941467285,10,10,0.013659821,[10],,,201.52540369799027,1,1720,individuals_merge,16490-dc177,chr7n-601-801.tar.gz,2,individuals,,,16712.33274015668,0.21295894652374034,2786.2705045521316,0.21295894652374034
1,1,1678.2098837209303,2.752800941467285,10,10,0.013659821,[10],,,201.52540369799027,1,1720,individuals_merge,16490-dc177,chr7n-3601-3801.tar.gz,2,individuals,,,16712.33274015668,0.21295894652374034,2786.2705045521316,0.21295894652374034
1,1,1678.2098837209303,2.752800941467285,10,10,0.013659821,[10],,,201.52540369799027,1,1720,individuals_merge,16490-dc177,chr7n-201-401.tar.gz,2,individuals,,,16712.33274015668,0.21295894652374034,2786.2705045521316,0.21295894652374034
1,1,1678.2098837209303,2.752800941467285,10,10,0.013659821,[10],,,201.52540369799027,1,1720,individuals_merge,16490-dc177,chr7n-5801-6001.tar.gz,2,individuals,,,16712.33274015668,0.21295894652374034,2786.2705045521316,0.21295894652374034
1,1,1678.2098837209303,2.752800941467285,10,10,0.013659821,[10],,,201.52540369799027,1,1720,individuals_merge,16490-dc177,chr7n-1601-1801.tar.gz,2,individuals,,,16712.33274015668,0.21295894652374034,2786.2705045521316,0.21295894652374034
1,1,1678.2098837209303,2.752800941467285,10,10,0.013659821,[10],,,201.52540369799027,1,1720,individuals_merge,16490-dc177,chr7n-1-201.tar.gz,2,individuals,,,16712.33274015668,0.21295894652374034,2786.2705045521316,0.21295894652374034
1,1,1678.2098837209303,2.752800941467285,10,10,0.013659821,[10],,,201.52540369799027,1,1720,individuals_merge,16490-dc177,chr7n-401-601.tar.gz,2,individuals,,,16712.33274015668,0.21295894652374034,2786.2705045521316,0.21295894652374034
1,1,1678.2098837209303,2.752800941467285,10,10,0.013659821,[10],,,201.52540369799027,1,1720,individuals_merge,16490-dc177,chr7n-801-1001.tar.gz,2,individuals,,,16712.33274015668,0.21295894652374034,2786.2705045521316,0.21295894652374034
1,1,1678.2098837209303,2.752800941467285,10,10,0.013659821,[10],,,201.52540369799027,1,1720,individuals_merge,16490-dc177,chr7n-1201-1401.tar.gz,2,individuals,,,16712.33274015668,0.21295894652374034,2786.2705045521316,0.21295894652374034
1,1,1678.2098837209303,2.752800941467285,10,10,0.013659821,[10],,,201.52540369799027,1,1720,individuals_merge,16490-dc177,chr7n-5001-5201.tar.gz,2,individuals,,,16712.33274015668,0.21295894652374034,2786.2705045521316,0.21295894652374034
0,0,974068.3333333334,2.786831855773926,10,10,0.000921693,[10],,,3023.600977520634,1,3,individuals_merge,16490-dc177,chr7n.tar.gz,2,,,,1992.609932548483,0.928665300755719,4458.316095802264,0.928665300755719
1,1,1678.2098837209303,2.752800941467285,10,10,0.013659821,[10],,,201.52540369799027,1,1720,individuals_merge,16490-dc177,chr7n-5201-5401.tar.gz,2,individuals,,,16712.33274015668,0.21295894652374034,2786.2705045521316,0.21295894652374034
1,1,1678.2098837209303,2.752800941467285,10,10,0.013659821,[10],,,201.52540369799027,1,1720,individuals_merge,16490-dc177,chr7n-3001-3201.tar.gz,2,individuals,,,16712.33274015668,0.21295894652374034,2786.2705045521316,0.21295894652374034
1,1,1678.2098837209303,2.752800941467285,10,10,0.013659821,[10],,,201.52540369799027,1,1720,individuals_merge,16490-dc177,chr7n-2801-3001.tar.gz,2,individuals,,,16712.33274015668,0.21295894652374034,2786.2705045521316,0.21295894652374034
1,1,1678.2098837209303,2.752800941467285,10,10,0.013659821,[10],,,201.52540369799027,1,1720,individuals_merge,16490-dc177,chr7n-5601-5801.tar.gz,2,individuals,,,16712.33274015668,0.21295894652374034,2786.2705045521316,0.21295894652374034
1,1,1678.2098837209303,2.752800941467285,10,10,0.013659821,[10],,,201.52540369799027,1,1720,individuals_merge,16490-dc177,chr7n-3801-4001.tar.gz,2,individuals,,,16712.33274015668,0.21295894652374034,2786.2705045521316,0.21295894652374034
1,1,1678.2098837209303,2.752800941467285,10,10,0.013659821,[10],,,201.52540369799027,1,1720,individuals_merge,16490-dc177,chr7n-4801-5001.tar.gz,2,individuals,,,16712.33274015668,0.21295894652374034,2786.2705045521316,0.21295894652374034
1,1,1678.2098837209303,2.752800941467285,10,10,0.013659821,[10],,,201.52540369799027,1,1720,individuals_merge,16490-dc177,chr7n-4201-4401.tar.gz,2,individuals,,,16712.33274015668,0.21295894652374034,2786.2705045521316,0.21295894652374034
1,1,1678.2098837209303,2.752800941467285,10,10,0.013659821,[10],,,201.52540369799027,1,1720,individuals_merge,16490-dc177,chr7n-1001-1201.tar.gz,2,individuals,,,16712.33274015668,0.21295894652374034,2786.2705045521316,0.21295894652374034
1,1,1678.2098837209303,2.752800941467285,10,10,0.013659821,[10],,,201.52540369799027,1,1720,individuals_merge,16490-dc177,chr7n-4601-4801.tar.gz,2,individuals,,,16712.33274015668,0.21295894652374034,2786.2705045521316,0.21295894652374034
1,1,1678.2098837209303,2.752800941467285,10,10,0.013659821,[10],,,201.52540369799027,1,1720,individuals_merge,16490-dc177,chr7n-3201-3401.tar.gz,2,individuals,,,16712.33274015668,0.21295894652374034,2786.2705045521316,0.21295894652374034
1,1,1678.2098837209303,2.752800941467285,10,10,0.013659821,[10],,,201.52540369799027,1,1720,individuals_merge,16490-dc177,chr7n-1401-1601.tar.gz,2,individuals,,,16712.33274015668,0.21295894652374034,2786.2705045521316,0.21295894652374034
1,1,1678.2098837209303,2.752800941467285,10,10,0.013659821,[10],,,201.52540369799027,1,1720,individuals_merge,16490-dc177,chr7n-4001-4201.tar.gz,2,individuals,,,16712.33274015668,0.21295894652374034,2786.2705045521316,0.21295894652374034
1,1,1678.2098837209303,2.752800941467285,10,10,0.013659821,[10],,,201.52540369799027,1,1720,individuals_merge,16490-dc177,chr7n-2201-2401.tar.gz,2,individuals,,,16712.33274015668,0.21295894652374034,2786.2705045521316,0.21295894652374034
1,1,1678.2098837209303,2.752800941467285,10,10,0.013659821,[10],,,201.52540369799027,1,1720,individuals_merge,16490-dc177,chr7n-2001-2201.tar.gz,2,individuals,,,16712.33274015668,0.21295894652374034,2786.2705045521316,0.21295894652374034
1,1,1678.2098837209303,2.752800941467285,10,10,0.013659821,[10],,,201.52540369799027,1,1720,individuals_merge,16490-dc177,chr7n-1801-2001.tar.gz,2,individuals,,,16712.33274015668,0.21295894652374034,2786.2705045521316,0.21295894652374034
1,1,1678.2098837209303,2.752800941467285,10,10,0.013659821,[10],,,201.52540369799027,1,1720,individuals_merge,16490-dc177,chr7n-4401-4601.tar.gz,2,individuals,,,16712.33274015668,0.21295894652374034,2786.2705045521316,0.21295894652374034
0,0,752216.8181818182,15.782136917114258,10,10,0.00568794,[10],,,2774.666560672978,1,22,mutation_overlap,32931-dc155,chr6-ALL.tar.gz,3,initial_data,,,1965.412679669678,0.7162615063781195,4301.087613337402,0.7162615063781195
1,1,132396.45,17.676833152770996,10,10,0.003015481,[10],,,5862.027700645766,1,140,mutation_overlap,32931-dc155,sifted.SIFT.chr6.txt,3,sifting,,,24749.668935446825,0.12283667470894609,3860.3119930450894,0.12283667470894609
1,0,132396.45,17.676833152770996,10,10,0.003015481,[10],,,5862.027700645766,1,140,mutation_overlap,32931-dc155,columns.txt,3,initial_data,,,24749.668935446825,0.12283667470894609,3860.3119930450894,0.12283667470894609
1,1,132396.45,17.676833152770996,10,10,0.003015481,[10],,,5862.027700645766,1,140,mutation_overlap,32931-dc155,chr6n.tar.gz,3,individuals_merge,,,24749.668935446825,0.12283667470894609,3860.3119930450894,0.12283667470894609
0,0,87822.0,0.08375358581542969,300,300,4.932e-05,[10],,,1698.1667845788663,1,1,individuals,65437-dc148,chr5n-401-601.tar.gz,1,,,,1885.9297187660663,0.08016046262254901,3827.8394917592427,0.08016046262254901
1,1,8191.929237568348,2421.8150177001953,300,300,19.583130165,[10],,,123.66843284474463,1,309995,individuals,65437-dc148,ALL.chr5.250000.vcf,1,initial_data,,,24820.170361208417,0.00392150087849298,3876.9354924950358,0.00392150087849298
1,1,8191.929237568348,2421.8150177001953,300,300,19.583130165,[10],,,123.66843284474463,1,309995,individuals,65437-dc148,columns.txt,1,initial_data,,,24820.170361208417,0.00392150087849298,3876.9354924950358,0.00392150087849298
0,0,1464.1114808652246,4.19583797454834,10,10,0.017434331,[10],,,240.6652698373307,1,3005,frequency,17874-dc026,chr1-GBR-freq.tar.gz,3,initial_data,,,1533.591777212357,0.1432654560108153,2776.7789266686,0.1432654560108153
1,1,1479.2812305779987,4.539801597595215,10,10,0.010788668,[10],,,420.79352127576965,1,3218,frequency,17874-dc026,sifted.SIFT.chr1.txt,3,sifting,,,16497.408617307286,0.1482035255787756,2777.4517191858995,0.1482035255787756
1,1,1479.2812305779987,4.539801597595215,10,10,0.010788668,[10],,,420.79352127576965,1,3218,frequency,17874-dc026,chr1n.tar.gz,3,individuals_merge,,,16497.408617307286,0.1482035255787756,2777.4517191858995,0.1482035255787756
1,0,1479.2812305779987,4.539801597595215,10,10,0.010788668,[10],,,420.79352127576965,1,3218,frequency,17874-dc026,columns.txt,3,initial_data,,,16497.408617307286,0.1482035255787756,2777.4517191858995,0.1482035255787756
1,1,8191.922137163246,2421.703544616699,300,300,19.962708176,[10],,,121.31137335004337,1,309981,individuals,195117-dc260,ALL.chr9.250000.vcf,1,initial_data,,,24820.14948099236,0.003921494080464198,3876.9306204595614,0.003921494080464198
1,1,8191.922137163246,2421.703544616699,300,300,19.962708176,[10],,,121.31137335004337,1,309981,individuals,195117-dc260,columns.txt,1,initial_data,,,24820.14948099236,0.003921494080464198,3876.9306204595614,0.003921494080464198
0,0,96611.0,0.09213542938232422,300,300,4.269e-05,[10],,,2158.2438365501107,1,1,individuals,195117-dc260,chr9n-4001-4201.tar.gz,1,,,,1886.9883413373539,0.08857517616421569,3834.0911914629382,0.08857517616421569
1,1,965.1681730148483,2.8515729904174805,10,10,0.009478366,[10],,,300.8506941404753,1,3098,frequency,196187-dc273,sifted.SIFT.chr10.txt,3,sifting,,,6762.119760106876,0.938716846890467,1871.1671264943373,0.938716846890467
1,1,965.1681730148483,2.8515729904174805,10,10,0.009478366,[10],,,300.8506941404753,1,3098,frequency,196187-dc273,chr10n.tar.gz,3,individuals_merge,,,6762.119760106876,0.938716846890467,1871.1671264943373,0.938716846890467
0,0,1833.7159960093115,5.258544921875,10,10,0.017119414,[10],,,307.16851183545185,1,3007,frequency,196187-dc273,chr10-ALL-freq.tar.gz,3,initial_data,,,1550.2823306793362,0.2635794257842811,2793.166715869057,0.2635794257842811
1,0,965.1681730148483,2.8515729904174805,10,10,0.009478366,[10],,,300.8506941404753,1,3098,frequency,196187-dc273,columns.txt,3,initial_data,,,6762.119760106876,0.938716846890467,1871.1671264943373,0.938716846890467
0,0,85313.0,0.0813608169555664,300,300,4.591e-05,[10],,,1772.1807221861557,1,1,individuals,39766-dc146,chr4n-4401-4601.tar.gz,1,,,,1885.62751327837,0.07775831035539216,3826.054816078668,0.07775831035539216
1,1,8191.930583199192,2421.8310403823853,300,300,19.770486453,[10],,,122.4972914116078,1,309997,individuals,39766-dc146,ALL.chr4.250000.vcf,1,initial_data,,,24820.173363437512,0.00392150216681908,3876.9361930125574,0.00392150216681908
1,1,8191.930583199192,2421.8310403823853,300,300,19.770486453,[10],,,122.4972914116078,1,309997,individuals,39766-dc146,columns.txt,1,initial_data,,,24820.173363437512,0.00392150216681908,3876.9361930125574,0.00392150216681908
1,1,8191.930583199192,2421.8310403823853,300,300,19.737668513,[10],,,122.70096839387452,1,309997,individuals,39890-dc146,columns.txt,1,initial_data,,,24820.173363437512,0.00392150216681908,3876.9361930125574,0.00392150216681908
1,1,8191.930583199192,2421.8310403823853,300,300,19.737668513,[10],,,122.70096839387452,1,309997,individuals,39890-dc146,ALL.chr4.250000.vcf,1,initial_data,,,24820.173363437512,0.00392150216681908,3876.9361930125574,0.00392150216681908
0,0,78708.0,0.07506179809570312,300,300,3.695e-05,[10],,,2031.4424383140224,1,1,individuals,39890-dc146,chr4n-1401-1601.tar.gz,1,,,,1884.831950406217,0.07143458946078432,3821.356616449255,0.07143458946078432
0,0,78548.0,0.07490921020507812,300,300,5.1869e-05,[10],,,1444.2000078096382,1,1,individuals,194525-dc273,chr10n-2601-2801.tar.gz,1,,,,1884.812678633387,0.0712814031862745,3821.242806920004,0.0712814031862745
1,1,8191.928799979357,2422.0726985931396,300,300,20.023434204,[10],,,120.9619026345287,1,310028,individuals,194525-dc273,columns.txt,1,initial_data,,,24820.218576395022,0.003921500459539059,3876.94674269422,0.003921500459539059
1,1,8191.928799979357,2422.0726985931396,300,300,20.023434204,[10],,,120.9619026345287,1,310028,individuals,194525-dc273,ALL.chr10.250000.vcf,1,initial_data,,,24820.218576395022,0.003921500459539059,3876.94674269422,0.003921500459539059
1,1,38721.92391304348,3.397385597229004,10,10,0.000653179,[10],,,5201.308672246051,1,92,mutation_overlap,30125-dc257,sifted.SIFT.chr8.txt,3,sifting,,,24460.88971047262,0.03315135178561914,3793.0608580439825,0.03315135178561914
1,1,38721.92391304348,3.397385597229004,10,10,0.000653179,[10],,,5201.308672246051,1,92,mutation_overlap,30125-dc257,chr8n.tar.gz,3,individuals_merge,,,24460.88971047262,0.03315135178561914,3793.0608580439825,0.03315135178561914
1,0,38721.92391304348,3.397385597229004,10,10,0.000653179,[10],,,5201.308672246051,1,92,mutation_overlap,30125-dc257,columns.txt,3,initial_data,,,24460.88971047262,0.03315135178561914,3793.0608580439825,0.03315135178561914
0,0,137266.11111111112,1.1781644821166992,10,10,0.000398664,[10],,,2955.281846659591,1,9,mutation_overlap,30125-dc257,chr8-EAS.tar.gz,3,initial_data,,,1891.8474821414427,0.12749895748229848,3863.0552844860563,0.12749895748229848
0,0,92694.0,0.08839988708496094,300,300,5.145e-05,[10],,,1718.170788823342,1,1,individuals,31479-dc155,chr6n-2201-2401.tar.gz,1,,,,1886.5165442487505,0.08482498468137255,3831.30499192495,0.08482498468137255
1,1,8191.92760505042,2421.806722640991,300,300,19.759111109,[10],,,122.56658253912505,1,309994,individuals,31479-dc155,columns.txt,1,initial_data,,,24820.168804074146,0.003921499315497109,3876.935129166358,0.003921499315497109
1,1,8191.92760505042,2421.806722640991,300,300,19.759111109,[10],,,122.56658253912505,1,309994,individuals,31479-dc155,ALL.chr6.250000.vcf,1,initial_data,,,24820.168804074146,0.003921499315497109,3876.935129166358,0.003921499315497109
1,1,8191.928799979357,2422.0726985931396,300,300,20.194483554,[10],,,119.93734289448517,1,310028,individuals,194657-dc273,columns.txt,1,initial_data,,,24820.218576395022,0.003921500459539059,3876.94674269422,0.003921500459539059
1,1,8191.928799979357,2422.0726985931396,300,300,20.194483554,[10],,,119.93734289448517,1,310028,individuals,194657-dc273,ALL.chr10.250000.vcf,1,initial_data,,,24820.218576395022,0.003921500459539059,3876.94674269422,0.003921500459539059
0,0,85468.0,0.08150863647460938,300,300,3.9999e-05,[10],,,2037.7668560366353,1,1,individuals,194657-dc273,chr10n-2001-2201.tar.gz,1,,,,1885.6461828082997,0.07790670955882353,3826.1650690601305,0.07790670955882353
1,1,8191.922137163246,2421.703544616699,300,300,19.95235553,[10],,,121.37431798343158,1,309981,individuals,195083-dc260,ALL.chr9.250000.vcf,1,initial_data,,,24820.14948099236,0.003921494080464198,3876.9306204595614,0.003921494080464198
0,0,91437.0,0.08720111846923828,300,300,4.411e-05,[10],,,1976.9013482030894,1,1,individuals,195083-dc260,chr9n-1601-1801.tar.gz,1,,,,1886.3651403834522,0.0836215150122549,3830.410875810768,0.0836215150122549
1,1,8191.922137163246,2421.703544616699,300,300,19.95235553,[10],,,121.37431798343158,1,309981,individuals,195083-dc260,columns.txt,1,initial_data,,,24820.14948099236,0.003921494080464198,3876.9306204595614,0.003921494080464198
1,1,8191.921474379654,2421.75803565979,300,300,19.702361377,[10],,,122.91714629125038,1,309988,individuals,6686-dc111,columns.txt,1,initial_data,,,24820.15967517859,0.003921493445905765,3876.9329991014793,0.003921493445905765
1,1,8191.921474379654,2421.75803565979,300,300,19.702361377,[10],,,122.91714629125038,1,309988,individuals,6686-dc111,ALL.chr2.250000.vcf,1,initial_data,,,24820.15967517859,0.003921493445905765,3876.9329991014793,0.003921493445905765
0,0,85384.0,0.08142852783203125,300,300,4.347e-05,[10],,,1873.2120504262996,1,1,individuals,6686-dc111,chr2n-3801-4001.tar.gz,1,,,,1885.6360651275636,0.07782628676470588,3826.1053190572734,0.07782628676470588
1,1,1457.1478373143964,4.305118560791016,10,10,0.00990357,[10],,,434.70370389576846,1,3098,frequency,196657-dc260,chr9n.tar.gz,3,individuals_merge,,,16473.620347541742,0.1409986449591134,2776.4702474413625,0.1409986449591134
1,1,1457.1478373143964,4.305118560791016,10,10,0.00990357,[10],,,434.70370389576846,1,3098,frequency,196657-dc260,sifted.SIFT.chr9.txt,3,sifting,,,16473.620347541742,0.1409986449591134,2776.4702474413625,0.1409986449591134
0,0,4131.225356787255,11.870748519897461,10,10,0.018686785,[10],,,635.2483062173327,1,3013,frequency,196657-dc260,chr9-ALL-freq.tar.gz,3,initial_data,,,1875.4219841326703,3.372525734073883e-05,3768.8275562108274,3.372525734073883e-05
1,0,1457.1478373143964,4.305118560791016,10,10,0.00990357,[10],,,434.70370389576846,1,3098,frequency,196657-dc260,columns.txt,3,initial_data,,,16473.620347541742,0.1409986449591134,2776.4702474413625,0.1409986449591134
1,1,42770.22727272727,4.4867753982543945,10,10,0.000953345,[10],,,4706.350165212378,1,110,mutation_overlap,17571-dc177,chr7n.tar.gz,3,individuals_merge,,,24473.458165534175,0.03702725497159091,3795.987849799646,0.03702725497159091
1,0,42770.22727272727,4.4867753982543945,10,10,0.000953345,[10],,,4706.350165212378,1,110,mutation_overlap,17571-dc177,columns.txt,3,initial_data,,,24473.458165534175,0.03702725497159091,3795.987849799646,0.03702725497159091
1,1,42770.22727272727,4.4867753982543945,10,10,0.000953345,[10],,,4706.350165212378,1,110,mutation_overlap,17571-dc177,sifted.SIFT.chr7.txt,3,sifting,,,24473.458165534175,0.03702725497159091,3795.987849799646,0.03702725497159091
0,0,160627.125,1.2254877090454102,10,10,0.000426028,[10],,,2876.5426428436867,1,8,mutation_overlap,17571-dc177,chr7-EUR.tar.gz,3,initial_data,,,1894.660381297221,0.1498651242723652,3879.673290401163,0.1498651242723652
0,0,112128.0,0.10693359375,300,300,5.0769e-05,[10],,,2106.27732966968,1,1,individuals,28553-dc257,chr8n-5201-5401.tar.gz,1,,,,1888.8573419561576,0.1034313725490196,3845.1285818716588,0.1034313725490196
1,1,8191.922788330022,2421.789673805237,300,300,19.98586021,[10],,,121.1751532512714,1,309992,individuals,28553-dc257,ALL.chr8.250000.vcf,1,initial_data,,,24820.165599232438,0.003921494703900527,3876.9343813774494,0.003921494703900527
1,1,8191.922788330022,2421.789673805237,300,300,19.98586021,[10],,,121.1751532512714,1,309992,individuals,28553-dc257,columns.txt,1,initial_data,,,24820.165599232438,0.003921494703900527,3876.9343813774494,0.003921494703900527
1,1,8191.929237568348,2421.8150177001953,300,300,19.435612233,[10],,,124.60708665447449,1,309995,individuals,65520-dc148,ALL.chr5.250000.vcf,1,initial_data,,,24820.170361208417,0.00392150087849298,3876.9354924950358,0.00392150087849298
1,1,8191.929237568348,2421.8150177001953,300,300,19.435612233,[10],,,124.60708665447449,1,309995,individuals,65520-dc148,columns.txt,1,initial_data,,,24820.170361208417,0.00392150087849298,3876.9354924950358,0.00392150087849298
0,0,78368.0,0.074737548828125,300,300,6.209e-05,[10],,,1203.6970337916734,1,1,individuals,65520-dc148,chr5n-1401-1601.tar.gz,1,,,,1884.7909978889525,0.07110906862745098,3821.114771199596,0.07110906862745098
1,1,8191.929237568348,2421.8150177001953,300,300,19.568730061,[10],,,123.75943713009836,1,309995,individuals,65429-dc148,ALL.chr5.250000.vcf,1,initial_data,,,24820.170361208417,0.00392150087849298,3876.9354924950358,0.00392150087849298
0,0,73481.0,0.07007694244384766,300,300,4.034e-05,[10],,,1737.157720472178,1,1,individuals,65429-dc148,chr5n-2201-2401.tar.gz,1,,,,1884.2023656775655,0.06643018535539216,3817.638601390521,0.06643018535539216
1,1,8191.929237568348,2421.8150177001953,300,300,19.568730061,[10],,,123.75943713009836,1,309995,individuals,65429-dc148,columns.txt,1,initial_data,,,24820.170361208417,0.00392150087849298,3876.9354924950358,0.00392150087849298
1,1,8191.912230276168,2421.794364929199,300,300,19.649156014,[10],,,123.25182634835174,1,309993,individuals,25155-dc135,ALL.chr3.250000.vcf,1,initial_data,,,24820.166444775197,0.003921484595469676,3876.9345786852778,0.003921484595469676
0,0,84968.0,0.08103179931640625,300,300,4.168e-05,[10],,,1944.1410584550445,1,1,individuals,25155-dc135,chr3n-3401-3601.tar.gz,1,,,,1885.5859585182047,0.07742800245098039,3825.8094142812197,0.07742800245098039
1,1,8191.912230276168,2421.794364929199,300,300,19.649156014,[10],,,123.25182634835174,1,309993,individuals,25155-dc135,columns.txt,1,initial_data,,,24820.166444775197,0.003921484595469676,3876.9345786852778,0.003921484595469676
1,1,8191.92760505042,2421.806722640991,300,300,19.764653634,[10],,,122.53221166875883,1,309994,individuals,31364-dc155,ALL.chr6.250000.vcf,1,initial_data,,,24820.168804074146,0.003921499315497109,3876.935129166358,0.003921499315497109
1,1,8191.92760505042,2421.806722640991,300,300,19.764653634,[10],,,122.53221166875883,1,309994,individuals,31364-dc155,columns.txt,1,initial_data,,,24820.168804074146,0.003921499315497109,3876.935129166358,0.003921499315497109
0,0,83829.0,0.07994556427001953,300,300,4.5329e-05,[10],,,1763.673680646375,1,1,individuals,31364-dc155,chr6n-4001-4201.tar.gz,1,,,,1885.4487675853688,0.07633750765931373,3824.9992326948604,0.07633750765931373
1,1,959.3360232408005,2.8343420028686523,10,10,0.00991749,[10],,,285.79227232582565,1,3098,frequency,196166-dc273,chr10n.tar.gz,3,individuals_merge,,,6744.364311220888,0.9326416908758338,1867.0500676448878,0.9326416908758338
0,0,610.5071595071595,1.7484216690063477,10,10,0.015010905,[10],,,116.47676599154732,1,3003,frequency,196166-dc273,chr10-EUR-freq.tar.gz,3,initial_data,,,668.8407866973192,0.5692782911532911,1620.8028381621168,0.5692782911532911
1,1,959.3360232408005,2.8343420028686523,10,10,0.00991749,[10],,,285.79227232582565,1,3098,frequency,196166-dc273,sifted.SIFT.chr10.txt,3,sifting,,,6744.364311220888,0.9326416908758338,1867.0500676448878,0.9326416908758338
1,0,959.3360232408005,2.8343420028686523,10,10,0.00991749,[10],,,285.79227232582565,1,3098,frequency,196166-dc273,columns.txt,3,initial_data,,,6744.364311220888,0.9326416908758338,1867.0500676448878,0.9326416908758338
1,1,8191.922137163246,2421.703544616699,300,300,19.946486895,[10],,,121.41002861129141,1,309981,individuals,195090-dc260,ALL.chr9.250000.vcf,1,initial_data,,,24820.14948099236,0.003921494080464198,3876.9306204595614,0.003921494080464198
0,0,93103.0,0.0887899398803711,300,300,4.345e-05,[10],,,2043.4968902271828,1,1,individuals,195090-dc260,chr9n-2601-2801.tar.gz,1,,,,1886.5658077180483,0.08521656709558824,3831.5959175341,0.08521656709558824
1,1,8191.922137163246,2421.703544616699,300,300,19.946486895,[10],,,121.41002861129141,1,309981,individuals,195090-dc260,columns.txt,1,initial_data,,,24820.14948099236,0.003921494080464198,3876.9306204595614,0.003921494080464198
0,0,86401.0,0.0823984146118164,300,300,4.805e-05,[10],,,1714.847338435305,1,1,individuals,25140-dc135,chr3n-3801-4001.tar.gz,1,,,,1885.7585613336166,0.07879997702205882,3826.8287208775782,0.07879997702205882
1,1,8191.912230276168,2421.794364929199,300,300,19.661588106,[10],,,123.17389378074479,1,309993,individuals,25140-dc135,ALL.chr3.250000.vcf,1,initial_data,,,24820.166444775197,0.003921484595469676,3876.9345786852778,0.003921484595469676
1,1,8191.912230276168,2421.794364929199,300,300,19.661588106,[10],,,123.17389378074479,1,309993,individuals,25140-dc135,columns.txt,1,initial_data,,,24820.166444775197,0.003921484595469676,3876.9345786852778,0.003921484595469676
1,1,8191.921474379654,2421.75803565979,300,300,19.649199154,[10],,,123.24970685468324,1,309988,individuals,6856-dc111,columns.txt,1,initial_data,,,24820.15967517859,0.003921493445905765,3876.9329991014793,0.003921493445905765
0,0,76806.0,0.07324790954589844,300,300,4.878e-05,[10],,,1501.5971616625347,1,1,individuals,6856-dc111,chr2n-3001-3201.tar.gz,1,,,,1884.6028572066964,0.06961358762254902,3820.003705670278,0.06961358762254902
1,1,8191.921474379654,2421.75803565979,300,300,19.649199154,[10],,,123.24970685468324,1,309988,individuals,6856-dc111,ALL.chr2.250000.vcf,1,initial_data,,,24820.15967517859,0.003921493445905765,3876.9329991014793,0.003921493445905765
1,1,38658.663043478264,3.3918352127075195,10,10,0.000706272,[10],,,4802.4489328580485,1,92,mutation_overlap,30057-dc257,sifted.SIFT.chr8.txt,3,sifting,,,24460.6954561241,0.03309078492980073,3793.015620283591,0.03309078492980073
0,0,137160.44444444444,1.1772575378417969,10,10,0.000440353,[10],,,2673.440484887799,1,9,mutation_overlap,30057-dc257,chr8-EUR.tar.gz,3,initial_data,,,1891.8347837701085,0.12739779071350762,3862.9800875781048,0.12739779071350762
1,0,38658.663043478264,3.3918352127075195,10,10,0.000706272,[10],,,4802.4489328580485,1,92,mutation_overlap,30057-dc257,columns.txt,3,initial_data,,,24460.6954561241,0.03309078492980073,3793.015620283591,0.03309078492980073
1,1,38658.663043478264,3.3918352127075195,10,10,0.000706272,[10],,,4802.4489328580485,1,92,mutation_overlap,30057-dc257,chr8n.tar.gz,3,individuals_merge,,,24460.6954561241,0.03309078492980073,3793.015620283591,0.03309078492980073
1,0,1224.00384,3.647815704345703,10,10,0.009661283,[10],,,377.5705260207887,1,3125,frequency,26708-dc135,columns.txt,3,initial_data,,,16222.522018277648,0.0651054166666667,2766.132950276713,0.0651054166666667
1,1,1224.00384,3.647815704345703,10,10,0.009661283,[10],,,377.5705260207887,1,3125,frequency,26708-dc135,chr3n.tar.gz,3,individuals_merge,,,16222.522018277648,0.0651054166666667,2766.132950276713,0.0651054166666667
1,1,1224.00384,3.647815704345703,10,10,0.009661283,[10],,,377.5705260207887,1,3125,frequency,26708-dc135,sifted.SIFT.chr3.txt,3,sifting,,,16222.522018277648,0.0651054166666667,2766.132950276713,0.0651054166666667
0,0,639.6956376956377,1.8320140838623047,10,10,0.016240326,[10],,,112.8064845411542,1,3003,frequency,26708-dc135,chr3-GBR-freq.tar.gz,3,initial_data,,,677.1655891035551,0.599682955932956,1641.4076927654014,0.599682955932956
1,1,1423.8975386376646,2.372311592102051,10,10,0.013015596,[10],,,182.26684295533227,1,1747,individuals_merge,40335-dc146,chr4n-4201-4401.tar.gz,2,individuals,,,16438.339005021484,0.13017498002528147,2774.9948383956294,0.13017498002528147
1,1,1423.8975386376646,2.372311592102051,10,10,0.013015596,[10],,,182.26684295533227,1,1747,individuals_merge,40335-dc146,chr4n-1401-1601.tar.gz,2,individuals,,,16438.339005021484,0.13017498002528147,2774.9948383956294,0.13017498002528147
1,1,1423.8975386376646,2.372311592102051,10,10,0.013015596,[10],,,182.26684295533227,1,1747,individuals_merge,40335-dc146,chr4n-4001-4201.tar.gz,2,individuals,,,16438.339005021484,0.13017498002528147,2774.9948383956294,0.13017498002528147
1,1,1423.8975386376646,2.372311592102051,10,10,0.013015596,[10],,,182.26684295533227,1,1747,individuals_merge,40335-dc146,chr4n-2001-2201.tar.gz,2,individuals,,,16438.339005021484,0.13017498002528147,2774.9948383956294,0.13017498002528147
1,1,1423.8975386376646,2.372311592102051,10,10,0.013015596,[10],,,182.26684295533227,1,1747,individuals_merge,40335-dc146,chr4n-3401-3601.tar.gz,2,individuals,,,16438.339005021484,0.13017498002528147,2774.9948383956294,0.13017498002528147
1,1,1423.8975386376646,2.372311592102051,10,10,0.013015596,[10],,,182.26684295533227,1,1747,individuals_merge,40335-dc146,chr4n-2601-2801.tar.gz,2,individuals,,,16438.339005021484,0.13017498002528147,2774.9948383956294,0.13017498002528147
1,1,1423.8975386376646,2.372311592102051,10,10,0.013015596,[10],,,182.26684295533227,1,1747,individuals_merge,40335-dc146,chr4n-3601-3801.tar.gz,2,individuals,,,16438.339005021484,0.13017498002528147,2774.9948383956294,0.13017498002528147
1,1,1423.8975386376646,2.372311592102051,10,10,0.013015596,[10],,,182.26684295533227,1,1747,individuals_merge,40335-dc146,chr4n-5001-5201.tar.gz,2,individuals,,,16438.339005021484,0.13017498002528147,2774.9948383956294,0.13017498002528147
1,1,1423.8975386376646,2.372311592102051,10,10,0.013015596,[10],,,182.26684295533227,1,1747,individuals_merge,40335-dc146,chr4n-801-1001.tar.gz,2,individuals,,,16438.339005021484,0.13017498002528147,2774.9948383956294,0.13017498002528147
1,1,1423.8975386376646,2.372311592102051,10,10,0.013015596,[10],,,182.26684295533227,1,1747,individuals_merge,40335-dc146,chr4n-1-201.tar.gz,2,individuals,,,16438.339005021484,0.13017498002528147,2774.9948383956294,0.13017498002528147
1,1,1423.8975386376646,2.372311592102051,10,10,0.013015596,[10],,,182.26684295533227,1,1747,individuals_merge,40335-dc146,chr4n-4601-4801.tar.gz,2,individuals,,,16438.339005021484,0.13017498002528147,2774.9948383956294,0.13017498002528147
1,1,1423.8975386376646,2.372311592102051,10,10,0.013015596,[10],,,182.26684295533227,1,1747,individuals_merge,40335-dc146,chr4n-1201-1401.tar.gz,2,individuals,,,16438.339005021484,0.13017498002528147,2774.9948383956294,0.13017498002528147
1,1,1423.8975386376646,2.372311592102051,10,10,0.013015596,[10],,,182.26684295533227,1,1747,individuals_merge,40335-dc146,chr4n-1601-1801.tar.gz,2,individuals,,,16438.339005021484,0.13017498002528147,2774.9948383956294,0.13017498002528147
1,1,1423.8975386376646,2.372311592102051,10,10,0.013015596,[10],,,182.26684295533227,1,1747,individuals_merge,40335-dc146,chr4n-3801-4001.tar.gz,2,individuals,,,16438.339005021484,0.13017498002528147,2774.9948383956294,0.13017498002528147
1,1,1423.8975386376646,2.372311592102051,10,10,0.013015596,[10],,,182.26684295533227,1,1747,individuals_merge,40335-dc146,chr4n-2801-3001.tar.gz,2,individuals,,,16438.339005021484,0.13017498002528147,2774.9948383956294,0.13017498002528147
1,1,1423.8975386376646,2.372311592102051,10,10,0.013015596,[10],,,182.26684295533227,1,1747,individuals_merge,40335-dc146,chr4n-5801-6001.tar.gz,2,individuals,,,16438.339005021484,0.13017498002528147,2774.9948383956294,0.13017498002528147
1,1,1423.8975386376646,2.372311592102051,10,10,0.013015596,[10],,,182.26684295533227,1,1747,individuals_merge,40335-dc146,chr4n-3001-3201.tar.gz,2,individuals,,,16438.339005021484,0.13017498002528147,2774.9948383956294,0.13017498002528147
1,1,1423.8975386376646,2.372311592102051,10,10,0.013015596,[10],,,182.26684295533227,1,1747,individuals_merge,40335-dc146,chr4n-5401-5601.tar.gz,2,individuals,,,16438.339005021484,0.13017498002528147,2774.9948383956294,0.13017498002528147
1,1,1423.8975386376646,2.372311592102051,10,10,0.013015596,[10],,,182.26684295533227,1,1747,individuals_merge,40335-dc146,chr4n-1001-1201.tar.gz,2,individuals,,,16438.339005021484,0.13017498002528147,2774.9948383956294,0.13017498002528147
1,1,1423.8975386376646,2.372311592102051,10,10,0.013015596,[10],,,182.26684295533227,1,1747,individuals_merge,40335-dc146,chr4n-2201-2401.tar.gz,2,individuals,,,16438.339005021484,0.13017498002528147,2774.9948383956294,0.13017498002528147
1,1,1423.8975386376646,2.372311592102051,10,10,0.013015596,[10],,,182.26684295533227,1,1747,individuals_merge,40335-dc146,chr4n-1801-2001.tar.gz,2,individuals,,,16438.339005021484,0.13017498002528147,2774.9948383956294,0.13017498002528147
1,1,1423.8975386376646,2.372311592102051,10,10,0.013015596,[10],,,182.26684295533227,1,1747,individuals_merge,40335-dc146,chr4n-401-601.tar.gz,2,individuals,,,16438.339005021484,0.13017498002528147,2774.9948383956294,0.13017498002528147
1,1,1423.8975386376646,2.372311592102051,10,10,0.013015596,[10],,,182.26684295533227,1,1747,individuals_merge,40335-dc146,chr4n-5601-5801.tar.gz,2,individuals,,,16438.339005021484,0.13017498002528147,2774.9948383956294,0.13017498002528147
1,1,1423.8975386376646,2.372311592102051,10,10,0.013015596,[10],,,182.26684295533227,1,1747,individuals_merge,40335-dc146,chr4n-201-401.tar.gz,2,individuals,,,16438.339005021484,0.13017498002528147,2774.9948383956294,0.13017498002528147
1,1,1423.8975386376646,2.372311592102051,10,10,0.013015596,[10],,,182.26684295533227,1,1747,individuals_merge,40335-dc146,chr4n-4801-5001.tar.gz,2,individuals,,,16438.339005021484,0.13017498002528147,2774.9948383956294,0.13017498002528147
0,0,623977.0,1.1901416778564453,10,10,0.000435575,[10],,,2732.346158196511,1,2,individuals_merge,40335-dc146,chr4n.tar.gz,2,,,,1950.487399986684,0.5934828814338236,4209.23764890159,0.5934828814338236
1,1,1423.8975386376646,2.372311592102051,10,10,0.013015596,[10],,,182.26684295533227,1,1747,individuals_merge,40335-dc146,chr4n-3201-3401.tar.gz,2,individuals,,,16438.339005021484,0.13017498002528147,2774.9948383956294,0.13017498002528147
1,1,1423.8975386376646,2.372311592102051,10,10,0.013015596,[10],,,182.26684295533227,1,1747,individuals_merge,40335-dc146,chr4n-2401-2601.tar.gz,2,individuals,,,16438.339005021484,0.13017498002528147,2774.9948383956294,0.13017498002528147
1,1,1423.8975386376646,2.372311592102051,10,10,0.013015596,[10],,,182.26684295533227,1,1747,individuals_merge,40335-dc146,chr4n-601-801.tar.gz,2,individuals,,,16438.339005021484,0.13017498002528147,2774.9948383956294,0.13017498002528147
1,1,1423.8975386376646,2.372311592102051,10,10,0.013015596,[10],,,182.26684295533227,1,1747,individuals_merge,40335-dc146,chr4n-5201-5401.tar.gz,2,individuals,,,16438.339005021484,0.13017498002528147,2774.9948383956294,0.13017498002528147
1,1,1423.8975386376646,2.372311592102051,10,10,0.013015596,[10],,,182.26684295533227,1,1747,individuals_merge,40335-dc146,chr4n-4401-4601.tar.gz,2,individuals,,,16438.339005021484,0.13017498002528147,2774.9948383956294,0.13017498002528147
1,1,177624.16190476192,17.786538124084473,10,10,0.002822496,[10],,,6301.7053431021595,1,105,mutation_overlap,30073-dc257,chr8n.tar.gz,3,individuals_merge,,,24887.827106850476,0.1661383290295285,3892.485803397156,0.1661383290295285
1,1,177624.16190476192,17.786538124084473,10,10,0.002822496,[10],,,6301.7053431021595,1,105,mutation_overlap,30073-dc257,sifted.SIFT.chr8.txt,3,sifting,,,24887.827106850476,0.1661383290295285,3892.485803397156,0.1661383290295285
1,0,177624.16190476192,17.786538124084473,10,10,0.002822496,[10],,,6301.7053431021595,1,105,mutation_overlap,30073-dc257,columns.txt,3,initial_data,,,24887.827106850476,0.1661383290295285,3892.485803397156,0.1661383290295285
0,0,748816.9090909091,15.710803985595703,10,10,0.005146292,[10],,,3052.8395951095863,1,22,mutation_overlap,30073-dc257,chr8-ALL.tar.gz,3,initial_data,,,1965.005617248286,0.7130063850824421,4298.6662526299915,0.7130063850824421
1,1,8191.930583199192,2421.8310403823853,300,300,19.739263867,[10],,,122.69105153567506,1,309997,individuals,39773-dc146,columns.txt,1,initial_data,,,24820.173363437512,0.00392150216681908,3876.9361930125574,0.00392150216681908
1,1,8191.930583199192,2421.8310403823853,300,300,19.739263867,[10],,,122.69105153567506,1,309997,individuals,39773-dc146,ALL.chr4.250000.vcf,1,initial_data,,,24820.173363437512,0.00392150216681908,3876.9361930125574,0.00392150216681908
0,0,86445.0,0.08244037628173828,300,300,4.574e-05,[10],,,1802.369398376438,1,1,individuals,39773-dc146,chr4n-3801-4001.tar.gz,1,,,,1885.7638610711451,0.07884210324754902,3826.860018498122,0.07884210324754902
1,1,1557.2254428341384,4.611191749572754,10,10,0.009832026,[10],,,468.99710696175475,1,3105,frequency,17565-dc177,chr7n.tar.gz,3,individuals_merge,,,16581.398003086444,0.17357599050590444,2780.90757116044,0.17357599050590444
1,0,1557.2254428341384,4.611191749572754,10,10,0.009832026,[10],,,468.99710696175475,1,3105,frequency,17565-dc177,columns.txt,3,initial_data,,,16581.398003086444,0.17357599050590444,2780.90757116044,0.17357599050590444
0,0,627.8185148185148,1.797999382019043,10,10,0.015400205,[10],,,116.75165246300571,1,3003,frequency,17565-dc177,chr7-EUR-freq.tar.gz,3,initial_data,,,673.7781325712833,0.5873109529359529,1633.0233436942303,0.5873109529359529
1,1,1557.2254428341384,4.611191749572754,10,10,0.009832026,[10],,,468.99710696175475,1,3105,frequency,17565-dc177,sifted.SIFT.chr7.txt,3,sifting,,,16581.398003086444,0.17357599050590444,2780.90757116044,0.17357599050590444
0,0,81464.0,0.07769012451171875,300,300,4.1359e-05,[10],,,1878.4333400642845,1,1,individuals,6764-dc111,chr2n-1401-1601.tar.gz,1,,,,1885.16390669322,0.07407322303921568,3823.3169855906126,0.07407322303921568
1,1,8191.921474379654,2421.75803565979,300,300,19.607160703,[10],,,123.51395861662152,1,309988,individuals,6764-dc111,columns.txt,1,initial_data,,,24820.15967517859,0.003921493445905765,3876.9329991014793,0.003921493445905765
1,1,8191.921474379654,2421.75803565979,300,300,19.607160703,[10],,,123.51395861662152,1,309988,individuals,6764-dc111,ALL.chr2.250000.vcf,1,initial_data,,,24820.15967517859,0.003921493445905765,3876.9329991014793,0.003921493445905765
1,1,1498.1326911124922,4.597655296325684,10,10,0.010408231,[10],,,441.73263413597215,1,3218,frequency,17880-dc026,chr1n.tar.gz,3,individuals_merge,,,16517.71046675546,0.1543400687215144,2778.287570971451,0.1543400687215144
0,0,3460.649285951511,9.937300682067871,10,10,0.01908371,[10],,,520.7216354717123,1,3011,frequency,17880-dc026,chr1-AMR-freq.tar.gz,3,initial_data,,,1623.7511358617112,0.7931801061040075,2865.3028476358973,0.7931801061040075
1,0,1498.1326911124922,4.597655296325684,10,10,0.010408231,[10],,,441.73263413597215,1,3218,frequency,17880-dc026,columns.txt,3,initial_data,,,16517.71046675546,0.1543400687215144,2778.287570971451,0.1543400687215144
1,1,1498.1326911124922,4.597655296325684,10,10,0.010408231,[10],,,441.73263413597215,1,3218,frequency,17880-dc026,sifted.SIFT.chr1.txt,3,sifting,,,16517.71046675546,0.1543400687215144,2778.287570971451,0.1543400687215144
1,1,8191.928799979357,2422.0726985931396,300,300,20.203635384,[10],,,119.88301375262732,1,310028,individuals,194649-dc273,columns.txt,1,initial_data,,,24820.218576395022,0.003921500459539059,3876.94674269422,0.003921500459539059
1,1,8191.928799979357,2422.0726985931396,300,300,20.203635384,[10],,,119.88301375262732,1,310028,individuals,194649-dc273,ALL.chr10.250000.vcf,1,initial_data,,,24820.218576395022,0.003921500459539059,3876.94674269422,0.003921500459539059
0,0,93529.0,0.08919620513916016,300,300,4.4319e-05,[10],,,2012.595165485687,1,1,individuals,194649-dc273,chr10n-601-801.tar.gz,1,,,,1886.617118813209,0.08562442555147058,3831.8989354057317,0.08562442555147058
1,0,22582.38888888889,2.713566780090332,10,10,0.000673649,[10],,,4028.1612235605367,1,126,mutation_overlap,32976-dc155,columns.txt,3,initial_data,,,24411.467258554625,0.017699131518927016,3781.551468579663,0.017699131518927016
1,1,22582.38888888889,2.713566780090332,10,10,0.000673649,[10],,,4028.1612235605367,1,126,mutation_overlap,32976-dc155,chr6n.tar.gz,3,individuals_merge,,,24411.467258554625,0.017699131518927016,3781.551468579663,0.017699131518927016
1,1,22582.38888888889,2.713566780090332,10,10,0.000673649,[10],,,4028.1612235605367,1,126,mutation_overlap,32976-dc155,sifted.SIFT.chr6.txt,3,sifting,,,24411.467258554625,0.017699131518927016,3781.551468579663,0.017699131518927016
0,0,95415.625,0.7279634475708008,10,10,0.000351324,[10],,,2072.0572678518993,1,8,mutation_overlap,32976-dc155,chr6-GBR.tar.gz,3,initial_data,,,1886.8214241926248,0.08743070714613971,3833.2687202258994,0.08743070714613971
1,1,8191.92760505042,2421.806722640991,300,300,19.750569691,[10],,,122.61958822102066,1,309994,individuals,31380-dc155,columns.txt,1,initial_data,,,24820.168804074146,0.003921499315497109,3876.935129166358,0.003921499315497109
0,0,91668.0,0.08742141723632812,300,300,4.601e-05,[10],,,1900.0525371946994,1,1,individuals,31380-dc155,chr6n-3401-3601.tar.gz,1,,,,1886.3929640054757,0.08384267769607844,3830.5751883186254,0.08384267769607844
1,1,8191.92760505042,2421.806722640991,300,300,19.750569691,[10],,,122.61958822102066,1,309994,individuals,31380-dc155,ALL.chr6.250000.vcf,1,initial_data,,,24820.168804074146,0.003921499315497109,3876.935129166358,0.003921499315497109
1,1,1204.6947435085497,3.628183364868164,10,10,0.010445369,[10],,,347.34851060485886,1,3158,frequency,8371-dc111,sifted.SIFT.chr2.txt,3,sifting,,,16201.71591334321,0.05881990348585601,2765.2768318949647,0.05881990348585601
1,1,1204.6947435085497,3.628183364868164,10,10,0.010445369,[10],,,347.34851060485886,1,3158,frequency,8371-dc111,chr2n.tar.gz,3,individuals_merge,,,16201.71591334321,0.05881990348585601,2765.2768318949647,0.05881990348585601
1,0,1204.6947435085497,3.628183364868164,10,10,0.010445369,[10],,,347.34851060485886,1,3158,frequency,8371-dc111,columns.txt,3,initial_data,,,16201.71591334321,0.05881990348585601,2765.2768318949647,0.05881990348585601
0,0,1820.8502994011976,5.219913482666016,10,10,0.017585229,[10],,,296.83511557717077,1,3006,frequency,8371-dc111,chr2-ALL-freq.tar.gz,3,initial_data,,,1549.7014161239404,0.259391373502994,2792.596266404511,0.259391373502994
0,0,86845.0,0.08282184600830078,300,300,5.2802e-05,[10],,,1568.5361540907688,1,1,individuals,15007-dc026,chr1n-5801-6001.tar.gz,1,,,,1885.812040503221,0.07922506893382353,3827.144542321251,0.07922506893382353
1,1,8191.912280079227,2421.833441734314,300,300,19.684322733,[10],,,123.03361789909107,1,309998,individuals,15007-dc026,ALL.chr1.250000.vcf,1,initial_data,,,24820.17375686905,0.003921484643151833,3876.9362848386763,0.003921484643151833
1,1,8191.912280079227,2421.833441734314,300,300,19.684322733,[10],,,123.03361789909107,1,309998,individuals,15007-dc026,columns.txt,1,initial_data,,,24820.17375686905,0.003921484643151833,3876.9362848386763,0.003921484643151833
1,1,22051.423076923078,2.1871070861816406,10,10,0.000561244,[10],,,3896.891701615769,1,104,mutation_overlap,41338-dc146,sifted.SIFT.chr4.txt,3,sifting,,,24409.74703594765,0.017190777302507544,3781.1508240685785,0.017190777302507544
0,0,76810.875,0.5860204696655273,10,10,0.000263538,[10],,,2223.665921671741,1,8,mutation_overlap,41338-dc146,chr4-GBR.tar.gz,3,initial_data,,,1884.5849806636193,0.0696182550168505,3820.02956107501,0.0696182550168505
1,0,22051.423076923078,2.1871070861816406,10,10,0.000561244,[10],,,3896.891701615769,1,104,mutation_overlap,41338-dc146,columns.txt,3,initial_data,,,24409.74703594765,0.017190777302507544,3781.1508240685785,0.017190777302507544
1,1,22051.423076923078,2.1871070861816406,10,10,0.000561244,[10],,,3896.891701615769,1,104,mutation_overlap,41338-dc146,chr4n.tar.gz,3,individuals_merge,,,24409.74703594765,0.017190777302507544,3781.1508240685785,0.017190777302507544
0,0,99068.0,0.09447860717773438,300,300,5.1179e-05,[10],,,1846.0424622937996,1,1,individuals,28576-dc257,chr8n-3601-3801.tar.gz,1,,,,1887.2842834988799,0.09092754289215686,3835.8388790465065,0.09092754289215686
1,1,8191.922788330022,2421.789673805237,300,300,19.959956683,[10],,,121.33241130066618,1,309992,individuals,28576-dc257,ALL.chr8.250000.vcf,1,initial_data,,,24820.165599232438,0.003921494703900527,3876.9343813774494,0.003921494703900527
1,1,8191.922788330022,2421.789673805237,300,300,19.959956683,[10],,,121.33241130066618,1,309992,individuals,28576-dc257,columns.txt,1,initial_data,,,24820.165599232438,0.003921494703900527,3876.9343813774494,0.003921494703900527
1,1,8191.912230276168,2421.794364929199,300,300,19.659559076,[10],,,123.18660635098769,1,309993,individuals,25084-dc135,columns.txt,1,initial_data,,,24820.166444775197,0.003921484595469676,3876.9345786852778,0.003921484595469676
0,0,91804.0,0.08755111694335938,300,300,4.1109e-05,[10],,,2129.7311280585604,1,1,individuals,25084-dc135,chr3n-801-1001.tar.gz,1,,,,1886.409345012382,0.08397288602941176,3830.671926418489,0.08397288602941176
1,1,8191.912230276168,2421.794364929199,300,300,19.659559076,[10],,,123.18660635098769,1,309993,individuals,25084-dc135,ALL.chr3.250000.vcf,1,initial_data,,,24820.166444775197,0.003921484595469676,3876.9345786852778,0.003921484595469676
1,1,8191.930583199192,2421.8310403823853,300,300,19.745081827,[10],,,122.65490017218885,1,309997,individuals,39884-dc146,ALL.chr4.250000.vcf,1,initial_data,,,24820.173363437512,0.00392150216681908,3876.9361930125574,0.00392150216681908
0,0,75880.0,0.07236480712890625,300,300,3.502e-05,[10],,,2066.385126467911,1,1,individuals,39884-dc146,chr4n-1001-1201.tar.gz,1,,,,1884.4913218214406,0.06872702205882353,3819.3450330197356,0.06872702205882353
1,1,8191.930583199192,2421.8310403823853,300,300,19.745081827,[10],,,122.65490017218885,1,309997,individuals,39884-dc146,columns.txt,1,initial_data,,,24820.173363437512,0.00392150216681908,3876.9361930125574,0.00392150216681908
0,0,92237.0,0.08796405792236328,300,300,3.983e-05,[10],,,2208.487520019163,1,1,individuals,195121-dc260,chr9n-3201-3401.tar.gz,1,,,,1886.4614992476038,0.08438744638480392,3830.9799234570255,0.08438744638480392
1,1,8191.922137163246,2421.703544616699,300,300,19.947045462,[10],,,121.40662882782071,1,309981,individuals,195121-dc260,ALL.chr9.250000.vcf,1,initial_data,,,24820.14948099236,0.003921494080464198,3876.9306204595614,0.003921494080464198
1,1,8191.922137163246,2421.703544616699,300,300,19.947045462,[10],,,121.40662882782071,1,309981,individuals,195121-dc260,columns.txt,1,initial_data,,,24820.14948099236,0.003921494080464198,3876.9306204595614,0.003921494080464198
1,1,8191.912230276168,2421.794364929199,300,300,19.668538904,[10],,,123.13036452528144,1,309993,individuals,25165-dc135,ALL.chr3.250000.vcf,1,initial_data,,,24820.166444775197,0.003921484595469676,3876.9345786852778,0.003921484595469676
0,0,76360.0,0.07282257080078125,300,300,3.6219e-05,[10],,,2010.6179298374127,1,1,individuals,25165-dc135,chr3n-1401-1601.tar.gz,1,,,,1884.5491371399316,0.06918658088235294,3819.68646160749,0.06918658088235294
1,1,8191.912230276168,2421.794364929199,300,300,19.668538904,[10],,,123.13036452528144,1,309993,individuals,25165-dc135,columns.txt,1,initial_data,,,24820.166444775197,0.003921484595469676,3876.9345786852778,0.003921484595469676
0,0,97917.0,0.09338092803955078,300,300,4.493e-05,[10],,,2078.3647460394122,1,1,individuals,16017-dc177,chr7n-2601-2801.tar.gz,1,,,,1887.1456471830813,0.08982555912990196,3835.0201617454536,0.08982555912990196
1,1,8191.911930553494,2421.802088737488,300,300,19.769766148,[10],,,122.50029012014836,1,309994,individuals,16017-dc177,ALL.chr7.250000.vcf,1,initial_data,,,24820.167889117023,0.003921484308510928,3876.934915698439,0.003921484308510928
1,1,8191.911930553494,2421.802088737488,300,300,19.769766148,[10],,,122.50029012014836,1,309994,individuals,16017-dc177,columns.txt,1,initial_data,,,24820.167889117023,0.003921484308510928,3876.934915698439,0.003921484308510928
1,1,8191.912280079227,2421.833441734314,300,300,19.762046311,[10],,,122.54973010493691,1,309998,individuals,14972-dc026,columns.txt,1,initial_data,,,24820.17375686905,0.003921484643151833,3876.9362848386763,0.003921484643151833
0,0,90500.0,0.08630752563476562,300,300,5.5742e-05,[10],,,1548.339234953278,1,1,individuals,14972-dc026,chr1n-1001-1201.tar.gz,1,,,,1886.2522800638144,0.08272441789215686,3829.744378755089,0.08272441789215686
1,1,8191.912280079227,2421.833441734314,300,300,19.762046311,[10],,,122.54973010493691,1,309998,individuals,14972-dc026,ALL.chr1.250000.vcf,1,initial_data,,,24820.17375686905,0.003921484643151833,3876.9362848386763,0.003921484643151833
1,1,8191.912230276168,2421.794364929199,300,300,19.702208382,[10],,,122.9199447074044,1,309993,individuals,25153-dc135,columns.txt,1,initial_data,,,24820.166444775197,0.003921484595469676,3876.9345786852778,0.003921484595469676
0,0,86325.0,0.08232593536376953,300,300,4.78e-05,[10],,,1722.2999030077306,1,1,individuals,25153-dc135,chr3n-3201-3401.tar.gz,1,,,,1885.7494072415222,0.07872721354166666,3826.7746613511836,0.07872721354166666
1,1,8191.912230276168,2421.794364929199,300,300,19.702208382,[10],,,122.9199447074044,1,309993,individuals,25153-dc135,ALL.chr3.250000.vcf,1,initial_data,,,24820.166444775197,0.003921484595469676,3876.9345786852778,0.003921484595469676
1,0,1541.373268921095,4.564250946044922,10,10,0.009837429,[10],,,463.9678666087371,1,3105,frequency,17573-dc177,columns.txt,3,initial_data,,,16564.325706717056,0.1684157776435856,2780.2047053015203,0.1684157776435856
0,0,595.061272061272,1.7041864395141602,10,10,0.015876104,[10],,,107.34286192091966,1,3003,frequency,17573-dc177,chr7-GBR-freq.tar.gz,3,initial_data,,,664.4354881358229,0.553188825063825,1609.899211635715,0.553188825063825
1,1,1541.373268921095,4.564250946044922,10,10,0.009837429,[10],,,463.9678666087371,1,3105,frequency,17573-dc177,chr7n.tar.gz,3,individuals_merge,,,16564.325706717056,0.1684157776435856,2780.2047053015203,0.1684157776435856
1,1,1541.373268921095,4.564250946044922,10,10,0.009837429,[10],,,463.9678666087371,1,3105,frequency,17573-dc177,sifted.SIFT.chr7.txt,3,sifting,,,16564.325706717056,0.1684157776435856,2780.2047053015203,0.1684157776435856
1,1,27109.595238095237,3.2575693130493164,10,10,0.000848519,[10],,,3839.123594226312,1,126,mutation_overlap,33022-dc155,chr6n.tar.gz,3,individuals_merge,,,24425.396361320905,0.022033543235002333,3784.7952767161123,0.022033543235002333
0,0,167192.375,1.2755765914916992,10,10,0.000560984,[10],,,2273.819915526466,1,8,mutation_overlap,33022-dc155,chr6-SAS.tar.gz,3,initial_data,,,1895.449578189348,0.15615078795189952,3884.3451290238463,0.15615078795189952
1,1,27109.595238095237,3.2575693130493164,10,10,0.000848519,[10],,,3839.123594226312,1,126,mutation_overlap,33022-dc155,sifted.SIFT.chr6.txt,3,sifting,,,24425.396361320905,0.022033543235002333,3784.7952767161123,0.022033543235002333
1,0,27109.595238095237,3.2575693130493164,10,10,0.000848519,[10],,,3839.123594226312,1,126,mutation_overlap,33022-dc155,columns.txt,3,initial_data,,,24425.396361320905,0.022033543235002333,3784.7952767161123,0.022033543235002333
0,0,96822.0,0.09233665466308594,300,300,4.3059e-05,[10],,,2144.4217158569854,1,1,individuals,28572-dc257,chr8n-4601-4801.tar.gz,1,,,,1887.013755987774,0.08877719056372549,3834.241277779639,0.08877719056372549
1,1,8191.922788330022,2421.789673805237,300,300,19.977825739,[10],,,121.2238861948578,1,309992,individuals,28572-dc257,ALL.chr8.250000.vcf,1,initial_data,,,24820.165599232438,0.003921494703900527,3876.9343813774494,0.003921494703900527
1,1,8191.922788330022,2421.789673805237,300,300,19.977825739,[10],,,121.2238861948578,1,309992,individuals,28572-dc257,columns.txt,1,initial_data,,,24820.165599232438,0.003921494703900527,3876.9343813774494,0.003921494703900527
1,1,8191.930583199192,2421.8310403823853,300,300,19.744535678,[10],,,122.65829290079826,1,309997,individuals,39837-dc146,columns.txt,1,initial_data,,,24820.173363437512,0.00392150216681908,3876.9361930125574,0.00392150216681908
1,1,8191.930583199192,2421.8310403823853,300,300,19.744535678,[10],,,122.65829290079826,1,309997,individuals,39837-dc146,ALL.chr4.250000.vcf,1,initial_data,,,24820.173363437512,0.00392150216681908,3876.9361930125574,0.00392150216681908
0,0,76786.0,0.07322883605957031,300,300,3.874e-05,[10],,,1890.2642245629922,1,1,individuals,39837-dc146,chr4n-1801-2001.tar.gz,1,,,,1884.6004482350927,0.0695944393382353,3819.989479479122,0.0695944393382353
1,1,8191.912280079227,2421.833441734314,300,300,19.495880547,[10],,,124.22282932519212,1,309998,individuals,15025-dc026,columns.txt,1,initial_data,,,24820.17375686905,0.003921484643151833,3876.9362848386763,0.003921484643151833
0,0,83840.0,0.0799560546875,300,300,4.7662e-05,[10],,,1677.5639857223784,1,1,individuals,15025-dc026,chr1n-401-601.tar.gz,1,,,,1885.4500925197508,0.07634803921568628,3825.007057099997,0.07634803921568628
1,1,8191.912280079227,2421.833441734314,300,300,19.495880547,[10],,,124.22282932519212,1,309998,individuals,15025-dc026,ALL.chr1.250000.vcf,1,initial_data,,,24820.17375686905,0.003921484643151833,3876.9362848386763,0.003921484643151833
1,1,1149.3950656840757,3.421079635620117,10,10,0.009701543,[10],,,352.63252820918456,1,3121,frequency,33018-dc155,sifted.SIFT.chr6.txt,3,sifting,,,16142.17237004832,0.04081870627736839,2762.8248855701004,0.04081870627736839
1,1,1149.3950656840757,3.421079635620117,10,10,0.009701543,[10],,,352.63252820918456,1,3121,frequency,33018-dc155,chr6n.tar.gz,3,individuals_merge,,,16142.17237004832,0.04081870627736839,2762.8248855701004,0.04081870627736839
1,0,1149.3950656840757,3.421079635620117,10,10,0.009701543,[10],,,352.63252820918456,1,3121,frequency,33018-dc155,columns.txt,3,initial_data,,,16142.17237004832,0.04081870627736839,2762.8248855701004,0.04081870627736839
0,0,1540.3436460412508,4.415772438049316,10,10,0.016835229,[10],,,262.2935772390929,1,3006,frequency,33018-dc155,chr6-EUR-freq.tar.gz,3,initial_data,,,1537.0342263272084,0.1680806139457197,2780.158963363222,0.1680806139457197
0,0,84587.0,0.08066844940185547,300,300,3.8529e-05,[10],,,2093.7073218057944,1,1,individuals,6743-dc111,chr2n-1001-1201.tar.gz,1,,,,1885.5400676091526,0.07706322763480392,3825.5384053396897,0.07706322763480392
1,1,8191.921474379654,2421.75803565979,300,300,19.645846125,[10],,,123.27074233662157,1,309988,individuals,6743-dc111,columns.txt,1,initial_data,,,24820.15967517859,0.003921493445905765,3876.9329991014793,0.003921493445905765
1,1,8191.921474379654,2421.75803565979,300,300,19.645846125,[10],,,123.27074233662157,1,309988,individuals,6743-dc111,ALL.chr2.250000.vcf,1,initial_data,,,24820.15967517859,0.003921493445905765,3876.9329991014793,0.003921493445905765
1,1,1493.4070851460535,4.583152770996094,10,10,0.010584452,[10],,,433.00803584314934,1,3218,frequency,17870-dc026,sifted.SIFT.chr1.txt,3,sifting,,,16512.62128330962,0.1528017855293143,2778.078043111387,0.1528017855293143
1,1,1493.4070851460535,4.583152770996094,10,10,0.010584452,[10],,,433.00803584314934,1,3218,frequency,17870-dc026,chr1n.tar.gz,3,individuals_merge,,,16512.62128330962,0.1528017855293143,2778.078043111387,0.1528017855293143
1,0,1493.4070851460535,4.583152770996094,10,10,0.010584452,[10],,,433.00803584314934,1,3218,frequency,17870-dc026,columns.txt,3,initial_data,,,16512.62128330962,0.1528017855293143,2778.078043111387,0.1528017855293143
0,0,2036.381443298969,5.839728355407715,10,10,0.016386006,[10],,,356.38509807745186,1,3007,frequency,17870-dc026,chr1-AFR-freq.tar.gz,3,initial_data,,,1559.4343391732311,0.32955125107388317,2802.1526403995376,0.32955125107388317
0,0,83609.0,0.07973575592041016,300,300,4.2769e-05,[10],,,1864.3352877179768,1,1,individuals,25020-dc135,chr3n-201-401.tar.gz,1,,,,1885.4222688977268,0.07612687653186274,3824.84274459214,0.07612687653186274
1,1,8191.912230276168,2421.794364929199,300,300,19.684440309,[10],,,123.03089785194051,1,309993,individuals,25020-dc135,columns.txt,1,initial_data,,,24820.166444775197,0.003921484595469676,3876.9345786852778,0.003921484595469676
1,1,8191.912230276168,2421.794364929199,300,300,19.684440309,[10],,,123.03089785194051,1,309993,individuals,25020-dc135,ALL.chr3.250000.vcf,1,initial_data,,,24820.166444775197,0.003921484595469676,3876.9345786852778,0.003921484595469676
1,1,27617.31067961165,2.71280574798584,10,10,0.00057294,[10],,,4734.88628475205,1,103,mutation_overlap,196149-dc273,chr10n.tar.gz,3,individuals_merge,,,24426.845126738983,0.02251963721623358,3785.132613700959,0.02251963721623358
1,1,27617.31067961165,2.71280574798584,10,10,0.00057294,[10],,,4734.88628475205,1,103,mutation_overlap,196149-dc273,sifted.SIFT.chr10.txt,3,sifting,,,24426.845126738983,0.02251963721623358,3785.132613700959,0.02251963721623358
1,0,27617.31067961165,2.71280574798584,10,10,0.00057294,[10],,,4734.88628475205,1,103,mutation_overlap,196149-dc273,columns.txt,3,initial_data,,,24426.845126738983,0.02251963721623358,3785.132613700959,0.02251963721623358
0,0,152932.875,1.1667852401733398,10,10,0.000411805,[10],,,2833.344034611867,1,8,mutation_overlap,196149-dc273,chr10-EAS.tar.gz,3,initial_data,,,1893.7354693460766,0.14249853994332107,3874.1980542224055,0.14249853994332107
0,0,91926.0,0.08766746520996094,300,300,3.894e-05,[10],,,2251.347334616357,1,1,individuals,195103-dc260,chr9n-801-1001.tar.gz,1,,,,1886.424039739165,0.08408969056372549,3830.7587061845434,0.08408969056372549
1,1,8191.922137163246,2421.703544616699,300,300,19.981656584,[10],,,121.19633497033678,1,309981,individuals,195103-dc260,ALL.chr9.250000.vcf,1,initial_data,,,24820.14948099236,0.003921494080464198,3876.9306204595614,0.003921494080464198
1,1,8191.922137163246,2421.703544616699,300,300,19.981656584,[10],,,121.19633497033678,1,309981,individuals,195103-dc260,columns.txt,1,initial_data,,,24820.14948099236,0.003921494080464198,3876.9306204595614,0.003921494080464198
1,1,8191.912280079227,2421.833441734314,300,300,19.650499742,[10],,,123.24538681110525,1,309998,individuals,13926-dc026,ALL.chr1.250000.vcf,1,initial_data,,,24820.17375686905,0.003921484643151833,3876.9362848386763,0.003921484643151833
1,1,8191.912280079227,2421.833441734314,300,300,19.650499742,[10],,,123.24538681110525,1,309998,individuals,13926-dc026,columns.txt,1,initial_data,,,24820.17375686905,0.003921484643151833,3876.9362848386763,0.003921484643151833
0,0,96556.0,0.09208297729492188,300,300,5.0501e-05,[10],,,1823.3891862521905,1,1,individuals,13926-dc026,chr1n-2001-2201.tar.gz,1,,,,1886.9817166654432,0.08852251838235294,3834.052069437258,0.08852251838235294
0,0,82935.0,0.07909297943115234,300,300,5.0709e-05,[10],,,1559.7424408123281,1,1,individuals,25163-dc135,chr3n-2801-3001.tar.gz,1,,,,1885.341086554679,0.0754815793504902,3824.363321950168,0.0754815793504902
1,1,8191.912230276168,2421.794364929199,300,300,19.725664792,[10],,,122.77377672520267,1,309993,individuals,25163-dc135,columns.txt,1,initial_data,,,24820.166444775197,0.003921484595469676,3876.9345786852778,0.003921484595469676
1,1,8191.912230276168,2421.794364929199,300,300,19.725664792,[10],,,122.77377672520267,1,309993,individuals,25163-dc135,ALL.chr3.250000.vcf,1,initial_data,,,24820.166444775197,0.003921484595469676,3876.9345786852778,0.003921484595469676
1,1,8191.911930553494,2421.802088737488,300,300,19.834229003,[10],,,122.10215422899378,1,309994,individuals,16005-dc177,columns.txt,1,initial_data,,,24820.167889117023,0.003921484308510928,3876.934915698439,0.003921484308510928
1,1,8191.911930553494,2421.802088737488,300,300,19.834229003,[10],,,122.10215422899378,1,309994,individuals,16005-dc177,ALL.chr7.250000.vcf,1,initial_data,,,24820.167889117023,0.003921484308510928,3876.934915698439,0.003921484308510928
0,0,99586.0,0.09497261047363281,300,300,4.778e-05,[10],,,1987.7063724075515,1,1,individuals,16005-dc177,chr7n-4001-4201.tar.gz,1,,,,1887.346675863418,0.09142348345588236,3836.207337397458,0.09142348345588236
0,0,82482.0,0.07866096496582031,300,300,4.7669e-05,[10],,,1650.149257710888,1,1,individuals,39876-dc146,chr4n-2001-2201.tar.gz,1,,,,1885.2865233478533,0.07504787071078431,3824.0410987204746,0.07504787071078431
1,1,8191.930583199192,2421.8310403823853,300,300,19.799970088,[10],,,122.31488379117118,1,309997,individuals,39876-dc146,columns.txt,1,initial_data,,,24820.173363437512,0.00392150216681908,3876.9361930125574,0.00392150216681908
1,1,8191.930583199192,2421.8310403823853,300,300,19.799970088,[10],,,122.31488379117118,1,309997,individuals,39876-dc146,ALL.chr4.250000.vcf,1,initial_data,,,24820.173363437512,0.00392150216681908,3876.9361930125574,0.00392150216681908
1,1,8191.928799979357,2422.0726985931396,300,300,20.202448281,[10],,,119.89005812087889,1,310028,individuals,194627-dc273,ALL.chr10.250000.vcf,1,initial_data,,,24820.218576395022,0.003921500459539059,3876.94674269422,0.003921500459539059
1,1,8191.928799979357,2422.0726985931396,300,300,20.202448281,[10],,,119.89005812087889,1,310028,individuals,194627-dc273,columns.txt,1,initial_data,,,24820.218576395022,0.003921500459539059,3876.94674269422,0.003921500459539059
0,0,83074.0,0.07922554016113281,300,300,5.8339e-05,[10],,,1358.0201950861826,1,1,individuals,194627-dc273,chr10n-1801-2001.tar.gz,1,,,,1885.3578289073253,0.07561465992647058,3824.4621939787053,0.07561465992647058
1,1,8191.930583199192,2421.8310403823853,300,300,19.723689007,[10],,,122.78793482917266,1,309997,individuals,39880-dc146,columns.txt,1,initial_data,,,24820.173363437512,0.00392150216681908,3876.9361930125574,0.00392150216681908
1,1,8191.930583199192,2421.8310403823853,300,300,19.723689007,[10],,,122.78793482917266,1,309997,individuals,39880-dc146,ALL.chr4.250000.vcf,1,initial_data,,,24820.173363437512,0.00392150216681908,3876.9361930125574,0.00392150216681908
0,0,90281.0,0.08609867095947266,300,300,4.8719e-05,[10],,,1767.2503737653208,1,1,individuals,39880-dc146,chr4n-801-1001.tar.gz,1,,,,1886.2259018247528,0.08251474417892157,3829.5886019619265,0.08251474417892157
1,1,8191.922788330022,2421.789673805237,300,300,19.965813483,[10],,,121.29681947932062,1,309992,individuals,28558-dc257,ALL.chr8.250000.vcf,1,initial_data,,,24820.165599232438,0.003921494703900527,3876.9343813774494,0.003921494703900527
1,1,8191.922788330022,2421.789673805237,300,300,19.965813483,[10],,,121.29681947932062,1,309992,individuals,28558-dc257,columns.txt,1,initial_data,,,24820.165599232438,0.003921494703900527,3876.9343813774494,0.003921494703900527
0,0,91908.0,0.08765029907226562,300,300,4.397e-05,[10],,,1993.411395775884,1,1,individuals,28558-dc257,chr8n-5801-6001.tar.gz,1,,,,1886.4218716647215,0.08407245710784314,3830.7459026125025,0.08407245710784314
1,1,8191.921474379654,2421.75803565979,300,300,19.612102787,[10],,,123.48283414387706,1,309988,individuals,6831-dc111,columns.txt,1,initial_data,,,24820.15967517859,0.003921493445905765,3876.9329991014793,0.003921493445905765
1,1,8191.921474379654,2421.75803565979,300,300,19.612102787,[10],,,123.48283414387706,1,309988,individuals,6831-dc111,ALL.chr2.250000.vcf,1,initial_data,,,24820.15967517859,0.003921493445905765,3876.9329991014793,0.003921493445905765
0,0,90027.0,0.08585643768310547,300,300,4.659e-05,[10],,,1842.8082782379367,1,1,individuals,6831-dc111,chr2n-5601-5801.tar.gz,1,,,,1886.1953078853846,0.08227156096813726,3829.40792933424,0.08227156096813726
0,0,89304.0,0.08516693115234375,300,300,4.579e-05,[10],,,1859.9460832571249,1,1,individuals,194914-dc260,chr9n-5801-6001.tar.gz,1,,,,1886.1082235619076,0.08157935049019607,3828.8936525239346,0.08157935049019607
1,1,8191.922137163246,2421.703544616699,300,300,19.968380384,[10],,,121.27691370288248,1,309981,individuals,194914-dc260,ALL.chr9.250000.vcf,1,initial_data,,,24820.14948099236,0.003921494080464198,3876.9306204595614,0.003921494080464198
1,1,8191.922137163246,2421.703544616699,300,300,19.968380384,[10],,,121.27691370288248,1,309981,individuals,194914-dc260,columns.txt,1,initial_data,,,24820.14948099236,0.003921494080464198,3876.9306204595614,0.003921494080464198
1,1,27896.80769230769,2.766864776611328,10,10,0.000691414,[10],,,4001.7482674798716,1,104,mutation_overlap,41413-dc146,sifted.SIFT.chr4.txt,3,sifting,,,24427.708901453658,0.022787231629430617,3785.33377121108,0.022787231629430617
0,0,153638.25,1.1721668243408203,10,10,0.000453454,[10],,,2584.9740532464602,1,8,mutation_overlap,41413-dc146,chr4-EAS.tar.gz,3,initial_data,,,1893.8202612059122,0.1431738759957108,3874.6999997946955,0.1431738759957108
1,1,27896.80769230769,2.766864776611328,10,10,0.000691414,[10],,,4001.7482674798716,1,104,mutation_overlap,41413-dc146,chr4n.tar.gz,3,individuals_merge,,,24427.708901453658,0.022787231629430617,3785.33377121108,0.022787231629430617
1,0,27896.80769230769,2.766864776611328,10,10,0.000691414,[10],,,4001.7482674798716,1,104,mutation_overlap,41413-dc146,columns.txt,3,initial_data,,,24427.708901453658,0.022787231629430617,3785.33377121108,0.022787231629430617
0,0,87448.0,0.08339691162109375,300,300,4.3489e-05,[10],,,1917.6553064244692,1,1,individuals,28584-dc257,chr8n-601-801.tar.gz,1,,,,1885.8846709970753,0.07980238970588235,3827.573461984618,0.07980238970588235
1,1,8191.922788330022,2421.789673805237,300,300,19.988041779,[10],,,121.1619277457003,1,309992,individuals,28584-dc257,columns.txt,1,initial_data,,,24820.165599232438,0.003921494703900527,3876.9343813774494,0.003921494703900527
1,1,8191.922788330022,2421.789673805237,300,300,19.988041779,[10],,,121.1619277457003,1,309992,individuals,28584-dc257,ALL.chr8.250000.vcf,1,initial_data,,,24820.165599232438,0.003921494703900527,3876.9343813774494,0.003921494703900527
1,0,30766.63779527559,3.726351737976074,10,10,0.000881528,[10],,,4227.150740505207,1,127,mutation_overlap,33024-dc155,columns.txt,3,initial_data,,,24436.65367394578,0.02553484776661649,3787.4168811049294,0.02553484776661649
0,0,209805.11111111112,1.800771713256836,10,10,0.000829121,[10],,,2171.9045992766264,1,9,mutation_overlap,33024-dc155,chr6-AFR.tar.gz,3,initial_data,,,1900.564773859382,0.19694882727396515,3914.6771315450524,0.19694882727396515
1,1,30766.63779527559,3.726351737976074,10,10,0.000881528,[10],,,4227.150740505207,1,127,mutation_overlap,33024-dc155,chr6n.tar.gz,3,individuals_merge,,,24436.65367394578,0.02553484776661649,3787.4168811049294,0.02553484776661649
1,1,30766.63779527559,3.726351737976074,10,10,0.000881528,[10],,,4227.150740505207,1,127,mutation_overlap,33024-dc155,sifted.SIFT.chr6.txt,3,sifting,,,24436.65367394578,0.02553484776661649,3787.4168811049294,0.02553484776661649
1,1,8191.929237568348,2421.8150177001953,300,300,19.600539755,[10],,,123.55858807829016,1,309995,individuals,65418-dc148,columns.txt,1,initial_data,,,24820.170361208417,0.00392150087849298,3876.9354924950358,0.00392150087849298
0,0,75684.0,0.07217788696289062,300,300,4.095e-05,[10],,,1762.5857622195513,1,1,individuals,65418-dc148,chr5n-3601-3801.tar.gz,1,,,,1884.4677138997233,0.06853936887254902,3819.205616346402,0.06853936887254902
1,1,8191.929237568348,2421.8150177001953,300,300,19.600539755,[10],,,123.55858807829016,1,309995,individuals,65418-dc148,ALL.chr5.250000.vcf,1,initial_data,,,24820.170361208417,0.00392150087849298,3876.9354924950358,0.00392150087849298
1,0,131656.55244755244,17.954718589782715,10,10,0.003001926,[10],,,5981.066351996257,1,143,mutation_overlap,26688-dc135,columns.txt,3,initial_data,,,24747.46108568853,0.1221282862740813,3859.797860305669,0.1221282862740813
1,1,131656.55244755244,17.954718589782715,10,10,0.003001926,[10],,,5981.066351996257,1,143,mutation_overlap,26688-dc135,chr3n.tar.gz,3,individuals_merge,,,24747.46108568853,0.1221282862740813,3859.797860305669,0.1221282862740813
0,0,786901.2857142857,15.759398460388184,10,10,0.005509928,[10],,,2860.182285574001,1,21,mutation_overlap,26688-dc135,chr3-ALL.tar.gz,3,initial_data,,,1969.5923843644084,0.7494689086572128,4325.75656963319,0.7494689086572128
1,1,131656.55244755244,17.954718589782715,10,10,0.003001926,[10],,,5981.066351996257,1,143,mutation_overlap,26688-dc135,sifted.SIFT.chr3.txt,3,sifting,,,24747.46108568853,0.1221282862740813,3859.797860305669,0.1221282862740813
1,1,8191.922788330022,2421.789673805237,300,300,19.965490545,[10],,,121.29878143223135,1,309992,individuals,28570-dc257,columns.txt,1,initial_data,,,24820.165599232438,0.003921494703900527,3876.9343813774494,0.003921494703900527
1,1,8191.922788330022,2421.789673805237,300,300,19.965490545,[10],,,121.29878143223135,1,309992,individuals,28570-dc257,ALL.chr8.250000.vcf,1,initial_data,,,24820.165599232438,0.003921494703900527,3876.9343813774494,0.003921494703900527
0,0,85186.0,0.08123970031738281,300,300,3.8609e-05,[10],,,2104.1648402544174,1,1,individuals,28570-dc257,chr8n-3401-3601.tar.gz,1,,,,1885.6122163086861,0.07763671875,3825.964479764825,0.07763671875
0,0,103500.0,0.09870529174804688,300,300,4.803e-05,[10],,,2055.0758223620005,1,1,individuals,15820-dc177,chr7n-3801-4001.tar.gz,1,,,,1887.8181116062808,0.09517080269607843,3838.9914030067725,0.09517080269607843
1,1,8191.911930553494,2421.802088737488,300,300,19.748555047,[10],,,122.63186258304926,1,309994,individuals,15820-dc177,ALL.chr7.250000.vcf,1,initial_data,,,24820.167889117023,0.003921484308510928,3876.934915698439,0.003921484308510928
1,1,8191.911930553494,2421.802088737488,300,300,19.748555047,[10],,,122.63186258304926,1,309994,individuals,15820-dc177,columns.txt,1,initial_data,,,24820.167889117023,0.003921484308510928,3876.934915698439,0.003921484308510928
1,1,27867.89423076923,2.7639970779418945,10,10,0.000646814,[10],,,4273.248689641681,1,104,mutation_overlap,41360-dc146,chr4n.tar.gz,3,individuals_merge,,,24427.620055339732,0.022759549470329,3785.3130807879033,0.022759549470329
1,0,27867.89423076923,2.7639970779418945,10,10,0.000646814,[10],,,4273.248689641681,1,104,mutation_overlap,41360-dc146,columns.txt,3,initial_data,,,24427.620055339732,0.022759549470329,3785.3130807879033,0.022759549470329
1,1,27867.89423076923,2.7639970779418945,10,10,0.000646814,[10],,,4273.248689641681,1,104,mutation_overlap,41360-dc146,sifted.SIFT.chr4.txt,3,sifting,,,24427.620055339732,0.022759549470329,3785.3130807879033,0.022759549470329
0,0,153107.0,1.1681137084960938,10,10,0.000437244,[10],,,2671.537421888222,1,8,mutation_overlap,41360-dc146,chr4-EUR.tar.gz,3,initial_data,,,1893.7564005990894,0.14266524969362746,3874.321961750706,0.14266524969362746
0,0,99754.0,0.09513282775878906,300,300,4.2509e-05,[10],,,2237.9455587943507,1,1,individuals,28586-dc257,chr8n-4801-5001.tar.gz,1,,,,1887.36691122489,0.09158432904411765,3836.3268374031722,0.09158432904411765
1,1,8191.922788330022,2421.789673805237,300,300,19.976478738,[10],,,121.23206024285042,1,309992,individuals,28586-dc257,columns.txt,1,initial_data,,,24820.165599232438,0.003921494703900527,3876.9343813774494,0.003921494703900527
1,1,8191.922788330022,2421.789673805237,300,300,19.976478738,[10],,,121.23206024285042,1,309992,individuals,28586-dc257,ALL.chr8.250000.vcf,1,initial_data,,,24820.165599232438,0.003921494703900527,3876.9343813774494,0.003921494703900527
1,1,8191.922137163246,2421.703544616699,300,300,19.944820909,[10],,,121.42016996121122,1,309981,individuals,195107-dc260,ALL.chr9.250000.vcf,1,initial_data,,,24820.14948099236,0.003921494080464198,3876.9306204595614,0.003921494080464198
0,0,104591.0,0.0997457504272461,300,300,4.848e-05,[10],,,2057.4618487468256,1,1,individuals,195107-dc260,chr9n-2401-2601.tar.gz,1,,,,1887.9495210072678,0.09621534160539216,3839.7674417343565,0.09621534160539216
1,1,8191.922137163246,2421.703544616699,300,300,19.944820909,[10],,,121.42016996121122,1,309981,individuals,195107-dc260,columns.txt,1,initial_data,,,24820.14948099236,0.003921494080464198,3876.9306204595614,0.003921494080464198
1,1,8191.930583199192,2421.8310403823853,300,300,19.722719144,[10],,,122.79397291519761,1,309997,individuals,39754-dc146,columns.txt,1,initial_data,,,24820.173363437512,0.00392150216681908,3876.9361930125574,0.00392150216681908
1,1,8191.930583199192,2421.8310403823853,300,300,19.722719144,[10],,,122.79397291519761,1,309997,individuals,39754-dc146,ALL.chr4.250000.vcf,1,initial_data,,,24820.173363437512,0.00392150216681908,3876.9361930125574,0.00392150216681908
0,0,82465.0,0.0786447525024414,300,300,4.437e-05,[10],,,1772.4758283173633,1,1,individuals,39754-dc146,chr4n-4001-4201.tar.gz,1,,,,1885.28447572199,0.07503159466911764,3824.0290064579917,0.07503159466911764
1,1,8191.930583199192,2421.8310403823853,300,300,19.81668707,[10],,,122.21170127113407,1,309997,individuals,39863-dc146,columns.txt,1,initial_data,,,24820.173363437512,0.00392150216681908,3876.9361930125574,0.00392150216681908
0,0,82905.0,0.07906436920166016,300,300,4.853e-05,[10],,,1629.1854358471082,1,1,individuals,39863-dc146,chr4n-5801-6001.tar.gz,1,,,,1885.3374730972737,0.07545285692401961,3824.3419826634336,0.07545285692401961
1,1,8191.930583199192,2421.8310403823853,300,300,19.81668707,[10],,,122.21170127113407,1,309997,individuals,39863-dc146,ALL.chr4.250000.vcf,1,initial_data,,,24820.173363437512,0.00392150216681908,3876.9361930125574,0.00392150216681908
1,1,8191.921474379654,2421.75803565979,300,300,19.683488363,[10],,,123.03500228201854,1,309988,individuals,6816-dc111,columns.txt,1,initial_data,,,24820.15967517859,0.003921493445905765,3876.9329991014793,0.003921493445905765
1,1,8191.921474379654,2421.75803565979,300,300,19.683488363,[10],,,123.03500228201854,1,309988,individuals,6816-dc111,ALL.chr2.250000.vcf,1,initial_data,,,24820.15967517859,0.003921493445905765,3876.9329991014793,0.003921493445905765
0,0,72042.0,0.06870460510253906,300,300,4.2809e-05,[10],,,1604.9103016314107,1,1,individuals,6816-dc111,chr2n-1601-1801.tar.gz,1,,,,1884.0290401706725,0.0650524662990196,3816.6150269368154,0.0650524662990196
0,0,96230.0,0.09177207946777344,300,300,4.6992e-05,[10],,,1952.9298490758733,1,1,individuals,14980-dc026,chr1n-201-401.tar.gz,1,,,,1886.9424504283015,0.08821040134803922,3833.8201825214082,0.08821040134803922
1,1,8191.912280079227,2421.833441734314,300,300,19.502535602,[10],,,124.18043946480238,1,309998,individuals,14980-dc026,columns.txt,1,initial_data,,,24820.17375686905,0.003921484643151833,3876.9362848386763,0.003921484643151833
1,1,8191.912280079227,2421.833441734314,300,300,19.502535602,[10],,,124.18043946480238,1,309998,individuals,14980-dc026,ALL.chr1.250000.vcf,1,initial_data,,,24820.17375686905,0.003921484643151833,3876.9362848386763,0.003921484643151833
1,1,8191.922788330022,2421.789673805237,300,300,19.987515347,[10],,,121.1651189135288,1,309992,individuals,28488-dc257,columns.txt,1,initial_data,,,24820.165599232438,0.003921494703900527,3876.9343813774494,0.003921494703900527
1,1,8191.922788330022,2421.789673805237,300,300,19.987515347,[10],,,121.1651189135288,1,309992,individuals,28488-dc257,ALL.chr8.250000.vcf,1,initial_data,,,24820.165599232438,0.003921494703900527,3876.9343813774494,0.003921494703900527
0,0,82244.0,0.07843399047851562,300,300,3.851e-05,[10],,,2036.7174884060146,1,1,individuals,28488-dc257,chr8n-1801-2001.tar.gz,1,,,,1885.257856585768,0.07482000612745097,3823.8718070457135,0.07482000612745097
1,1,8191.912280079227,2421.833441734314,300,300,19.825955132,[10],,,122.1546919485036,1,309998,individuals,14738-dc026,ALL.chr1.250000.vcf,1,initial_data,,,24820.17375686905,0.003921484643151833,3876.9362848386763,0.003921484643151833
0,0,47789.0,0.04557514190673828,300,300,2.8801e-05,[10],,,1582.4152601207695,1,1,individuals,14738-dc026,chr1n-1-201.tar.gz,1,,,,1881.1078007553313,0.04183229932598039,3799.363636230964,0.04183229932598039
1,1,8191.912280079227,2421.833441734314,300,300,19.825955132,[10],,,122.1546919485036,1,309998,individuals,14738-dc026,columns.txt,1,initial_data,,,24820.17375686905,0.003921484643151833,3876.9362848386763,0.003921484643151833
0,0,87024.0,0.0829925537109375,300,300,4.8182e-05,[10],,,1722.4804638856315,1,1,individuals,14648-dc026,chr1n-5001-5201.tar.gz,1,,,,1885.8336007990747,0.07939644607843137,3827.271866732101,0.07939644607843137
1,1,8191.912280079227,2421.833441734314,300,300,19.875737993,[10],,,121.84873047668745,1,309998,individuals,14648-dc026,columns.txt,1,initial_data,,,24820.17375686905,0.003921484643151833,3876.9362848386763,0.003921484643151833
1,1,8191.912280079227,2421.833441734314,300,300,19.875737993,[10],,,121.84873047668745,1,309998,individuals,14648-dc026,ALL.chr1.250000.vcf,1,initial_data,,,24820.17375686905,0.003921484643151833,3876.9362848386763,0.003921484643151833
1,1,8191.928799979357,2422.0726985931396,300,300,20.192468878,[10],,,119.94930947904169,1,310028,individuals,194625-dc273,ALL.chr10.250000.vcf,1,initial_data,,,24820.218576395022,0.003921500459539059,3876.94674269422,0.003921500459539059
1,1,8191.928799979357,2422.0726985931396,300,300,20.192468878,[10],,,119.94930947904169,1,310028,individuals,194625-dc273,columns.txt,1,initial_data,,,24820.218576395022,0.003921500459539059,3876.94674269422,0.003921500459539059
0,0,109551.0,0.1044759750366211,300,300,5.234e-05,[10],,,1996.1019303901624,1,1,individuals,194625-dc273,chr10n-401-601.tar.gz,1,,,,1888.5469459650085,0.10096411611519608,3843.2955371411517,0.10096411611519608
1,1,8191.912280079227,2421.833441734314,300,300,19.572288023,[10],,,123.7378807673555,1,309998,individuals,14977-dc026,ALL.chr1.250000.vcf,1,initial_data,,,24820.17375686905,0.003921484643151833,3876.9362848386763,0.003921484643151833
0,0,88634.0,0.08452796936035156,300,300,3.9171e-05,[10],,,2157.9221710028223,1,1,individuals,14977-dc026,chr1n-601-801.tar.gz,1,,,,1886.0275230131804,0.08093788296568627,3828.417075120194,0.08093788296568627
1,1,8191.912280079227,2421.833441734314,300,300,19.572288023,[10],,,123.7378807673555,1,309998,individuals,14977-dc026,columns.txt,1,initial_data,,,24820.17375686905,0.003921484643151833,3876.9362848386763,0.003921484643151833
1,1,8191.922788330022,2421.789673805237,300,300,19.994636614,[10],,,121.12196488279908,1,309992,individuals,28440-dc257,columns.txt,1,initial_data,,,24820.165599232438,0.003921494703900527,3876.9343813774494,0.003921494703900527
1,1,8191.922788330022,2421.789673805237,300,300,19.994636614,[10],,,121.12196488279908,1,309992,individuals,28440-dc257,ALL.chr8.250000.vcf,1,initial_data,,,24820.165599232438,0.003921494703900527,3876.9343813774494,0.003921494703900527
0,0,107777.0,0.1027841567993164,300,300,5.2709e-05,[10],,,1950.0304843445408,1,1,individuals,28440-dc257,chr8n-4401-4601.tar.gz,1,,,,1888.3332701837521,0.09926566329656862,3842.0336739855766,0.09926566329656862
0,0,98479.0,0.0939168930053711,300,300,5.5999e-05,[10],,,1677.1173236195486,1,1,individuals,28578-dc257,chr8n-801-1001.tar.gz,1,,,,1887.2133392851479,0.09036362591911765,3835.4199177169494,0.09036362591911765
1,1,8191.922788330022,2421.789673805237,300,300,19.971140383,[10],,,121.26446599247444,1,309992,individuals,28578-dc257,ALL.chr8.250000.vcf,1,initial_data,,,24820.165599232438,0.003921494703900527,3876.9343813774494,0.003921494703900527
1,1,8191.922788330022,2421.789673805237,300,300,19.971140383,[10],,,121.26446599247444,1,309992,individuals,28578-dc257,columns.txt,1,initial_data,,,24820.165599232438,0.003921494703900527,3876.9343813774494,0.003921494703900527
1,1,8191.922788330022,2421.789673805237,300,300,19.957373081,[10],,,121.34811851119079,1,309992,individuals,28566-dc257,ALL.chr8.250000.vcf,1,initial_data,,,24820.165599232438,0.003921494703900527,3876.9343813774494,0.003921494703900527
0,0,77633.0,0.0740365982055664,300,300,3.4679e-05,[10],,,2134.911566237966,1,1,individuals,28566-dc257,chr8n-1601-1801.tar.gz,1,,,,1884.702468182513,0.07040536917892157,3820.5919586745968,0.07040536917892157
1,1,8191.922788330022,2421.789673805237,300,300,19.957373081,[10],,,121.34811851119079,1,309992,individuals,28566-dc257,columns.txt,1,initial_data,,,24820.165599232438,0.003921494703900527,3876.9343813774494,0.003921494703900527
1,1,8191.921474379654,2421.75803565979,300,300,19.622742657,[10],,,123.41587911493498,1,309988,individuals,6728-dc111,columns.txt,1,initial_data,,,24820.15967517859,0.003921493445905765,3876.9329991014793,0.003921493445905765
0,0,85815.0,0.08183956146240234,300,300,4.657e-05,[10],,,1757.3451033369624,1,1,individuals,6728-dc111,chr2n-2601-2801.tar.gz,1,,,,1885.6879784656253,0.07823893229166666,3826.411893476695,0.07823893229166666
1,1,8191.921474379654,2421.75803565979,300,300,19.622742657,[10],,,123.41587911493498,1,309988,individuals,6728-dc111,ALL.chr2.250000.vcf,1,initial_data,,,24820.15967517859,0.003921493445905765,3876.9329991014793,0.003921493445905765
1,1,8191.922788330022,2421.789673805237,300,300,19.973020792,[10],,,121.25304925208215,1,309992,individuals,28352-dc257,columns.txt,1,initial_data,,,24820.165599232438,0.003921494703900527,3876.9343813774494,0.003921494703900527
1,1,8191.922788330022,2421.789673805237,300,300,19.973020792,[10],,,121.25304925208215,1,309992,individuals,28352-dc257,ALL.chr8.250000.vcf,1,initial_data,,,24820.165599232438,0.003921494703900527,3876.9343813774494,0.003921494703900527
0,0,78806.0,0.07515525817871094,300,300,3.5559e-05,[10],,,2113.536887390279,1,1,individuals,28352-dc257,chr8n-2601-2801.tar.gz,1,,,,1884.843754367076,0.07152841605392157,3821.4263247859217,0.07152841605392157
0,0,98949.0,0.09436511993408203,300,300,5.2249e-05,[10],,,1806.0655693713186,1,1,individuals,31408-dc155,chr6n-1801-2001.tar.gz,1,,,,1887.2699501178372,0.0908136106004902,3835.7542332091252,0.0908136106004902
1,1,8191.92760505042,2421.806722640991,300,300,19.836317877,[10],,,122.08952980376719,1,309994,individuals,31408-dc155,ALL.chr6.250000.vcf,1,initial_data,,,24820.168804074146,0.003921499315497109,3876.935129166358,0.003921499315497109
1,1,8191.92760505042,2421.806722640991,300,300,19.836317877,[10],,,122.08952980376719,1,309994,individuals,31408-dc155,columns.txt,1,initial_data,,,24820.168804074146,0.003921499315497109,3876.935129166358,0.003921499315497109
1,1,8191.930583199192,2421.8310403823853,300,300,19.725912523,[10],,,122.77409410381298,1,309997,individuals,39753-dc146,ALL.chr4.250000.vcf,1,initial_data,,,24820.173363437512,0.00392150216681908,3876.9361930125574,0.00392150216681908
1,1,8191.930583199192,2421.8310403823853,300,300,19.725912523,[10],,,122.77409410381298,1,309997,individuals,39753-dc146,columns.txt,1,initial_data,,,24820.173363437512,0.00392150216681908,3876.9361930125574,0.00392150216681908
0,0,74733.0,0.07127094268798828,300,300,3.9499e-05,[10],,,1804.3733433248506,1,1,individuals,39753-dc146,chr4n-4601-4801.tar.gz,1,,,,1884.353167299963,0.06762886795343137,3818.529160956914,0.06762886795343137
1,1,8191.911930553494,2421.802088737488,300,300,19.766933929,[10],,,122.51784204046285,1,309994,individuals,15989-dc177,ALL.chr7.250000.vcf,1,initial_data,,,24820.167889117023,0.003921484308510928,3876.934915698439,0.003921484308510928
1,1,8191.911930553494,2421.802088737488,300,300,19.766933929,[10],,,122.51784204046285,1,309994,individuals,15989-dc177,columns.txt,1,initial_data,,,24820.167889117023,0.003921484308510928,3876.934915698439,0.003921484308510928
0,0,95600.0,0.0911712646484375,300,300,5.711e-05,[10],,,1596.4150700129137,1,1,individuals,15989-dc177,chr7n-401-601.tar.gz,1,,,,1886.8665678227817,0.08760723039215686,3833.3720574999807,0.08760723039215686
1,0,1239.75456,3.694756507873535,10,10,0.011339362,[10],,,325.83460232361705,1,3125,frequency,26712-dc135,columns.txt,3,initial_data,,,16239.484965445536,0.0702326041666667,2766.831317979492,0.0702326041666667
0,0,672.6157176157176,1.9262933731079102,10,10,0.01526134,[10],,,126.22046118544704,1,3003,frequency,26712-dc135,chr3-EUR-freq.tar.gz,3,initial_data,,,686.5546760837849,0.6339747058497058,1664.6467755261292,0.6339747058497058
1,1,1239.75456,3.694756507873535,10,10,0.011339362,[10],,,325.83460232361705,1,3125,frequency,26712-dc135,chr3n.tar.gz,3,individuals_merge,,,16239.484965445536,0.0702326041666667,2766.831317979492,0.0702326041666667
1,1,1239.75456,3.694756507873535,10,10,0.011339362,[10],,,325.83460232361705,1,3125,frequency,26712-dc135,sifted.SIFT.chr3.txt,3,sifting,,,16239.484965445536,0.0702326041666667,2766.831317979492,0.0702326041666667
1,1,8191.911930553494,2421.802088737488,300,300,19.82301529,[10],,,122.17122639052798,1,309994,individuals,15999-dc177,columns.txt,1,initial_data,,,24820.167889117023,0.003921484308510928,3876.934915698439,0.003921484308510928
0,0,87183.0,0.0831441879272461,300,300,4.627e-05,[10],,,1796.935118375753,1,1,individuals,15999-dc177,chr7n-4801-5001.tar.gz,1,,,,1885.852752123325,0.07954867493872549,3827.3849649517947,0.07954867493872549
1,1,8191.911930553494,2421.802088737488,300,300,19.82301529,[10],,,122.17122639052798,1,309994,individuals,15999-dc177,ALL.chr7.250000.vcf,1,initial_data,,,24820.167889117023,0.003921484308510928,3876.934915698439,0.003921484308510928
0,0,81458.0,0.07768440246582031,300,300,4.846e-05,[10],,,1603.0623703223341,1,1,individuals,194583-dc273,chr10n-201-401.tar.gz,1,,,,1885.163184001739,0.07406747855392157,3823.3127177332653,0.07406747855392157
1,1,8191.928799979357,2422.0726985931396,300,300,20.208382712,[10],,,119.85485098492724,1,310028,individuals,194583-dc273,ALL.chr10.250000.vcf,1,initial_data,,,24820.218576395022,0.003921500459539059,3876.94674269422,0.003921500459539059
1,1,8191.928799979357,2422.0726985931396,300,300,20.208382712,[10],,,119.85485098492724,1,310028,individuals,194583-dc273,columns.txt,1,initial_data,,,24820.218576395022,0.003921500459539059,3876.94674269422,0.003921500459539059
1,1,8191.912230276168,2421.794364929199,300,300,19.654585154,[10],,,123.21778078517868,1,309993,individuals,25087-dc135,columns.txt,1,initial_data,,,24820.166444775197,0.003921484595469676,3876.9345786852778,0.003921484595469676
0,0,89529.0,0.08538150787353516,300,300,5.3519e-05,[10],,,1595.3494623131066,1,1,individuals,25087-dc135,chr3n-1801-2001.tar.gz,1,,,,1886.1353244924499,0.0817947686887255,3829.0536971744446,0.0817947686887255
1,1,8191.912230276168,2421.794364929199,300,300,19.654585154,[10],,,123.21778078517868,1,309993,individuals,25087-dc135,ALL.chr3.250000.vcf,1,initial_data,,,24820.166444775197,0.003921484595469676,3876.9345786852778,0.003921484595469676
1,0,24687.409836065573,2.8723373413085938,10,10,0.000759153,[10],,,3783.60797007796,1,122,mutation_overlap,1909-dc148,columns.txt,3,initial_data,,,24417.92626958699,0.01971450849807136,3783.055634472809,0.01971450849807136
1,1,24687.409836065573,2.8723373413085938,10,10,0.000759153,[10],,,3783.60797007796,1,122,mutation_overlap,1909-dc148,chr5n.tar.gz,3,individuals_merge,,,24417.92626958699,0.01971450849807136,3783.055634472809,0.01971450849807136
0,0,153237.44444444444,1.3152475357055664,10,10,0.000515405,[10],,,2551.871898226766,1,9,mutation_overlap,1909-dc148,chr5-EUR.tar.gz,3,initial_data,,,1893.766818936699,0.14279013905909585,3874.421166655118,0.14279013905909585
1,1,24687.409836065573,2.8723373413085938,10,10,0.000759153,[10],,,3783.60797007796,1,122,mutation_overlap,1909-dc148,sifted.SIFT.chr5.txt,3,sifting,,,24417.92626958699,0.01971450849807136,3783.055634472809,0.01971450849807136
0,0,82774.0,0.07893943786621094,300,300,4.498e-05,[10],,,1754.9897257939292,1,1,individuals,65425-dc148,chr5n-5201-5401.tar.gz,1,,,,1885.3216943332684,0.07532743566176471,3824.2488011113587,0.07532743566176471
1,1,8191.929237568348,2421.8150177001953,300,300,19.584469003,[10],,,123.65997859473318,1,309995,individuals,65425-dc148,columns.txt,1,initial_data,,,24820.170361208417,0.00392150087849298,3876.9354924950358,0.00392150087849298
1,1,8191.929237568348,2421.8150177001953,300,300,19.584469003,[10],,,123.65997859473318,1,309995,individuals,65425-dc148,ALL.chr5.250000.vcf,1,initial_data,,,24820.170361208417,0.00392150087849298,3876.9354924950358,0.00392150087849298
1,1,8191.929237568348,2421.8150177001953,300,300,19.579631738,[10],,,123.69052953125545,1,309995,individuals,65445-dc148,columns.txt,1,initial_data,,,24820.170361208417,0.00392150087849298,3876.9354924950358,0.00392150087849298
0,0,84006.0,0.08011436462402344,300,300,5.397e-05,[10],,,1484.424024903158,1,1,individuals,65445-dc148,chr5n-601-801.tar.gz,1,,,,1885.4700869840622,0.0765069699754902,3825.125134486595,0.0765069699754902
1,1,8191.929237568348,2421.8150177001953,300,300,19.579631738,[10],,,123.69052953125545,1,309995,individuals,65445-dc148,ALL.chr5.250000.vcf,1,initial_data,,,24820.170361208417,0.00392150087849298,3876.9354924950358,0.00392150087849298
1,1,1239.60576,3.6943130493164062,10,10,0.011105086,[10],,,332.66856729577836,1,3125,frequency,26716-dc135,chr3n.tar.gz,3,individuals_merge,,,16239.324713308579,0.07018416666666664,2766.8247203690858,0.07018416666666664
1,1,1239.60576,3.6943130493164062,10,10,0.011105086,[10],,,332.66856729577836,1,3125,frequency,26716-dc135,sifted.SIFT.chr3.txt,3,sifting,,,16239.324713308579,0.07018416666666664,2766.8247203690858,0.07018416666666664
1,0,1239.60576,3.6943130493164062,10,10,0.011105086,[10],,,332.66856729577836,1,3125,frequency,26716-dc135,columns.txt,3,initial_data,,,16239.324713308579,0.07018416666666664,2766.8247203690858,0.07018416666666664
0,0,669.8364968364968,1.9183340072631836,10,10,0.015138748,[10],,,126.71682012694733,1,3003,frequency,26716-dc135,chr3-AMR-freq.tar.gz,3,initial_data,,,685.7620186632465,0.6310796842046842,1662.68485617917,0.6310796842046842
1,1,20774.79464285714,4.43797492980957,10,10,0.000870092,[10],,,5100.581237167529,1,224,mutation_overlap,17782-dc026,chr1n.tar.gz,3,individuals_merge,,,24406.269044071094,0.015968515091583507,3780.3410735286616,0.015968515091583507
0,0,222614.55555555556,1.9107160568237305,10,10,0.000789896,[10],,,2418.946363601956,1,9,mutation_overlap,17782-dc026,chr1-EUR.tar.gz,3,initial_data,,,1902.1041342581602,0.20921277148011982,3923.79287868827,0.20921277148011982
1,0,20774.79464285714,4.43797492980957,10,10,0.000870092,[10],,,5100.581237167529,1,224,mutation_overlap,17782-dc026,columns.txt,3,initial_data,,,24406.269044071094,0.015968515091583507,3780.3410735286616,0.015968515091583507
1,1,20774.79464285714,4.43797492980957,10,10,0.000870092,[10],,,5100.581237167529,1,224,mutation_overlap,17782-dc026,sifted.SIFT.chr1.txt,3,sifting,,,24406.269044071094,0.015968515091583507,3780.3410735286616,0.015968515091583507
1,1,8191.922137163246,2421.703544616699,300,300,19.951378178,[10],,,121.38026370965517,1,309981,individuals,195113-dc260,columns.txt,1,initial_data,,,24820.14948099236,0.003921494080464198,3876.9306204595614,0.003921494080464198
0,0,115284.0,0.10994338989257812,300,300,4.679e-05,[10],,,2349.7198096297957,1,1,individuals,195113-dc260,chr9n-3001-3201.tar.gz,1,,,,1889.2374776752365,0.1064529718137255,3847.373474836144,0.1064529718137255
1,1,8191.922137163246,2421.703544616699,300,300,19.951378178,[10],,,121.38026370965517,1,309981,individuals,195113-dc260,ALL.chr9.250000.vcf,1,initial_data,,,24820.14948099236,0.003921494080464198,3876.9306204595614,0.003921494080464198
1,1,28798.253846153846,3.570340156555176,10,10,0.000926277,[10],,,3854.505894624584,1,130,mutation_overlap,26657-dc135,sifted.SIFT.chr3.txt,3,sifting,,,24430.61250545024,0.02365028899179864,3786.0100211839567,0.02365028899179864
0,0,176833.125,1.3491296768188477,10,10,0.00056631,[10],,,2382.3165347933955,1,8,mutation_overlap,26657-dc135,chr3-EUR.tar.gz,3,initial_data,,,1896.6084754038905,0.16538097905177696,3891.2054965957805,0.16538097905177696
1,0,28798.253846153846,3.570340156555176,10,10,0.000926277,[10],,,3854.505894624584,1,130,mutation_overlap,26657-dc135,columns.txt,3,initial_data,,,24430.61250545024,0.02365028899179864,3786.0100211839567,0.02365028899179864
1,1,28798.253846153846,3.570340156555176,10,10,0.000926277,[10],,,3854.505894624584,1,130,mutation_overlap,26657-dc135,chr3n.tar.gz,3,individuals_merge,,,24430.61250545024,0.02365028899179864,3786.0100211839567,0.02365028899179864
0,0,92264.0,0.08798980712890625,300,300,4.8379e-05,[10],,,1818.7603532298363,1,1,individuals,6851-dc111,chr2n-201-401.tar.gz,1,,,,1886.464751359269,0.08441329656862745,3830.9991288150873,0.08441329656862745
1,1,8191.921474379654,2421.75803565979,300,300,19.645189055,[10],,,123.2748653565854,1,309988,individuals,6851-dc111,ALL.chr2.250000.vcf,1,initial_data,,,24820.15967517859,0.003921493445905765,3876.9329991014793,0.003921493445905765
1,1,8191.921474379654,2421.75803565979,300,300,19.645189055,[10],,,123.2748653565854,1,309988,individuals,6851-dc111,columns.txt,1,initial_data,,,24820.15967517859,0.003921493445905765,3876.9329991014793,0.003921493445905765
1,1,8191.731025771075,816.3560075759888,10,10,6.882584514,[10],,,118.61183918852329,1,104497,sifting,195581-dc260,ALL.chr9.phase3_shapeit2_mvncall_integrated_v5.20130502.sites.annotation.vcf,2,initial_data,,,24519.760786434807,0.0039213111077005544,3806.8399978103803,0.0039213111077005544
0,0,646687.0,0.6167287826538086,10,10,0.00022061,[10],,,2795.56131931376,1,1,sifting,195581-dc260,sifted.SIFT.chr9.txt,2,,,,1953.2442145337943,0.6152257582720588,4225.365507791303,0.6152257582720588
0,0,1363.1008319467553,3.906362533569336,10,10,0.017522361,[10],,,222.93585513786275,1,3005,frequency,8380-dc111,chr2-GBR-freq.tar.gz,3,initial_data,,,1529.0303087119178,0.11038438539933441,2772.300244900178,0.11038438539933441
1,1,1186.3989867004434,3.5730819702148438,10,10,0.010588502,[10],,,337.4492416599481,1,3158,frequency,8380-dc111,sifted.SIFT.chr2.txt,3,sifting,,,16182.012220767407,0.05286425348321725,2764.4656200107956,0.05286425348321725
1,1,1186.3989867004434,3.5730819702148438,10,10,0.010588502,[10],,,337.4492416599481,1,3158,frequency,8380-dc111,chr2n.tar.gz,3,individuals_merge,,,16182.012220767407,0.05286425348321725,2764.4656200107956,0.05286425348321725
1,0,1186.3989867004434,3.5730819702148438,10,10,0.010588502,[10],,,337.4492416599481,1,3158,frequency,8380-dc111,columns.txt,3,initial_data,,,16182.012220767407,0.05286425348321725,2764.4656200107956,0.05286425348321725
0,0,110560.0,0.105438232421875,300,300,5.279e-05,[10],,,1997.3144993725136,1,1,individuals,15993-dc177,chr7n-2801-3001.tar.gz,1,,,,1888.66847858242,0.10193014705882353,3844.013248484994,0.10193014705882353
1,1,8191.911930553494,2421.802088737488,300,300,19.837674952,[10],,,122.08094419317652,1,309994,individuals,15993-dc177,ALL.chr7.250000.vcf,1,initial_data,,,24820.167889117023,0.003921484308510928,3876.934915698439,0.003921484308510928
1,1,8191.911930553494,2421.802088737488,300,300,19.837674952,[10],,,122.08094419317652,1,309994,individuals,15993-dc177,columns.txt,1,initial_data,,,24820.167889117023,0.003921484308510928,3876.934915698439,0.003921484308510928
0,0,85033.0,0.08109378814697266,300,300,4.2279e-05,[10],,,1918.0630607860323,1,1,individuals,25147-dc135,chr3n-401-601.tar.gz,1,,,,1885.5937876759172,0.077490234375,3825.855649402478,0.077490234375
1,1,8191.912230276168,2421.794364929199,300,300,19.667421547,[10],,,123.13735987921667,1,309993,individuals,25147-dc135,columns.txt,1,initial_data,,,24820.166444775197,0.003921484595469676,3876.9345786852778,0.003921484595469676
1,1,8191.912230276168,2421.794364929199,300,300,19.667421547,[10],,,123.13735987921667,1,309993,individuals,25147-dc135,ALL.chr3.250000.vcf,1,initial_data,,,24820.166444775197,0.003921484595469676,3876.9345786852778,0.003921484595469676
1,1,1553.465536723164,2.622255325317383,10,10,0.018994302,[10],,,138.05484009453903,1,1770,individuals_merge,29049-dc257,chr8n-3801-4001.tar.gz,2,individuals,,,16577.9181998032,0.17235206273540493,2780.73964127399,0.17235206273540493
1,1,1553.465536723164,2.622255325317383,10,10,0.018994302,[10],,,138.05484009453903,1,1770,individuals_merge,29049-dc257,chr8n-2801-3001.tar.gz,2,individuals,,,16577.9181998032,0.17235206273540493,2780.73964127399,0.17235206273540493
1,1,1553.465536723164,2.622255325317383,10,10,0.018994302,[10],,,138.05484009453903,1,1770,individuals_merge,29049-dc257,chr8n-5201-5401.tar.gz,2,individuals,,,16577.9181998032,0.17235206273540493,2780.73964127399,0.17235206273540493
1,1,1553.465536723164,2.622255325317383,10,10,0.018994302,[10],,,138.05484009453903,1,1770,individuals_merge,29049-dc257,chr8n-1-201.tar.gz,2,individuals,,,16577.9181998032,0.17235206273540493,2780.73964127399,0.17235206273540493
1,1,1553.465536723164,2.622255325317383,10,10,0.018994302,[10],,,138.05484009453903,1,1770,individuals_merge,29049-dc257,chr8n-601-801.tar.gz,2,individuals,,,16577.9181998032,0.17235206273540493,2780.73964127399,0.17235206273540493
1,1,1553.465536723164,2.622255325317383,10,10,0.018994302,[10],,,138.05484009453903,1,1770,individuals_merge,29049-dc257,chr8n-4601-4801.tar.gz,2,individuals,,,16577.9181998032,0.17235206273540493,2780.73964127399,0.17235206273540493
1,1,1553.465536723164,2.622255325317383,10,10,0.018994302,[10],,,138.05484009453903,1,1770,individuals_merge,29049-dc257,chr8n-2001-2201.tar.gz,2,individuals,,,16577.9181998032,0.17235206273540493,2780.73964127399,0.17235206273540493
1,1,1553.465536723164,2.622255325317383,10,10,0.018994302,[10],,,138.05484009453903,1,1770,individuals_merge,29049-dc257,chr8n-4201-4401.tar.gz,2,individuals,,,16577.9181998032,0.17235206273540493,2780.73964127399,0.17235206273540493
1,1,1553.465536723164,2.622255325317383,10,10,0.018994302,[10],,,138.05484009453903,1,1770,individuals_merge,29049-dc257,chr8n-5401-5601.tar.gz,2,individuals,,,16577.9181998032,0.17235206273540493,2780.73964127399,0.17235206273540493
1,1,1553.465536723164,2.622255325317383,10,10,0.018994302,[10],,,138.05484009453903,1,1770,individuals_merge,29049-dc257,chr8n-401-601.tar.gz,2,individuals,,,16577.9181998032,0.17235206273540493,2780.73964127399,0.17235206273540493
0,0,1021011.0,1.9474239349365234,10,10,0.00067097,[10],,,2902.4009045658127,1,2,individuals_merge,29049-dc257,chr8n.tar.gz,2,,,,1998.2959474765498,0.9736088771446079,4491.668259592456,0.9736088771446079
1,1,1553.465536723164,2.622255325317383,10,10,0.018994302,[10],,,138.05484009453903,1,1770,individuals_merge,29049-dc257,chr8n-1401-1601.tar.gz,2,individuals,,,16577.9181998032,0.17235206273540493,2780.73964127399,0.17235206273540493
1,1,1553.465536723164,2.622255325317383,10,10,0.018994302,[10],,,138.05484009453903,1,1770,individuals_merge,29049-dc257,chr8n-3001-3201.tar.gz,2,individuals,,,16577.9181998032,0.17235206273540493,2780.73964127399,0.17235206273540493
1,1,1553.465536723164,2.622255325317383,10,10,0.018994302,[10],,,138.05484009453903,1,1770,individuals_merge,29049-dc257,chr8n-2201-2401.tar.gz,2,individuals,,,16577.9181998032,0.17235206273540493,2780.73964127399,0.17235206273540493
1,1,1553.465536723164,2.622255325317383,10,10,0.018994302,[10],,,138.05484009453903,1,1770,individuals_merge,29049-dc257,chr8n-2601-2801.tar.gz,2,individuals,,,16577.9181998032,0.17235206273540493,2780.73964127399,0.17235206273540493
1,1,1553.465536723164,2.622255325317383,10,10,0.018994302,[10],,,138.05484009453903,1,1770,individuals_merge,29049-dc257,chr8n-1001-1201.tar.gz,2,individuals,,,16577.9181998032,0.17235206273540493,2780.73964127399,0.17235206273540493
1,1,1553.465536723164,2.622255325317383,10,10,0.018994302,[10],,,138.05484009453903,1,1770,individuals_merge,29049-dc257,chr8n-3401-3601.tar.gz,2,individuals,,,16577.9181998032,0.17235206273540493,2780.73964127399,0.17235206273540493
1,1,1553.465536723164,2.622255325317383,10,10,0.018994302,[10],,,138.05484009453903,1,1770,individuals_merge,29049-dc257,chr8n-5001-5201.tar.gz,2,individuals,,,16577.9181998032,0.17235206273540493,2780.73964127399,0.17235206273540493
1,1,1553.465536723164,2.622255325317383,10,10,0.018994302,[10],,,138.05484009453903,1,1770,individuals_merge,29049-dc257,chr8n-201-401.tar.gz,2,individuals,,,16577.9181998032,0.17235206273540493,2780.73964127399,0.17235206273540493
1,1,1553.465536723164,2.622255325317383,10,10,0.018994302,[10],,,138.05484009453903,1,1770,individuals_merge,29049-dc257,chr8n-3601-3801.tar.gz,2,individuals,,,16577.9181998032,0.17235206273540493,2780.73964127399,0.17235206273540493
1,1,1553.465536723164,2.622255325317383,10,10,0.018994302,[10],,,138.05484009453903,1,1770,individuals_merge,29049-dc257,chr8n-4001-4201.tar.gz,2,individuals,,,16577.9181998032,0.17235206273540493,2780.73964127399,0.17235206273540493
1,1,1553.465536723164,2.622255325317383,10,10,0.018994302,[10],,,138.05484009453903,1,1770,individuals_merge,29049-dc257,chr8n-5601-5801.tar.gz,2,individuals,,,16577.9181998032,0.17235206273540493,2780.73964127399,0.17235206273540493
1,1,1553.465536723164,2.622255325317383,10,10,0.018994302,[10],,,138.05484009453903,1,1770,individuals_merge,29049-dc257,chr8n-1801-2001.tar.gz,2,individuals,,,16577.9181998032,0.17235206273540493,2780.73964127399,0.17235206273540493
1,1,1553.465536723164,2.622255325317383,10,10,0.018994302,[10],,,138.05484009453903,1,1770,individuals_merge,29049-dc257,chr8n-4401-4601.tar.gz,2,individuals,,,16577.9181998032,0.17235206273540493,2780.73964127399,0.17235206273540493
1,1,1553.465536723164,2.622255325317383,10,10,0.018994302,[10],,,138.05484009453903,1,1770,individuals_merge,29049-dc257,chr8n-3201-3401.tar.gz,2,individuals,,,16577.9181998032,0.17235206273540493,2780.73964127399,0.17235206273540493
1,1,1553.465536723164,2.622255325317383,10,10,0.018994302,[10],,,138.05484009453903,1,1770,individuals_merge,29049-dc257,chr8n-1201-1401.tar.gz,2,individuals,,,16577.9181998032,0.17235206273540493,2780.73964127399,0.17235206273540493
1,1,1553.465536723164,2.622255325317383,10,10,0.018994302,[10],,,138.05484009453903,1,1770,individuals_merge,29049-dc257,chr8n-5801-6001.tar.gz,2,individuals,,,16577.9181998032,0.17235206273540493,2780.73964127399,0.17235206273540493
1,1,1553.465536723164,2.622255325317383,10,10,0.018994302,[10],,,138.05484009453903,1,1770,individuals_merge,29049-dc257,chr8n-2401-2601.tar.gz,2,individuals,,,16577.9181998032,0.17235206273540493,2780.73964127399,0.17235206273540493
1,1,1553.465536723164,2.622255325317383,10,10,0.018994302,[10],,,138.05484009453903,1,1770,individuals_merge,29049-dc257,chr8n-4801-5001.tar.gz,2,individuals,,,16577.9181998032,0.17235206273540493,2780.73964127399,0.17235206273540493
1,1,1553.465536723164,2.622255325317383,10,10,0.018994302,[10],,,138.05484009453903,1,1770,individuals_merge,29049-dc257,chr8n-1601-1801.tar.gz,2,individuals,,,16577.9181998032,0.17235206273540493,2780.73964127399,0.17235206273540493
1,1,1553.465536723164,2.622255325317383,10,10,0.018994302,[10],,,138.05484009453903,1,1770,individuals_merge,29049-dc257,chr8n-801-1001.tar.gz,2,individuals,,,16577.9181998032,0.17235206273540493,2780.73964127399,0.17235206273540493
0,0,96271.0,0.0918111801147461,300,300,5.0592e-05,[10],,,1814.7371148550383,1,1,individuals,15029-dc026,chr1n-4801-5001.tar.gz,1,,,,1886.9473888200894,0.08824965533088236,3833.849346213279,0.08824965533088236
1,1,8191.912280079227,2421.833441734314,300,300,19.919692257,[10],,,121.57986230350797,1,309998,individuals,15029-dc026,ALL.chr1.250000.vcf,1,initial_data,,,24820.17375686905,0.003921484643151833,3876.9362848386763,0.003921484643151833
1,1,8191.912280079227,2421.833441734314,300,300,19.919692257,[10],,,121.57986230350797,1,309998,individuals,15029-dc026,columns.txt,1,initial_data,,,24820.17375686905,0.003921484643151833,3876.9362848386763,0.003921484643151833
1,0,20434.638036809814,3.176542282104492,10,10,0.000927132,[10],,,3426.2028299147178,1,163,mutation_overlap,8312-dc111,columns.txt,3,initial_data,,,24404.994078228203,0.0156428443213942,3780.0440561014925,0.0156428443213942
0,0,152716.125,1.1651315689086914,10,10,0.000537665,[10],,,2167.0214146516723,1,8,mutation_overlap,8312-dc111,chr2-AMR.tar.gz,3,initial_data,,,1893.709414218493,0.1422910204120711,3874.043814700458,0.1422910204120711
1,1,20434.638036809814,3.176542282104492,10,10,0.000927132,[10],,,3426.2028299147178,1,163,mutation_overlap,8312-dc111,chr2n.tar.gz,3,individuals_merge,,,24404.994078228203,0.0156428443213942,3780.0440561014925,0.0156428443213942
1,1,20434.638036809814,3.176542282104492,10,10,0.000927132,[10],,,3426.2028299147178,1,163,mutation_overlap,8312-dc111,sifted.SIFT.chr2.txt,3,sifting,,,24404.994078228203,0.0156428443213942,3780.0440561014925,0.0156428443213942
1,1,8191.922137163246,2421.703544616699,300,300,19.951832681,[10],,,121.37749866571765,1,309981,individuals,194928-dc260,columns.txt,1,initial_data,,,24820.14948099236,0.003921494080464198,3876.9306204595614,0.003921494080464198
0,0,89321.0,0.08518314361572266,300,300,3.949e-05,[10],,,2157.0813779620826,1,1,individuals,194928-dc260,chr9n-5401-5601.tar.gz,1,,,,1886.1102711877709,0.08159562653186274,3828.905744786418,0.08159562653186274
1,1,8191.922137163246,2421.703544616699,300,300,19.951832681,[10],,,121.37749866571765,1,309981,individuals,194928-dc260,ALL.chr9.250000.vcf,1,initial_data,,,24820.14948099236,0.003921494080464198,3876.9306204595614,0.003921494080464198
1,1,8191.921474379654,2421.75803565979,300,300,19.644159704,[10],,,123.28132494090164,1,309988,individuals,6853-dc111,ALL.chr2.250000.vcf,1,initial_data,,,24820.15967517859,0.003921493445905765,3876.9329991014793,0.003921493445905765
1,1,8191.921474379654,2421.75803565979,300,300,19.644159704,[10],,,123.28132494090164,1,309988,individuals,6853-dc111,columns.txt,1,initial_data,,,24820.15967517859,0.003921493445905765,3876.9329991014793,0.003921493445905765
0,0,70960.0,0.0676727294921875,300,300,4.7049e-05,[10],,,1438.3457563856298,1,1,individuals,6853-dc111,chr2n-2801-3001.tar.gz,1,,,,1883.8987148069073,0.06401654411764705,3815.8453899952524,0.06401654411764705
1,1,8191.928799979357,2422.0726985931396,300,300,20.202240408,[10],,,119.89129174178173,1,310028,individuals,194457-dc273,ALL.chr10.250000.vcf,1,initial_data,,,24820.218576395022,0.003921500459539059,3876.94674269422,0.003921500459539059
0,0,84301.0,0.08039569854736328,300,300,4.368e-05,[10],,,1840.5608641795623,1,1,individuals,194457-dc273,chr10n-4001-4201.tar.gz,1,,,,1885.5056193152182,0.07678940716911764,3825.334970806153,0.07678940716911764
1,1,8191.928799979357,2422.0726985931396,300,300,20.202240408,[10],,,119.89129174178173,1,310028,individuals,194457-dc273,columns.txt,1,initial_data,,,24820.218576395022,0.003921500459539059,3876.94674269422,0.003921500459539059
1,1,18151.627802690582,3.860295295715332,10,10,0.001024601,[10],,,3767.6083623921236,1,223,mutation_overlap,17526-dc026,chr1n.tar.gz,3,individuals_merge,,,24398.149090495077,0.013457057868691197,3778.4500772495303,0.013457057868691197
0,0,171524.125,1.3086252212524414,10,10,0.000833699,[10],,,1569.6614980375907,1,8,mutation_overlap,17526-dc026,chr1-GBR.tar.gz,3,initial_data,,,1895.9702900643674,0.16029806698069854,3887.4276067594715,0.16029806698069854
1,0,18151.627802690582,3.860295295715332,10,10,0.001024601,[10],,,3767.6083623921236,1,223,mutation_overlap,17526-dc026,columns.txt,3,initial_data,,,24398.149090495077,0.013457057868691197,3778.4500772495303,0.013457057868691197
1,1,18151.627802690582,3.860295295715332,10,10,0.001024601,[10],,,3767.6083623921236,1,223,mutation_overlap,17526-dc026,sifted.SIFT.chr1.txt,3,sifting,,,24398.149090495077,0.013457057868691197,3778.4500772495303,0.013457057868691197
1,1,8191.929237568348,2421.8150177001953,300,300,19.591380914,[10],,,123.61635090100089,1,309995,individuals,65423-dc148,columns.txt,1,initial_data,,,24820.170361208417,0.00392150087849298,3876.9354924950358,0.00392150087849298
0,0,77023.0,0.0734548568725586,300,300,4.7669e-05,[10],,,1540.9355529287081,1,1,individuals,65423-dc148,chr5n-4601-4801.tar.gz,1,,,,1884.6289945485976,0.06982134650735294,3820.1580598443256,0.06982134650735294
1,1,8191.929237568348,2421.8150177001953,300,300,19.591380914,[10],,,123.61635090100089,1,309995,individuals,65423-dc148,ALL.chr5.250000.vcf,1,initial_data,,,24820.170361208417,0.00392150087849298,3876.9354924950358,0.00392150087849298
1,1,8191.912230276168,2421.794364929199,300,300,19.668087369,[10],,,123.1331913212023,1,309993,individuals,25128-dc135,columns.txt,1,initial_data,,,24820.166444775197,0.003921484595469676,3876.9345786852778,0.003921484595469676
0,0,89707.0,0.08555126190185547,300,300,4.3139e-05,[10],,,1983.1535710576384,1,1,individuals,25128-dc135,chr3n-4201-4401.tar.gz,1,,,,1886.1567643397238,0.08196518841911765,3829.180310275737,0.08196518841911765
1,1,8191.912230276168,2421.794364929199,300,300,19.668087369,[10],,,123.1331913212023,1,309993,individuals,25128-dc135,ALL.chr3.250000.vcf,1,initial_data,,,24820.166444775197,0.003921484595469676,3876.9345786852778,0.003921484595469676
1,1,1552.9473074696004,2.557697296142578,10,10,0.013483442,[10],,,189.69171938015367,1,1727,individuals_merge,15918-dc026,chr1n-2801-3001.tar.gz,2,individuals,,,16577.378230363785,0.17218336831692724,2780.7166247426476,0.17218336831692724
1,1,1552.9473074696004,2.557697296142578,10,10,0.013483442,[10],,,189.69171938015367,1,1727,individuals_merge,15918-dc026,chr1n-3201-3401.tar.gz,2,individuals,,,16577.378230363785,0.17218336831692724,2780.7166247426476,0.17218336831692724
1,1,1552.9473074696004,2.557697296142578,10,10,0.013483442,[10],,,189.69171938015367,1,1727,individuals_merge,15918-dc026,chr1n-1001-1201.tar.gz,2,individuals,,,16577.378230363785,0.17218336831692724,2780.7166247426476,0.17218336831692724
1,1,1552.9473074696004,2.557697296142578,10,10,0.013483442,[10],,,189.69171938015367,1,1727,individuals_merge,15918-dc026,chr1n-3401-3601.tar.gz,2,individuals,,,16577.378230363785,0.17218336831692724,2780.7166247426476,0.17218336831692724
1,1,1552.9473074696004,2.557697296142578,10,10,0.013483442,[10],,,189.69171938015367,1,1727,individuals_merge,15918-dc026,chr1n-5001-5201.tar.gz,2,individuals,,,16577.378230363785,0.17218336831692724,2780.7166247426476,0.17218336831692724
1,1,1552.9473074696004,2.557697296142578,10,10,0.013483442,[10],,,189.69171938015367,1,1727,individuals_merge,15918-dc026,chr1n-201-401.tar.gz,2,individuals,,,16577.378230363785,0.17218336831692724,2780.7166247426476,0.17218336831692724
1,1,1552.9473074696004,2.557697296142578,10,10,0.013483442,[10],,,189.69171938015367,1,1727,individuals_merge,15918-dc026,chr1n-4401-4601.tar.gz,2,individuals,,,16577.378230363785,0.17218336831692724,2780.7166247426476,0.17218336831692724
1,1,1552.9473074696004,2.557697296142578,10,10,0.013483442,[10],,,189.69171938015367,1,1727,individuals_merge,15918-dc026,chr1n-1801-2001.tar.gz,2,individuals,,,16577.378230363785,0.17218336831692724,2780.7166247426476,0.17218336831692724
1,1,1552.9473074696004,2.557697296142578,10,10,0.013483442,[10],,,189.69171938015367,1,1727,individuals_merge,15918-dc026,chr1n-2201-2401.tar.gz,2,individuals,,,16577.378230363785,0.17218336831692724,2780.7166247426476,0.17218336831692724
1,1,1552.9473074696004,2.557697296142578,10,10,0.013483442,[10],,,189.69171938015367,1,1727,individuals_merge,15918-dc026,chr1n-2601-2801.tar.gz,2,individuals,,,16577.378230363785,0.17218336831692724,2780.7166247426476,0.17218336831692724
1,1,1552.9473074696004,2.557697296142578,10,10,0.013483442,[10],,,189.69171938015367,1,1727,individuals_merge,15918-dc026,chr1n-5801-6001.tar.gz,2,individuals,,,16577.378230363785,0.17218336831692724,2780.7166247426476,0.17218336831692724
0,0,682034.0,1.3008766174316406,10,10,0.000415136,[10],,,3133.615531853756,1,2,individuals_merge,15918-dc026,chr1n.tar.gz,2,,,,1957.4782895367457,0.6490674785539216,4250.536565278725,0.6490674785539216
1,1,1552.9473074696004,2.557697296142578,10,10,0.013483442,[10],,,189.69171938015367,1,1727,individuals_merge,15918-dc026,chr1n-4201-4401.tar.gz,2,individuals,,,16577.378230363785,0.17218336831692724,2780.7166247426476,0.17218336831692724
1,1,1552.9473074696004,2.557697296142578,10,10,0.013483442,[10],,,189.69171938015367,1,1727,individuals_merge,15918-dc026,chr1n-3601-3801.tar.gz,2,individuals,,,16577.378230363785,0.17218336831692724,2780.7166247426476,0.17218336831692724
1,1,1552.9473074696004,2.557697296142578,10,10,0.013483442,[10],,,189.69171938015367,1,1727,individuals_merge,15918-dc026,chr1n-601-801.tar.gz,2,individuals,,,16577.378230363785,0.17218336831692724,2780.7166247426476,0.17218336831692724
1,1,1552.9473074696004,2.557697296142578,10,10,0.013483442,[10],,,189.69171938015367,1,1727,individuals_merge,15918-dc026,chr1n-2001-2201.tar.gz,2,individuals,,,16577.378230363785,0.17218336831692724,2780.7166247426476,0.17218336831692724
1,1,1552.9473074696004,2.557697296142578,10,10,0.013483442,[10],,,189.69171938015367,1,1727,individuals_merge,15918-dc026,chr1n-1-201.tar.gz,2,individuals,,,16577.378230363785,0.17218336831692724,2780.7166247426476,0.17218336831692724
1,1,1552.9473074696004,2.557697296142578,10,10,0.013483442,[10],,,189.69171938015367,1,1727,individuals_merge,15918-dc026,chr1n-401-601.tar.gz,2,individuals,,,16577.378230363785,0.17218336831692724,2780.7166247426476,0.17218336831692724
1,1,1552.9473074696004,2.557697296142578,10,10,0.013483442,[10],,,189.69171938015367,1,1727,individuals_merge,15918-dc026,chr1n-4001-4201.tar.gz,2,individuals,,,16577.378230363785,0.17218336831692724,2780.7166247426476,0.17218336831692724
1,1,1552.9473074696004,2.557697296142578,10,10,0.013483442,[10],,,189.69171938015367,1,1727,individuals_merge,15918-dc026,chr1n-4601-4801.tar.gz,2,individuals,,,16577.378230363785,0.17218336831692724,2780.7166247426476,0.17218336831692724
1,1,1552.9473074696004,2.557697296142578,10,10,0.013483442,[10],,,189.69171938015367,1,1727,individuals_merge,15918-dc026,chr1n-4801-5001.tar.gz,2,individuals,,,16577.378230363785,0.17218336831692724,2780.7166247426476,0.17218336831692724
1,1,1552.9473074696004,2.557697296142578,10,10,0.013483442,[10],,,189.69171938015367,1,1727,individuals_merge,15918-dc026,chr1n-801-1001.tar.gz,2,individuals,,,16577.378230363785,0.17218336831692724,2780.7166247426476,0.17218336831692724
1,1,1552.9473074696004,2.557697296142578,10,10,0.013483442,[10],,,189.69171938015367,1,1727,individuals_merge,15918-dc026,chr1n-5601-5801.tar.gz,2,individuals,,,16577.378230363785,0.17218336831692724,2780.7166247426476,0.17218336831692724
1,1,1552.9473074696004,2.557697296142578,10,10,0.013483442,[10],,,189.69171938015367,1,1727,individuals_merge,15918-dc026,chr1n-3801-4001.tar.gz,2,individuals,,,16577.378230363785,0.17218336831692724,2780.7166247426476,0.17218336831692724
1,1,1552.9473074696004,2.557697296142578,10,10,0.013483442,[10],,,189.69171938015367,1,1727,individuals_merge,15918-dc026,chr1n-1401-1601.tar.gz,2,individuals,,,16577.378230363785,0.17218336831692724,2780.7166247426476,0.17218336831692724
1,1,1552.9473074696004,2.557697296142578,10,10,0.013483442,[10],,,189.69171938015367,1,1727,individuals_merge,15918-dc026,chr1n-2401-2601.tar.gz,2,individuals,,,16577.378230363785,0.17218336831692724,2780.7166247426476,0.17218336831692724
1,1,1552.9473074696004,2.557697296142578,10,10,0.013483442,[10],,,189.69171938015367,1,1727,individuals_merge,15918-dc026,chr1n-1201-1401.tar.gz,2,individuals,,,16577.378230363785,0.17218336831692724,2780.7166247426476,0.17218336831692724
1,1,1552.9473074696004,2.557697296142578,10,10,0.013483442,[10],,,189.69171938015367,1,1727,individuals_merge,15918-dc026,chr1n-5401-5601.tar.gz,2,individuals,,,16577.378230363785,0.17218336831692724,2780.7166247426476,0.17218336831692724
1,1,1552.9473074696004,2.557697296142578,10,10,0.013483442,[10],,,189.69171938015367,1,1727,individuals_merge,15918-dc026,chr1n-1601-1801.tar.gz,2,individuals,,,16577.378230363785,0.17218336831692724,2780.7166247426476,0.17218336831692724
1,1,1552.9473074696004,2.557697296142578,10,10,0.013483442,[10],,,189.69171938015367,1,1727,individuals_merge,15918-dc026,chr1n-5201-5401.tar.gz,2,individuals,,,16577.378230363785,0.17218336831692724,2780.7166247426476,0.17218336831692724
1,1,1552.9473074696004,2.557697296142578,10,10,0.013483442,[10],,,189.69171938015367,1,1727,individuals_merge,15918-dc026,chr1n-3001-3201.tar.gz,2,individuals,,,16577.378230363785,0.17218336831692724,2780.7166247426476,0.17218336831692724
0,0,95371.0,0.09095287322998047,300,300,5.3012e-05,[10],,,1715.7034865687103,1,1,individuals,13757-dc026,chr1n-1801-2001.tar.gz,1,,,,1886.8389850979183,0.0873879825367647,3833.2091676112395,0.0873879825367647
1,1,8191.912280079227,2421.833441734314,300,300,19.870999999,[10],,,121.87778379830868,1,309998,individuals,13757-dc026,columns.txt,1,initial_data,,,24820.17375686905,0.003921484643151833,3876.9362848386763,0.003921484643151833
1,1,8191.912280079227,2421.833441734314,300,300,19.870999999,[10],,,121.87778379830868,1,309998,individuals,13757-dc026,ALL.chr1.250000.vcf,1,initial_data,,,24820.17375686905,0.003921484643151833,3876.9362848386763,0.003921484643151833
1,0,1022.23973042362,3.0377378463745117,10,10,0.010164761,[10],,,298.84990373846585,1,3116,frequency,1963-dc148,columns.txt,3,initial_data,,,6935.869308490863,0.9981663858579375,1911.4554471031333,0.9981663858579375
0,0,3573.2513280212484,10.264046669006348,10,10,0.018768516,[10],,,546.8757715850496,1,3012,frequency,1963-dc148,chr5-GBR-freq.tar.gz,3,initial_data,,,1628.835871627622,0.8298344166735835,2870.295479312231,0.8298344166735835
1,1,1022.23973042362,3.0377378463745117,10,10,0.010164761,[10],,,298.84990373846585,1,3116,frequency,1963-dc148,sifted.SIFT.chr5.txt,3,sifting,,,6935.869308490863,0.9981663858579375,1911.4554471031333,0.9981663858579375
1,1,1022.23973042362,3.0377378463745117,10,10,0.010164761,[10],,,298.84990373846585,1,3116,frequency,1963-dc148,chr5n.tar.gz,3,individuals_merge,,,6935.869308490863,0.9981663858579375,1911.4554471031333,0.9981663858579375
0,0,90122.0,0.08594703674316406,300,300,4.3039e-05,[10],,,1996.9571027013653,1,1,individuals,31486-dc155,chr6n-3601-3801.tar.gz,1,,,,1886.2067505005027,0.08236251531862746,3829.475503742233,0.08236251531862746
1,1,8191.92760505042,2421.806722640991,300,300,19.831564334,[10],,,122.11879415326567,1,309994,individuals,31486-dc155,ALL.chr6.250000.vcf,1,initial_data,,,24820.168804074146,0.003921499315497109,3876.935129166358,0.003921499315497109
1,1,8191.92760505042,2421.806722640991,300,300,19.831564334,[10],,,122.11879415326567,1,309994,individuals,31486-dc155,columns.txt,1,initial_data,,,24820.168804074146,0.003921499315497109,3876.935129166358,0.003921499315497109
1,1,8191.929237568348,2421.8150177001953,300,300,19.59970326,[10],,,123.56386143063452,1,309995,individuals,65405-dc148,ALL.chr5.250000.vcf,1,initial_data,,,24820.170361208417,0.00392150087849298,3876.9354924950358,0.00392150087849298
1,1,8191.929237568348,2421.8150177001953,300,300,19.59970326,[10],,,123.56386143063452,1,309995,individuals,65405-dc148,columns.txt,1,initial_data,,,24820.170361208417,0.00392150087849298,3876.9354924950358,0.00392150087849298
0,0,100396.0,0.09574508666992188,300,300,5.6029e-05,[10],,,1708.84875100255,1,1,individuals,65405-dc148,chr5n-5401-5601.tar.gz,1,,,,1887.4442392133717,0.09219898897058823,3836.7834981392934,0.09219898897058823
1,1,8191.929237568348,2421.8150177001953,300,300,19.59862348,[10],,,123.57066914273896,1,309995,individuals,303-dc148,ALL.chr5.250000.vcf,1,initial_data,,,24820.170361208417,0.00392150087849298,3876.9354924950358,0.00392150087849298
1,1,8191.929237568348,2421.8150177001953,300,300,19.59862348,[10],,,123.57066914273896,1,309995,individuals,303-dc148,columns.txt,1,initial_data,,,24820.170361208417,0.00392150087849298,3876.9354924950358,0.00392150087849298
0,0,77084.0,0.07351303100585938,300,300,3.9339e-05,[10],,,1868.7061441790431,1,1,individuals,303-dc148,chr5n-3801-4001.tar.gz,1,,,,1884.6363419119891,0.06987974877450981,3820.201449727353,0.06987974877450981
0,0,527597.5,1.006312370300293,10,10,0.000329297,[10],,,3055.941506604351,1,2,sifting,7294-dc111,sifted.SIFT.chr2.txt,2,,,,1938.8819357120892,0.5012077780330882,4140.677976321709,0.5012077780330882
1,1,8191.880741065222,1640.772988319397,10,10,12.873628186,[10],,,127.45225857180874,1,210022,sifting,7294-dc111,ALL.chr2.phase3_shapeit2_mvncall_integrated_v5.20130502.sites.annotation.vcf,2,initial_data,,,24674.023827779052,0.003921454447251476,3842.8346700263232,0.003921454447251476
0,0,609.5900765900766,1.7457952499389648,10,10,0.014768753,[10],,,118.20871064327264,1,3003,frequency,41422-dc146,chr4-EAS-freq.tar.gz,3,initial_data,,,668.5792268439569,0.5683229964479964,1620.1554470907624,0.5683229964479964
1,0,977.3230074217489,2.888416290283203,10,10,0.010200711,[10],,,283.1583298735944,1,3099,frequency,41422-dc146,columns.txt,3,initial_data,,,6799.124067249832,0.9513781327309885,1879.7475299840232,0.9513781327309885
1,1,977.3230074217489,2.888416290283203,10,10,0.010200711,[10],,,283.1583298735944,1,3099,frequency,41422-dc146,sifted.SIFT.chr4.txt,3,sifting,,,6799.124067249832,0.9513781327309885,1879.7475299840232,0.9513781327309885
1,1,977.3230074217489,2.888416290283203,10,10,0.010200711,[10],,,283.1583298735944,1,3099,frequency,41422-dc146,chr4n.tar.gz,3,individuals_merge,,,6799.124067249832,0.9513781327309885,1879.7475299840232,0.9513781327309885
0,0,91900.0,0.08764266967773438,300,300,4.198e-05,[10],,,2087.7243848912426,1,1,individuals,25168-dc135,chr3n-4401-4601.tar.gz,1,,,,1886.42090807608,0.08406479779411764,3830.74021213604,0.08406479779411764
1,1,8191.912230276168,2421.794364929199,300,300,19.740116405,[10],,,122.68389482828886,1,309993,individuals,25168-dc135,columns.txt,1,initial_data,,,24820.166444775197,0.003921484595469676,3876.9345786852778,0.003921484595469676
1,1,8191.912230276168,2421.794364929199,300,300,19.740116405,[10],,,122.68389482828886,1,309993,individuals,25168-dc135,ALL.chr3.250000.vcf,1,initial_data,,,24820.166444775197,0.003921484595469676,3876.9345786852778,0.003921484595469676
0,0,96981.0,0.09248828887939453,300,300,4.279e-05,[10],,,2161.4463397848685,1,1,individuals,194924-dc260,chr9n-4601-4801.tar.gz,1,,,,1887.0329073120238,0.0889294194240196,3834.3543759993327,0.0889294194240196
1,1,8191.922137163246,2421.703544616699,300,300,19.97284512,[10],,,121.24980342393499,1,309981,individuals,194924-dc260,columns.txt,1,initial_data,,,24820.14948099236,0.003921494080464198,3876.9306204595614,0.003921494080464198
1,1,8191.922137163246,2421.703544616699,300,300,19.97284512,[10],,,121.24980342393499,1,309981,individuals,194924-dc260,ALL.chr9.250000.vcf,1,initial_data,,,24820.14948099236,0.003921494080464198,3876.9306204595614,0.003921494080464198
1,1,8191.912280079227,2421.833441734314,300,300,19.840182664,[10],,,122.06709397533568,1,309998,individuals,13937-dc026,columns.txt,1,initial_data,,,24820.17375686905,0.003921484643151833,3876.9362848386763,0.003921484643151833
1,1,8191.912280079227,2421.833441734314,300,300,19.840182664,[10],,,122.06709397533568,1,309998,individuals,13937-dc026,ALL.chr1.250000.vcf,1,initial_data,,,24820.17375686905,0.003921484643151833,3876.9362848386763,0.003921484643151833
0,0,94043.0,0.08968639373779297,300,300,4.9512e-05,[10],,,1811.4072091168396,1,1,individuals,13937-dc026,chr1n-4001-4201.tar.gz,1,,,,1886.6790293834265,0.08611653645833334,3832.264548518452,0.08611653645833334
1,1,8191.92760505042,2421.806722640991,300,300,19.811623685,[10],,,122.24170825910734,1,309994,individuals,31381-dc155,columns.txt,1,initial_data,,,24820.168804074146,0.003921499315497109,3876.935129166358,0.003921499315497109
0,0,99539.0,0.09492778778076172,300,300,5.1209e-05,[10],,,1853.7325036763405,1,1,individuals,31381-dc155,chr6n-201-401.tar.gz,1,,,,1887.3410147801492,0.0913784849877451,3836.1739058482403,0.0913784849877451
1,1,8191.92760505042,2421.806722640991,300,300,19.811623685,[10],,,122.24170825910734,1,309994,individuals,31381-dc155,ALL.chr6.250000.vcf,1,initial_data,,,24820.168804074146,0.003921499315497109,3876.935129166358,0.003921499315497109
0,0,92920.0,0.08861541748046875,300,300,4.815e-05,[10],,,1840.403270622404,1,1,individuals,194653-dc273,chr10n-1401-1601.tar.gz,1,,,,1886.5437656278734,0.08504136029411764,3831.465747885018,0.08504136029411764
1,1,8191.928799979357,2422.0726985931396,300,300,20.211405903,[10],,,119.83692328071196,1,310028,individuals,194653-dc273,columns.txt,1,initial_data,,,24820.218576395022,0.003921500459539059,3876.94674269422,0.003921500459539059
1,1,8191.928799979357,2422.0726985931396,300,300,20.211405903,[10],,,119.83692328071196,1,310028,individuals,194653-dc273,ALL.chr10.250000.vcf,1,initial_data,,,24820.218576395022,0.003921500459539059,3876.94674269422,0.003921500459539059
1,1,959.8111684958037,2.8357458114624023,10,10,0.009202609,[10],,,308.1458542313818,1,3098,frequency,196173-dc273,sifted.SIFT.chr10.txt,3,sifting,,,6745.8108476809375,0.9331366338497955,1867.385484438467,0.9331366338497955
1,1,959.8111684958037,2.8357458114624023,10,10,0.009202609,[10],,,308.1458542313818,1,3098,frequency,196173-dc273,chr10n.tar.gz,3,individuals_merge,,,6745.8108476809375,0.9331366338497955,1867.385484438467,0.9331366338497955
1,0,959.8111684958037,2.8357458114624023,10,10,0.009202609,[10],,,308.1458542313818,1,3098,frequency,196173-dc273,columns.txt,3,initial_data,,,6745.8108476809375,0.9331366338497955,1867.385484438467,0.9331366338497955
0,0,895.1165113182424,2.564363479614258,10,10,0.015340067,[10],,,167.1676844445502,1,3004,frequency,196173-dc273,chr10-EAS-freq.tar.gz,3,initial_data,,,750.0137974162166,0.8657463659565025,1821.7154863359028,0.8657463659565025
1,0,37662.70192307692,3.735466957092285,10,10,0.000736269,[10],,,5073.508401266772,1,104,mutation_overlap,196658-dc260,columns.txt,3,initial_data,,,24457.717821355578,0.032137237594857655,3792.3222282681327,0.032137237594857655
0,0,122267.11111111111,1.0494270324707031,10,10,0.000361959,[10],,,2899.298076496794,1,9,mutation_overlap,196658-dc260,chr9-AMR.tar.gz,3,initial_data,,,1890.0449943972308,0.11313870166122005,3852.3813561986817,0.11313870166122005
1,1,37662.70192307692,3.735466957092285,10,10,0.000736269,[10],,,5073.508401266772,1,104,mutation_overlap,196658-dc260,sifted.SIFT.chr9.txt,3,sifting,,,24457.717821355578,0.032137237594857655,3792.3222282681327,0.032137237594857655
1,1,37662.70192307692,3.735466957092285,10,10,0.000736269,[10],,,5073.508401266772,1,104,mutation_overlap,196658-dc260,chr9n.tar.gz,3,individuals_merge,,,24457.717821355578,0.032137237594857655,3792.3222282681327,0.032137237594857655
0,0,637.027972027972,1.8243741989135742,10,10,0.015670822,[10],,,116.41853879225826,1,3003,frequency,17576-dc177,chr7-ALL-freq.tar.gz,3,initial_data,,,676.4047481502922,0.5969041375291375,1639.5245228770127,0.5969041375291375
1,0,1559.1636070853463,4.616930961608887,10,10,0.010595564,[10],,,435.7418785454825,1,3105,frequency,17576-dc177,columns.txt,3,initial_data,,,16583.485345471825,0.1742069033480945,2780.9935069752137,0.1742069033480945
1,1,1559.1636070853463,4.616930961608887,10,10,0.010595564,[10],,,435.7418785454825,1,3105,frequency,17576-dc177,chr7n.tar.gz,3,individuals_merge,,,16583.485345471825,0.1742069033480945,2780.9935069752137,0.1742069033480945
1,1,1559.1636070853463,4.616930961608887,10,10,0.010595564,[10],,,435.7418785454825,1,3105,frequency,17576-dc177,sifted.SIFT.chr7.txt,3,sifting,,,16583.485345471825,0.1742069033480945,2780.9935069752137,0.1742069033480945
0,0,248540.375,1.8962125778198242,10,10,0.001004487,[10],,,1887.7422782174624,1,8,mutation_overlap,17652-dc026,chr1-EAS.tar.gz,3,initial_data,,,1905.2282749306385,0.23403451956954657,3942.232449122561,0.23403451956954657
1,0,20879.125560538116,4.440350532531738,10,10,0.000932542,[10],,,4761.555546593868,1,223,mutation_overlap,17652-dc026,columns.txt,3,initial_data,,,24406.588143379315,0.016068402995306867,3780.415384483765,0.016068402995306867
1,1,20879.125560538116,4.440350532531738,10,10,0.000932542,[10],,,4761.555546593868,1,223,mutation_overlap,17652-dc026,sifted.SIFT.chr1.txt,3,sifting,,,24406.588143379315,0.016068402995306867,3780.415384483765,0.016068402995306867
1,1,20879.125560538116,4.440350532531738,10,10,0.000932542,[10],,,4761.555546593868,1,223,mutation_overlap,17652-dc026,chr1n.tar.gz,3,individuals_merge,,,24406.588143379315,0.016068402995306867,3780.415384483765,0.016068402995306867
1,1,8191.930583199192,2421.8310403823853,300,300,19.730968269,[10],,,122.74263519988558,1,309997,individuals,39888-dc146,columns.txt,1,initial_data,,,24820.173363437512,0.00392150216681908,3876.9361930125574,0.00392150216681908
1,1,8191.930583199192,2421.8310403823853,300,300,19.730968269,[10],,,122.74263519988558,1,309997,individuals,39888-dc146,ALL.chr4.250000.vcf,1,initial_data,,,24820.173363437512,0.00392150216681908,3876.9361930125574,0.00392150216681908
0,0,89957.0,0.08578968048095703,300,300,3.91e-05,[10],,,2194.109475216292,1,1,individuals,39888-dc146,chr4n-5201-5401.tar.gz,1,,,,1886.1868764847713,0.08220454197303921,3829.3581376651923,0.08220454197303921
0,0,85339.0,0.08138561248779297,300,300,3.784e-05,[10],,,2150.7825710304696,1,1,individuals,194930-dc260,chr9n-201-401.tar.gz,1,,,,1885.6306449414553,0.077783203125,3826.073310127171,0.077783203125
1,1,8191.922137163246,2421.703544616699,300,300,19.967857584,[10],,,121.28008898446774,1,309981,individuals,194930-dc260,ALL.chr9.250000.vcf,1,initial_data,,,24820.14948099236,0.003921494080464198,3876.9306204595614,0.003921494080464198
1,1,8191.922137163246,2421.703544616699,300,300,19.967857584,[10],,,121.28008898446774,1,309981,individuals,194930-dc260,columns.txt,1,initial_data,,,24820.14948099236,0.003921494080464198,3876.9306204595614,0.003921494080464198
0,0,2802.8415282392025,8.045723915100098,10,10,0.017331355,[10],,,464.2293643572645,1,3010,frequency,196191-dc273,chr10-AFR-freq.tar.gz,3,initial_data,,,1594.0459466347363,0.5790499766403654,2836.1364969163756,0.5790499766403654
1,0,968.2830858618463,2.860775947570801,10,10,0.010100036,[10],,,283.2441337407907,1,3098,frequency,196191-dc273,columns.txt,3,initial_data,,,6771.602828611958,0.9419615477727565,1873.3660205555054,0.9419615477727565
1,1,968.2830858618463,2.860775947570801,10,10,0.010100036,[10],,,283.2441337407907,1,3098,frequency,196191-dc273,sifted.SIFT.chr10.txt,3,sifting,,,6771.602828611958,0.9419615477727565,1873.3660205555054,0.9419615477727565
1,1,968.2830858618463,2.860775947570801,10,10,0.010100036,[10],,,283.2441337407907,1,3098,frequency,196191-dc273,chr10n.tar.gz,3,individuals_merge,,,6771.602828611958,0.9419615477727565,1873.3660205555054,0.9419615477727565
0,0,90506.0,0.08631324768066406,300,300,4.172e-05,[10],,,2068.869791003453,1,1,individuals,6820-dc111,chr2n-4401-4601.tar.gz,1,,,,1886.2530027552955,0.08273016237745098,3829.7486466124365,0.08273016237745098
1,1,8191.921474379654,2421.75803565979,300,300,19.632317994,[10],,,123.35568506988956,1,309988,individuals,6820-dc111,columns.txt,1,initial_data,,,24820.15967517859,0.003921493445905765,3876.9329991014793,0.003921493445905765
1,1,8191.921474379654,2421.75803565979,300,300,19.632317994,[10],,,123.35568506988956,1,309988,individuals,6820-dc111,ALL.chr2.250000.vcf,1,initial_data,,,24820.15967517859,0.003921493445905765,3876.9329991014793,0.003921493445905765
1,1,8191.929237568348,2421.8150177001953,300,300,19.598692857,[10],,,123.57023171753028,1,309995,individuals,65455-dc148,columns.txt,1,initial_data,,,24820.170361208417,0.00392150087849298,3876.9354924950358,0.00392150087849298
0,0,101639.0,0.09693050384521484,300,300,5.1529e-05,[10],,,1881.0864531664663,1,1,individuals,65455-dc148,chr5n-5801-6001.tar.gz,1,,,,1887.5939567985477,0.09338905484068627,3837.667655919666,0.09338905484068627
1,1,8191.929237568348,2421.8150177001953,300,300,19.598692857,[10],,,123.57023171753028,1,309995,individuals,65455-dc148,ALL.chr5.250000.vcf,1,initial_data,,,24820.170361208417,0.00392150087849298,3876.9354924950358,0.00392150087849298
1,1,8191.911930553494,2421.802088737488,300,300,19.747017696,[10],,,122.64140975718341,1,309994,individuals,15991-dc177,columns.txt,1,initial_data,,,24820.167889117023,0.003921484308510928,3876.934915698439,0.003921484308510928
1,1,8191.911930553494,2421.802088737488,300,300,19.747017696,[10],,,122.64140975718341,1,309994,individuals,15991-dc177,ALL.chr7.250000.vcf,1,initial_data,,,24820.167889117023,0.003921484308510928,3876.934915698439,0.003921484308510928
0,0,94422.0,0.09004783630371094,300,300,4.8079e-05,[10],,,1872.9140852287057,1,1,individuals,15991-dc177,chr7n-5801-6001.tar.gz,1,,,,1886.7246793953186,0.08647939644607844,3832.5341348408665,0.08647939644607844
1,1,8191.912230276168,2421.794364929199,300,300,19.65775141,[10],,,123.19793421017727,1,309993,individuals,25166-dc135,ALL.chr3.250000.vcf,1,initial_data,,,24820.166444775197,0.003921484595469676,3876.9345786852778,0.003921484595469676
0,0,93497.0,0.08916568756103516,300,300,4.9229e-05,[10],,,1811.2431201331565,1,1,individuals,25166-dc135,chr3n-1601-1801.tar.gz,1,,,,1886.613264458643,0.08559378829656862,3831.8761734998816,0.08559378829656862
1,1,8191.912230276168,2421.794364929199,300,300,19.65775141,[10],,,123.19793421017727,1,309993,individuals,25166-dc135,columns.txt,1,initial_data,,,24820.166444775197,0.003921484595469676,3876.9345786852778,0.003921484595469676
1,1,8191.912280079227,2421.833441734314,300,300,19.864774574,[10],,,121.91597909719698,1,309998,individuals,14253-dc026,ALL.chr1.250000.vcf,1,initial_data,,,24820.17375686905,0.003921484643151833,3876.9362848386763,0.003921484643151833
0,0,77823.0,0.0742177963256836,300,300,3.8662e-05,[10],,,1919.6574498392117,1,1,individuals,14253-dc026,chr1n-2201-2401.tar.gz,1,,,,1884.7253534127492,0.07058727787990196,3820.727107490583,0.07058727787990196
1,1,8191.912280079227,2421.833441734314,300,300,19.864774574,[10],,,121.91597909719698,1,309998,individuals,14253-dc026,columns.txt,1,initial_data,,,24820.17375686905,0.003921484643151833,3876.9362848386763,0.003921484643151833
1,1,28821.384615384617,3.5732078552246094,10,10,0.000863034,[10],,,4140.286309953732,1,130,mutation_overlap,26698-dc135,sifted.SIFT.chr3.txt,3,sifting,,,24430.683689660516,0.02367243471907994,3786.026598563605,0.02367243471907994
1,0,28821.384615384617,3.5732078552246094,10,10,0.000863034,[10],,,4140.286309953732,1,130,mutation_overlap,26698-dc135,columns.txt,3,initial_data,,,24430.683689660516,0.02367243471907994,3786.026598563605,0.02367243471907994
0,0,177348.625,1.353062629699707,10,10,0.000604811,[10],,,2237.1660398036856,1,8,mutation_overlap,26698-dc135,chr3-EAS.tar.gz,3,initial_data,,,1896.670442731546,0.16587452607996322,3891.5723269236423,0.16587452607996322
1,1,28821.384615384617,3.5732078552246094,10,10,0.000863034,[10],,,4140.286309953732,1,130,mutation_overlap,26698-dc135,chr3n.tar.gz,3,individuals_merge,,,24430.683689660516,0.02367243471907994,3786.026598563605,0.02367243471907994
0,0,98713.0,0.09414005279541016,300,300,4.57e-05,[10],,,2059.957391584467,1,1,individuals,31477-dc155,chr6n-401-601.tar.gz,1,,,,1887.2415242529123,0.09058766084558824,3835.5863641534797,0.09058766084558824
1,1,8191.92760505042,2421.806722640991,300,300,19.775679741,[10],,,122.46389273891666,1,309994,individuals,31477-dc155,ALL.chr6.250000.vcf,1,initial_data,,,24820.168804074146,0.003921499315497109,3876.935129166358,0.003921499315497109
1,1,8191.92760505042,2421.806722640991,300,300,19.775679741,[10],,,122.46389273891666,1,309994,individuals,31477-dc155,columns.txt,1,initial_data,,,24820.168804074146,0.003921499315497109,3876.935129166358,0.003921499315497109
0,0,3983.091603053435,11.445097923278809,10,10,0.018573658,[10],,,616.2005310574152,1,3013,frequency,1974-dc148,chr5-EUR-freq.tar.gz,3,initial_data,,,1647.3432682274024,0.9632459645356234,2888.467272035615,0.9632459645356234
1,0,1042.8559050064184,3.099001884460449,10,10,0.009794026,[10],,,316.4175676540423,1,3116,frequency,1974-dc148,columns.txt,3,initial_data,,,16027.434920324058,0.006137989910943498,2758.101066387616,0.006137989910943498
1,1,1042.8559050064184,3.099001884460449,10,10,0.009794026,[10],,,316.4175676540423,1,3116,frequency,1974-dc148,chr5n.tar.gz,3,individuals_merge,,,16027.434920324058,0.006137989910943498,2758.101066387616,0.006137989910943498
1,1,1042.8559050064184,3.099001884460449,10,10,0.009794026,[10],,,316.4175676540423,1,3116,frequency,1974-dc148,sifted.SIFT.chr5.txt,3,sifting,,,16027.434920324058,0.006137989910943498,2758.101066387616,0.006137989910943498
1,1,8191.921474379654,2421.75803565979,300,300,19.623161678,[10],,,123.41324376768915,1,309988,individuals,6855-dc111,columns.txt,1,initial_data,,,24820.15967517859,0.003921493445905765,3876.9329991014793,0.003921493445905765
0,0,83252.0,0.07939529418945312,300,300,4.476e-05,[10],,,1773.800138280901,1,1,individuals,6855-dc111,chr2n-3601-3801.tar.gz,1,,,,1885.3792687545993,0.07578507965686275,3824.5888070799974,0.07578507965686275
1,1,8191.921474379654,2421.75803565979,300,300,19.623161678,[10],,,123.41324376768915,1,309988,individuals,6855-dc111,ALL.chr2.250000.vcf,1,initial_data,,,24820.15967517859,0.003921493445905765,3876.9329991014793,0.003921493445905765
1,1,21715.04854368932,2.133035659790039,10,10,0.000495685,[10],,,4303.208004660296,1,103,mutation_overlap,196116-dc273,chr10n.tar.gz,3,individuals_merge,,,24408.70953960839,0.01686872754259471,3780.909210861447,0.01686872754259471
1,0,21715.04854368932,2.133035659790039,10,10,0.000495685,[10],,,4303.208004660296,1,103,mutation_overlap,196116-dc273,columns.txt,3,initial_data,,,24408.70953960839,0.01686872754259471,3780.909210861447,0.01686872754259471
0,0,76086.0,0.5804901123046875,10,10,0.000239276,[10],,,2426.0273170091755,1,8,mutation_overlap,196116-dc273,chr10-GBR.tar.gz,3,initial_data,,,1884.497844743863,0.0689242493872549,3819.5137392827523,0.0689242493872549
1,1,21715.04854368932,2.133035659790039,10,10,0.000495685,[10],,,4303.208004660296,1,103,mutation_overlap,196116-dc273,sifted.SIFT.chr10.txt,3,sifting,,,24408.70953960839,0.01686872754259471,3780.909210861447,0.01686872754259471
0,0,98664.0,0.09409332275390625,300,300,4.9129e-05,[10],,,1915.2297574529557,1,1,individuals,16015-dc177,chr7n-3401-3601.tar.gz,1,,,,1887.2356222724832,0.09054074754901961,3835.5515099851464,0.09054074754901961
1,1,8191.911930553494,2421.802088737488,300,300,19.835721185,[10],,,122.0929688489916,1,309994,individuals,16015-dc177,ALL.chr7.250000.vcf,1,initial_data,,,24820.167889117023,0.003921484308510928,3876.934915698439,0.003921484308510928
1,1,8191.911930553494,2421.802088737488,300,300,19.835721185,[10],,,122.0929688489916,1,309994,individuals,16015-dc177,columns.txt,1,initial_data,,,24820.167889117023,0.003921484308510928,3876.934915698439,0.003921484308510928
1,1,8191.911930553494,2421.802088737488,300,300,19.606779302,[10],,,123.51860810155856,1,309994,individuals,16019-dc177,ALL.chr7.250000.vcf,1,initial_data,,,24820.167889117023,0.003921484308510928,3876.934915698439,0.003921484308510928
1,1,8191.911930553494,2421.802088737488,300,300,19.606779302,[10],,,123.51860810155856,1,309994,individuals,16019-dc177,columns.txt,1,initial_data,,,24820.167889117023,0.003921484308510928,3876.934915698439,0.003921484308510928
0,0,92453.0,0.08817005157470703,300,300,6.035e-05,[10],,,1460.978485082138,1,1,individuals,16019-dc177,chr7n-1201-1401.tar.gz,1,,,,1886.4875161409248,0.08459424785539216,3831.1335663215154,0.08459424785539216
1,0,977.322039367538,2.888413429260254,10,10,0.010055279,[10],,,287.25343466454325,1,3099,frequency,41383-dc146,columns.txt,3,initial_data,,,6799.121120096921,0.9513771243411854,1879.7468466105947,0.9513771243411854
1,1,977.322039367538,2.888413429260254,10,10,0.010055279,[10],,,287.25343466454325,1,3099,frequency,41383-dc146,chr4n.tar.gz,3,individuals_merge,,,6799.121120096921,0.9513771243411854,1879.7468466105947,0.9513771243411854
0,0,610.0419580419581,1.7470893859863281,10,10,0.015101402,[10],,,115.69054224146394,1,3003,frequency,41383-dc146,chr4-EUR-freq.tar.gz,3,initial_data,,,668.7081072800545,0.5687937062937063,1620.4744411662264,0.5687937062937063
1,1,977.322039367538,2.888413429260254,10,10,0.010055279,[10],,,287.25343466454325,1,3099,frequency,41383-dc146,sifted.SIFT.chr4.txt,3,sifting,,,6799.121120096921,0.9513771243411854,1879.7468466105947,0.9513771243411854
0,0,3931.334882177232,11.296379089355469,10,10,0.019150445,[10],,,589.8755401953046,1,3013,frequency,196649-dc260,chr9-AMR-freq.tar.gz,3,initial_data,,,1645.00604061779,0.9463980736254011,2886.1724456061947,0.9463980736254011
1,1,1438.8231116849581,4.250978469848633,10,10,0.009479423,[10],,,448.44274486417925,1,3098,frequency,196649-dc260,chr9n.tar.gz,3,individuals_merge,,,16453.885154947046,0.13503356500161398,2775.6577517613896,0.13503356500161398
1,1,1438.8231116849581,4.250978469848633,10,10,0.009479423,[10],,,448.44274486417925,1,3098,frequency,196649-dc260,sifted.SIFT.chr9.txt,3,sifting,,,16453.885154947046,0.13503356500161398,2775.6577517613896,0.13503356500161398
1,0,1438.8231116849581,4.250978469848633,10,10,0.009479423,[10],,,448.44274486417925,1,3098,frequency,196649-dc260,columns.txt,3,initial_data,,,16453.885154947046,0.13503356500161398,2775.6577517613896,0.13503356500161398
1,1,24716.80769230769,2.451465606689453,10,10,0.000620275,[10],,,3952.223782498816,1,104,mutation_overlap,41424-dc146,chr4n.tar.gz,3,individuals_merge,,,24417.93730624352,0.019742654423548264,3783.058168699289,0.019742654423548264
1,0,24716.80769230769,2.451465606689453,10,10,0.000620275,[10],,,3952.223782498816,1,104,mutation_overlap,41424-dc146,columns.txt,3,initial_data,,,24417.93730624352,0.019742654423548264,3783.058168699289,0.019742654423548264
1,1,24716.80769230769,2.451465606689453,10,10,0.000620275,[10],,,3952.223782498816,1,104,mutation_overlap,41424-dc146,sifted.SIFT.chr4.txt,3,sifting,,,24417.93730624352,0.019742654423548264,3783.058168699289,0.019742654423548264
0,0,112228.0,0.856231689453125,10,10,0.000337986,[10],,,2533.3347814794843,1,8,mutation_overlap,41424-dc146,chr4-AMR.tar.gz,3,initial_data,,,1888.842409547223,0.10352711397058824,3845.232423491433,0.10352711397058824
0,0,4445.673191771732,12.778529167175293,10,10,0.018928833,[10],,,675.0827780653616,1,3014,frequency,1965-dc148,chr5-AFR-freq.tar.gz,3,initial_data,,,1875.4271823906429,0.0003347820846466486,3769.0908471443286,0.0003347820846466486
1,1,1066.7230423620026,3.169926643371582,10,10,0.009613758,[10],,,329.728150362385,1,3116,frequency,1965-dc148,chr5n.tar.gz,3,individuals_merge,,,16053.139009984125,0.013907240352214393,2759.1593060043547,0.013907240352214393
1,1,1066.7230423620026,3.169926643371582,10,10,0.009613758,[10],,,329.728150362385,1,3116,frequency,1965-dc148,sifted.SIFT.chr5.txt,3,sifting,,,16053.139009984125,0.013907240352214393,2759.1593060043547,0.013907240352214393
1,0,1066.7230423620026,3.169926643371582,10,10,0.009613758,[10],,,329.728150362385,1,3116,frequency,1965-dc148,columns.txt,3,initial_data,,,16053.139009984125,0.013907240352214393,2759.1593060043547,0.013907240352214393
1,1,8191.912280079227,2421.833441734314,300,300,19.863217136,[10],,,121.92553830290636,1,309998,individuals,13895-dc026,ALL.chr1.250000.vcf,1,initial_data,,,24820.17375686905,0.003921484643151833,3876.9362848386763,0.003921484643151833
0,0,78697.0,0.07505130767822266,300,300,3.8892e-05,[10],,,1929.736389957386,1,1,individuals,13895-dc026,chr1n-1201-1401.tar.gz,1,,,,1884.830625471835,0.07142405790441177,3821.3487920441194,0.07142405790441177
1,1,8191.912280079227,2421.833441734314,300,300,19.863217136,[10],,,121.92553830290636,1,309998,individuals,13895-dc026,columns.txt,1,initial_data,,,24820.17375686905,0.003921484643151833,3876.9362848386763,0.003921484643151833
1,0,27535.528846153848,2.731032371520996,10,10,0.0006715,[10],,,4067.062355206249,1,104,mutation_overlap,41349-dc146,columns.txt,3,initial_data,,,24426.59875345284,0.022441338126296194,3785.0752406922857,0.022441338126296194
1,1,27535.528846153848,2.731032371520996,10,10,0.0006715,[10],,,4067.062355206249,1,104,mutation_overlap,41349-dc146,chr4n.tar.gz,3,individuals_merge,,,24426.59875345284,0.022441338126296194,3785.0752406922857,0.022441338126296194
0,0,149005.5,1.1368217468261719,10,10,0.000455576,[10],,,2495.350384625555,1,8,mutation_overlap,41349-dc146,chr4-SAS.tar.gz,3,initial_data,,,1893.2633666623683,0.1387384152879902,3871.403330150853,0.1387384152879902
1,1,27535.528846153848,2.731032371520996,10,10,0.0006715,[10],,,4067.062355206249,1,104,mutation_overlap,41349-dc146,sifted.SIFT.chr4.txt,3,sifting,,,24426.59875345284,0.022441338126296194,3785.0752406922857,0.022441338126296194
1,1,961.4391739270733,2.841472625732422,10,10,0.009536306,[10],,,297.9636586464845,1,3099,frequency,41426-dc146,chr4n.tar.gz,3,individuals_merge,,,6750.767182290899,0.9348324728407014,1868.5347387717034,0.9348324728407014
1,0,961.4391739270733,2.841472625732422,10,10,0.009536306,[10],,,297.9636586464845,1,3099,frequency,41426-dc146,columns.txt,3,initial_data,,,6750.767182290899,0.9348324728407014,1868.5347387717034,0.9348324728407014
1,1,961.4391739270733,2.841472625732422,10,10,0.009536306,[10],,,297.9636586464845,1,3099,frequency,41426-dc146,sifted.SIFT.chr4.txt,3,sifting,,,6750.767182290899,0.9348324728407014,1868.5347387717034,0.9348324728407014
0,0,578.020313020313,1.6553831100463867,10,10,0.015319105,[10],,,108.0600407168948,1,3003,frequency,41426-dc146,chr4-GBR-freq.tar.gz,3,initial_data,,,659.575261579553,0.535437826062826,1597.869585388256,0.535437826062826
1,0,980.0425943852856,2.896453857421875,10,10,0.009619452,[10],,,301.1038318421751,1,3099,frequency,41418-dc146,columns.txt,3,initial_data,,,6807.40360216032,0.9542110358180058,1881.6673537353931,0.9542110358180058
1,1,980.0425943852856,2.896453857421875,10,10,0.009619452,[10],,,301.1038318421751,1,3099,frequency,41418-dc146,sifted.SIFT.chr4.txt,3,sifting,,,6807.40360216032,0.9542110358180058,1881.6673537353931,0.9542110358180058
0,0,1040.9683754993341,2.982205390930176,10,10,0.01542876,[10],,,193.28872773509835,1,3004,frequency,41418-dc146,chr4-ALL-freq.tar.gz,3,initial_data,,,1514.4834009584197,0.005523559732856158,2758.01730704139,0.005523559732856158
1,1,980.0425943852856,2.896453857421875,10,10,0.009619452,[10],,,301.1038318421751,1,3099,frequency,41418-dc146,chr4n.tar.gz,3,individuals_merge,,,6807.40360216032,0.9542110358180058,1881.6673537353931,0.9542110358180058
1,1,8191.911930553494,2421.802088737488,300,300,19.770457718,[10],,,122.49600506378565,1,309994,individuals,15987-dc177,columns.txt,1,initial_data,,,24820.167889117023,0.003921484308510928,3876.934915698439,0.003921484308510928
1,1,8191.911930553494,2421.802088737488,300,300,19.770457718,[10],,,122.49600506378565,1,309994,individuals,15987-dc177,ALL.chr7.250000.vcf,1,initial_data,,,24820.167889117023,0.003921484308510928,3876.934915698439,0.003921484308510928
0,0,97376.0,0.092864990234375,300,300,4.751e-05,[10],,,1954.6409226347087,1,1,individuals,15987-dc177,chr7n-801-1001.tar.gz,1,,,,1887.0804845011987,0.08930759803921569,3834.635343274672,0.08930759803921569
1,1,46910.29090909091,4.921085357666016,10,10,0.001035953,[10],,,4750.297897362154,1,110,mutation_overlap,17567-dc177,chr7n.tar.gz,3,individuals_merge,,,24486.18430456073,0.04099101075089127,3798.951506497071,0.04099101075089127
1,1,46910.29090909091,4.921085357666016,10,10,0.001035953,[10],,,4750.297897362154,1,110,mutation_overlap,17567-dc177,sifted.SIFT.chr7.txt,3,sifting,,,24486.18430456073,0.04099101075089127,3798.951506497071,0.04099101075089127
0,0,218151.0,1.6643600463867188,10,10,0.000591826,[10],,,2812.2455694523705,1,8,mutation_overlap,17567-dc177,chr7-AFR.tar.gz,3,initial_data,,,1901.5752228300048,0.20493929993872548,3920.607338754453,0.20493929993872548
1,0,46910.29090909091,4.921085357666016,10,10,0.001035953,[10],,,4750.297897362154,1,110,mutation_overlap,17567-dc177,columns.txt,3,initial_data,,,24486.18430456073,0.04099101075089127,3798.951506497071,0.04099101075089127
0,0,133679.0,0.1274862289428711,300,300,6.0159e-05,[10],,,2119.1547223669127,1,1,individuals,39866-dc146,chr4n-401-601.tar.gz,1,,,,1891.4531293078262,0.12406460631127451,3860.4580141522756,0.12406460631127451
1,1,8191.930583199192,2421.8310403823853,300,300,19.737874126,[10],,,122.69969019572342,1,309997,individuals,39866-dc146,columns.txt,1,initial_data,,,24820.173363437512,0.00392150216681908,3876.9361930125574,0.00392150216681908
1,1,8191.930583199192,2421.8310403823853,300,300,19.737874126,[10],,,122.69969019572342,1,309997,individuals,39866-dc146,ALL.chr4.250000.vcf,1,initial_data,,,24820.173363437512,0.00392150216681908,3876.9361930125574,0.00392150216681908
1,1,8191.92760505042,2421.806722640991,300,300,19.803358269,[10],,,122.29272882630548,1,309994,individuals,31422-dc155,columns.txt,1,initial_data,,,24820.168804074146,0.003921499315497109,3876.935129166358,0.003921499315497109
0,0,77146.0,0.07357215881347656,300,300,4.1009e-05,[10],,,1794.0490822374738,1,1,individuals,31422-dc155,chr6n-5201-5401.tar.gz,1,,,,1884.6438097239609,0.06993910845588236,3820.245550919938,0.06993910845588236
1,1,8191.92760505042,2421.806722640991,300,300,19.803358269,[10],,,122.29272882630548,1,309994,individuals,31422-dc155,ALL.chr6.250000.vcf,1,initial_data,,,24820.168804074146,0.003921499315497109,3876.935129166358,0.003921499315497109
1,1,8191.912280079227,2421.833441734314,300,300,19.914276925,[10],,,121.6129237760067,1,309998,individuals,15023-dc026,ALL.chr1.250000.vcf,1,initial_data,,,24820.17375686905,0.003921484643151833,3876.9362848386763,0.003921484643151833
0,0,79441.0,0.0757608413696289,300,300,4.6932e-05,[10],,,1614.268332260055,1,1,individuals,15023-dc026,chr1n-2801-3001.tar.gz,1,,,,1884.9202392154964,0.07213637408088236,3821.878006355139,0.07213637408088236
1,1,8191.912280079227,2421.833441734314,300,300,19.914276925,[10],,,121.6129237760067,1,309998,individuals,15023-dc026,columns.txt,1,initial_data,,,24820.17375686905,0.003921484643151833,3876.9362848386763,0.003921484643151833
1,1,8191.92760505042,2421.806722640991,300,300,19.746248525,[10],,,122.64642165193206,1,309994,individuals,31470-dc155,ALL.chr6.250000.vcf,1,initial_data,,,24820.168804074146,0.003921499315497109,3876.935129166358,0.003921499315497109
0,0,96870.0,0.09238243103027344,300,300,4.3829e-05,[10],,,2107.7923527863613,1,1,individuals,31470-dc155,chr6n-1601-1801.tar.gz,1,,,,1887.0195375196226,0.08882314644607843,3834.2754206384143,0.08882314644607843
1,1,8191.92760505042,2421.806722640991,300,300,19.746248525,[10],,,122.64642165193206,1,309994,individuals,31470-dc155,columns.txt,1,initial_data,,,24820.168804074146,0.003921499315497109,3876.935129166358,0.003921499315497109
0,0,761592.9545454546,15.978856086730957,10,10,0.005064918,[10],,,3154.8104207671195,1,22,mutation_overlap,196637-dc260,chr9-ALL.tar.gz,3,initial_data,,,1966.535260500351,0.725238352620878,4307.765147227628,0.725238352620878
1,0,165425.7606837607,18.458189010620117,10,10,0.002795775,[10],,,6602.1725677567465,1,117,mutation_overlap,196637-dc260,columns.txt,3,initial_data,,,24850.695573354587,0.1544594062918971,3883.8387966374526,0.1544594062918971
1,1,165425.7606837607,18.458189010620117,10,10,0.002795775,[10],,,6602.1725677567465,1,117,mutation_overlap,196637-dc260,sifted.SIFT.chr9.txt,3,sifting,,,24850.695573354587,0.1544594062918971,3883.8387966374526,0.1544594062918971
1,1,165425.7606837607,18.458189010620117,10,10,0.002795775,[10],,,6602.1725677567465,1,117,mutation_overlap,196637-dc260,chr9n.tar.gz,3,individuals_merge,,,24850.695573354587,0.1544594062918971,3883.8387966374526,0.1544594062918971
1,1,1239.90528,3.6952056884765625,10,10,0.009750182,[10],,,378.98838077859085,1,3125,frequency,26710-dc135,chr3n.tar.gz,3,individuals_merge,,,16239.647285351999,0.07028166666666665,2766.8380007203546,0.07028166666666665
0,0,675.3942723942724,1.934250831604004,10,10,0.015905399,[10],,,121.60970193856839,1,3003,frequency,26710-dc135,chr3-AFR-freq.tar.gz,3,initial_data,,,687.3471435552649,0.6368690337440338,1666.6082247270672,0.6368690337440338
1,0,1239.90528,3.6952056884765625,10,10,0.009750182,[10],,,378.98838077859085,1,3125,frequency,26710-dc135,columns.txt,3,initial_data,,,16239.647285351999,0.07028166666666665,2766.8380007203546,0.07028166666666665
1,1,1239.90528,3.6952056884765625,10,10,0.009750182,[10],,,378.98838077859085,1,3125,frequency,26710-dc135,sifted.SIFT.chr3.txt,3,sifting,,,16239.647285351999,0.07028166666666665,2766.8380007203546,0.07028166666666665
1,1,8191.929237568348,2421.8150177001953,300,300,19.590540532,[10],,,123.62165371314296,1,309995,individuals,65392-dc148,ALL.chr5.250000.vcf,1,initial_data,,,24820.170361208417,0.00392150087849298,3876.9354924950358,0.00392150087849298
1,1,8191.929237568348,2421.8150177001953,300,300,19.590540532,[10],,,123.62165371314296,1,309995,individuals,65392-dc148,columns.txt,1,initial_data,,,24820.170361208417,0.00392150087849298,3876.9354924950358,0.00392150087849298
0,0,75143.0,0.07166194915771484,300,300,3.82e-05,[10],,,1875.9672554375613,1,1,individuals,65392-dc148,chr5n-5001-5201.tar.gz,1,,,,1884.402551217841,0.06802140778186275,3818.820797875621,0.06802140778186275
0,0,153740.44444444444,1.3195648193359375,10,10,0.000550119,[10],,,2398.6897731871422,1,9,mutation_overlap,196591-dc260,chr9-EUR.tar.gz,3,initial_data,,,1893.8272663888852,0.14327171840958605,3874.7791229141053,0.14327171840958605
1,1,40821.42307692308,4.048755645751953,10,10,0.000849299,[10],,,4767.173452166968,1,104,mutation_overlap,196591-dc260,sifted.SIFT.chr9.txt,3,sifting,,,24467.424030316924,0.035161442130938914,3794.58260367434,0.035161442130938914
1,1,40821.42307692308,4.048755645751953,10,10,0.000849299,[10],,,4767.173452166968,1,104,mutation_overlap,196591-dc260,chr9n.tar.gz,3,individuals_merge,,,24467.424030316924,0.035161442130938914,3794.58260367434,0.035161442130938914
1,0,40821.42307692308,4.048755645751953,10,10,0.000849299,[10],,,4767.173452166968,1,104,mutation_overlap,196591-dc260,columns.txt,3,initial_data,,,24467.424030316924,0.035161442130938914,3794.58260367434,0.035161442130938914
1,1,32765.570414643258,1087.4506149291992,10,10,0.154354896,[10],,,7045.131985506953,1,34801,sifting,16503-dc177,ALL.chr7.phase3_shapeit2_mvncall_integrated_v5.20130502.sites.annotation.vcf,2,initial_data,,,24645.542386497546,0.027448654272598096,3836.1547430983774,0.027448654272598096
0,0,81344.0,0.07757568359375,300,300,3.7759e-05,[10],,,2054.495182439948,1,1,individuals,194458-dc273,chr10n-2201-2401.tar.gz,1,,,,1885.1494528635972,0.07395833333333333,3823.231628443674,0.07395833333333333
1,1,8191.928799979357,2422.0726985931396,300,300,20.184646474,[10],,,119.9957949084236,1,310028,individuals,194458-dc273,ALL.chr10.250000.vcf,1,initial_data,,,24820.218576395022,0.003921500459539059,3876.94674269422,0.003921500459539059
1,1,8191.928799979357,2422.0726985931396,300,300,20.184646474,[10],,,119.9957949084236,1,310028,individuals,194458-dc273,columns.txt,1,initial_data,,,24820.218576395022,0.003921500459539059,3876.94674269422,0.003921500459539059
0,0,83758.0,0.07987785339355469,300,300,4.5e-05,[10],,,1775.0634087456597,1,1,individuals,31421-dc155,chr6n-5401-5601.tar.gz,1,,,,1885.440215736175,0.07626953125,3824.9487297162555,0.07626953125
1,1,8191.92760505042,2421.806722640991,300,300,19.790893294,[10],,,122.3697529295057,1,309994,individuals,31421-dc155,ALL.chr6.250000.vcf,1,initial_data,,,24820.168804074146,0.003921499315497109,3876.935129166358,0.003921499315497109
1,1,8191.92760505042,2421.806722640991,300,300,19.790893294,[10],,,122.3697529295057,1,309994,individuals,31421-dc155,columns.txt,1,initial_data,,,24820.168804074146,0.003921499315497109,3876.935129166358,0.003921499315497109
1,1,8191.928799979357,2422.0726985931396,300,300,20.195982015,[10],,,119.9284440238763,1,310028,individuals,194660-dc273,ALL.chr10.250000.vcf,1,initial_data,,,24820.218576395022,0.003921500459539059,3876.94674269422,0.003921500459539059
1,1,8191.928799979357,2422.0726985931396,300,300,20.195982015,[10],,,119.9284440238763,1,310028,individuals,194660-dc273,columns.txt,1,initial_data,,,24820.218576395022,0.003921500459539059,3876.94674269422,0.003921500459539059
0,0,77856.0,0.074249267578125,300,300,3.6549e-05,[10],,,2031.4992907637693,1,1,individuals,194660-dc273,chr10n-5001-5201.tar.gz,1,,,,1884.7293282158953,0.0706188725490196,3820.7505807059915,0.0706188725490196
1,1,8191.92760505042,2421.806722640991,300,300,19.746386065,[10],,,122.64556737972353,1,309994,individuals,31331-dc155,ALL.chr6.250000.vcf,1,initial_data,,,24820.168804074146,0.003921499315497109,3876.935129166358,0.003921499315497109
0,0,83111.0,0.07926082611083984,300,300,4.8869e-05,[10],,,1621.903990481488,1,1,individuals,31331-dc155,chr6n-4801-5001.tar.gz,1,,,,1885.3622855047927,0.07565008425245098,3824.488512432345,0.07565008425245098
1,1,8191.92760505042,2421.806722640991,300,300,19.746386065,[10],,,122.64556737972353,1,309994,individuals,31331-dc155,columns.txt,1,initial_data,,,24820.168804074146,0.003921499315497109,3876.935129166358,0.003921499315497109
0,0,84446.0,0.6442718505859375,10,10,0.000298187,[10],,,2160.6302440614027,1,8,mutation_overlap,17508-dc177,chr7-GBR.tar.gz,3,initial_data,,,1885.502785304875,0.07692823223039216,3825.4627238432245,0.07692823223039216
1,1,37271.01818181818,3.9098854064941406,10,10,0.000829484,[10],,,4713.635713882535,1,110,mutation_overlap,17508-dc177,sifted.SIFT.chr7.txt,3,sifting,,,24456.55415014361,0.03176223401292335,3792.0512514078573,0.03176223401292335
1,1,37271.01818181818,3.9098854064941406,10,10,0.000829484,[10],,,4713.635713882535,1,110,mutation_overlap,17508-dc177,chr7n.tar.gz,3,individuals_merge,,,24456.55415014361,0.03176223401292335,3792.0512514078573,0.03176223401292335
1,0,37271.01818181818,3.9098854064941406,10,10,0.000829484,[10],,,4713.635713882535,1,110,mutation_overlap,17508-dc177,columns.txt,3,initial_data,,,24456.55415014361,0.03176223401292335,3792.0512514078573,0.03176223401292335
1,1,8191.92760505042,2421.806722640991,300,300,19.832510063,[10],,,122.11297082153867,1,309994,individuals,31406-dc155,ALL.chr6.250000.vcf,1,initial_data,,,24820.168804074146,0.003921499315497109,3876.935129166358,0.003921499315497109
1,1,8191.92760505042,2421.806722640991,300,300,19.832510063,[10],,,122.11297082153867,1,309994,individuals,31406-dc155,columns.txt,1,initial_data,,,24820.168804074146,0.003921499315497109,3876.935129166358,0.003921499315497109
0,0,80413.0,0.07668781280517578,300,300,4.0259e-05,[10],,,1904.8613429338975,1,1,individuals,31406-dc155,chr6n-4601-4801.tar.gz,1,,,,1885.0373152354405,0.07306698069852942,3822.5693992453416,0.07306698069852942
1,1,8191.912280079227,2421.833441734314,300,300,19.905252245,[10],,,121.66806086783724,1,309998,individuals,15028-dc026,ALL.chr1.250000.vcf,1,initial_data,,,24820.17375686905,0.003921484643151833,3876.9362848386763,0.003921484643151833
0,0,89791.0,0.0856313705444336,300,300,4.6392e-05,[10],,,1845.821920685325,1,1,individuals,15028-dc026,chr1n-1401-1601.tar.gz,1,,,,1886.1668820204598,0.0820456112132353,3829.2400602785942,0.0820456112132353
1,1,8191.912280079227,2421.833441734314,300,300,19.905252245,[10],,,121.66806086783724,1,309998,individuals,15028-dc026,columns.txt,1,initial_data,,,24820.17375686905,0.003921484643151833,3876.9362848386763,0.003921484643151833
1,1,8191.912280079227,2421.833441734314,300,300,19.418101754,[10],,,124.72040122229932,1,309998,individuals,14998-dc026,columns.txt,1,initial_data,,,24820.17375686905,0.003921484643151833,3876.9362848386763,0.003921484643151833
1,1,8191.912280079227,2421.833441734314,300,300,19.418101754,[10],,,124.72040122229932,1,309998,individuals,14998-dc026,ALL.chr1.250000.vcf,1,initial_data,,,24820.17375686905,0.003921484643151833,3876.9362848386763,0.003921484643151833
0,0,91157.0,0.08693408966064453,300,300,4.9622e-05,[10],,,1751.9263564677872,1,1,individuals,14998-dc026,chr1n-2401-2601.tar.gz,1,,,,1886.331414780999,0.08335343903186275,3830.211709134578,0.08335343903186275
1,1,8191.912230276168,2421.794364929199,300,300,19.654277384,[10],,,123.21971027541896,1,309993,individuals,25146-dc135,columns.txt,1,initial_data,,,24820.166444775197,0.003921484595469676,3876.9345786852778,0.003921484595469676
0,0,78987.0,0.07532787322998047,300,300,4.1659e-05,[10],,,1808.2016666261904,1,1,individuals,25146-dc135,chr3n-2201-2401.tar.gz,1,,,,1884.86555556009,0.07170170802696078,3821.5550718158875,0.07170170802696078
1,1,8191.912230276168,2421.794364929199,300,300,19.654277384,[10],,,123.21971027541896,1,309993,individuals,25146-dc135,ALL.chr3.250000.vcf,1,initial_data,,,24820.166444775197,0.003921484595469676,3876.9345786852778,0.003921484595469676
1,1,8191.922788330022,2421.789673805237,300,300,19.96325312,[10],,,121.31237625690319,1,309992,individuals,28568-dc257,ALL.chr8.250000.vcf,1,initial_data,,,24820.165599232438,0.003921494703900527,3876.9343813774494,0.003921494703900527
1,1,8191.922788330022,2421.789673805237,300,300,19.96325312,[10],,,121.31237625690319,1,309992,individuals,28568-dc257,columns.txt,1,initial_data,,,24820.165599232438,0.003921494703900527,3876.9343813774494,0.003921494703900527
0,0,95587.0,0.09115886688232422,300,300,4.2649e-05,[10],,,2137.4209684242123,1,1,individuals,28568-dc257,chr8n-5401-5601.tar.gz,1,,,,1886.8650019912393,0.08759478400735295,3833.362810475729,0.08759478400735295
1,1,8191.922788330022,2421.789673805237,300,300,19.951457705,[10],,,121.38409682207413,1,309992,individuals,28547-dc257,ALL.chr8.250000.vcf,1,initial_data,,,24820.165599232438,0.003921494703900527,3876.9343813774494,0.003921494703900527
1,1,8191.922788330022,2421.789673805237,300,300,19.951457705,[10],,,121.38409682207413,1,309992,individuals,28547-dc257,columns.txt,1,initial_data,,,24820.165599232438,0.003921494703900527,3876.9343813774494,0.003921494703900527
0,0,96860.0,0.09237289428710938,300,300,3.707e-05,[10],,,2491.8503988969346,1,1,individuals,28547-dc257,chr8n-4201-4401.tar.gz,1,,,,1887.018333033821,0.08881357230392156,3834.268307542836,0.08881357230392156
1,0,1201.9737175427485,3.619988441467285,10,10,0.010230192,[10],,,353.8534214672887,1,3158,frequency,8373-dc111,columns.txt,3,initial_data,,,16198.785492935722,0.057934152845946794,2765.1561848715187,0.057934152845946794
1,1,1201.9737175427485,3.619988441467285,10,10,0.010230192,[10],,,353.8534214672887,1,3158,frequency,8373-dc111,chr2n.tar.gz,3,individuals_merge,,,16198.785492935722,0.057934152845946794,2765.1561848715187,0.057934152845946794
0,0,1637.6054557551563,4.694597244262695,10,10,0.017021708,[10],,,275.8005979342787,1,3006,frequency,8373-dc111,chr2-EUR-freq.tar.gz,3,initial_data,,,1541.4263995211852,0.19974135929529827,2784.4714264982895,0.19974135929529827
1,1,1201.9737175427485,3.619988441467285,10,10,0.010230192,[10],,,353.8534214672887,1,3158,frequency,8373-dc111,sifted.SIFT.chr2.txt,3,sifting,,,16198.785492935722,0.057934152845946794,2765.1561848715187,0.057934152845946794
1,1,8191.921474379654,2421.75803565979,300,300,19.607152932,[10],,,123.51400756952029,1,309988,individuals,6837-dc111,columns.txt,1,initial_data,,,24820.15967517859,0.003921493445905765,3876.9329991014793,0.003921493445905765
1,1,8191.921474379654,2421.75803565979,300,300,19.607152932,[10],,,123.51400756952029,1,309988,individuals,6837-dc111,ALL.chr2.250000.vcf,1,initial_data,,,24820.15967517859,0.003921493445905765,3876.9329991014793,0.003921493445905765
0,0,83274.0,0.07941627502441406,300,300,4.5289e-05,[10],,,1753.5444594584571,1,1,individuals,6837-dc111,chr2n-2401-2601.tar.gz,1,,,,1885.3819186233634,0.07580614276960784,3824.6044558902695,0.07580614276960784
1,1,8191.922137163246,2421.703544616699,300,300,19.959368406,[10],,,121.33167219302938,1,309981,individuals,195092-dc260,ALL.chr9.250000.vcf,1,initial_data,,,24820.14948099236,0.003921494080464198,3876.9306204595614,0.003921494080464198
0,0,95512.0,0.09108734130859375,300,300,4.1e-05,[10],,,2221.642470941311,1,1,individuals,195092-dc260,chr9n-3401-3601.tar.gz,1,,,,1886.8559683477251,0.08752297794117647,3833.3094622588924,0.08752297794117647
1,1,8191.922137163246,2421.703544616699,300,300,19.959368406,[10],,,121.33167219302938,1,309981,individuals,195092-dc260,columns.txt,1,initial_data,,,24820.14948099236,0.003921494080464198,3876.9306204595614,0.003921494080464198
0,0,92447.0,0.0881643295288086,300,300,5.0969e-05,[10],,,1729.7637687380288,1,1,individuals,6842-dc111,chr2n-5001-5201.tar.gz,1,,,,1886.4867934494437,0.08458850337009804,3831.129298464168,0.08458850337009804
1,1,8191.921474379654,2421.75803565979,300,300,19.644864672,[10],,,123.27690091505406,1,309988,individuals,6842-dc111,columns.txt,1,initial_data,,,24820.15967517859,0.003921493445905765,3876.9329991014793,0.003921493445905765
1,1,8191.921474379654,2421.75803565979,300,300,19.644864672,[10],,,123.27690091505406,1,309988,individuals,6842-dc111,ALL.chr2.250000.vcf,1,initial_data,,,24820.15967517859,0.003921493445905765,3876.9329991014793,0.003921493445905765
1,1,8191.928799979357,2422.0726985931396,300,300,20.21663711,[10],,,119.80591457493593,1,310028,individuals,194576-dc273,ALL.chr10.250000.vcf,1,initial_data,,,24820.218576395022,0.003921500459539059,3876.94674269422,0.003921500459539059
0,0,93003.0,0.08869457244873047,300,300,4.644e-05,[10],,,1909.8745143998808,1,1,individuals,194576-dc273,chr10n-2801-3001.tar.gz,1,,,,1886.553762860029,0.0851208256740196,3831.5247865783176,0.0851208256740196
1,1,8191.928799979357,2422.0726985931396,300,300,20.21663711,[10],,,119.80591457493593,1,310028,individuals,194576-dc273,columns.txt,1,initial_data,,,24820.218576395022,0.003921500459539059,3876.94674269422,0.003921500459539059
1,1,8191.928799979357,2422.0726985931396,300,300,20.219342857,[10],,,119.78988217980637,1,310028,individuals,194557-dc273,ALL.chr10.250000.vcf,1,initial_data,,,24820.218576395022,0.003921500459539059,3876.94674269422,0.003921500459539059
0,0,48406.0,0.04616355895996094,300,300,2.698e-05,[10],,,1711.0288717554092,1,1,individuals,194557-dc273,chr10n-1-201.tar.gz,1,,,,1881.1821175293082,0.04242302389705882,3799.8025142281404,0.04242302389705882
1,1,8191.928799979357,2422.0726985931396,300,300,20.219342857,[10],,,119.78988217980637,1,310028,individuals,194557-dc273,columns.txt,1,initial_data,,,24820.218576395022,0.003921500459539059,3876.94674269422,0.003921500459539059
1,1,83286.42616033755,18.82446575164795,10,10,0.002795907,[10],,,6732.865489319906,1,237,mutation_overlap,17546-dc026,sifted.SIFT.chr1.txt,3,sifting,,,24599.888404628753,0.0758180397521614,3825.4317149109856,0.0758180397521614
1,0,83286.42616033755,18.82446575164795,10,10,0.002795907,[10],,,6732.865489319906,1,237,mutation_overlap,17546-dc026,columns.txt,3,initial_data,,,24599.888404628753,0.0758180397521614,3825.4317149109856,0.0758180397521614
1,1,83286.42616033755,18.82446575164795,10,10,0.002795907,[10],,,6732.865489319906,1,237,mutation_overlap,17546-dc026,chr1n.tar.gz,3,individuals_merge,,,24599.888404628753,0.0758180397521614,3825.4317149109856,0.0758180397521614
0,0,778510.8181818182,16.33380699157715,10,10,0.005092498,[10],,,3207.425312995145,1,22,mutation_overlap,17546-dc026,chr1-ALL.tar.gz,3,initial_data,,,1968.5607930520935,0.7414357557653743,4319.813778284251,0.7414357557653743
1,1,32765.76815227484,1346.1583061218262,10,10,0.198465074,[10],,,6782.847374555315,1,43080,sifting,25645-dc135,ALL.chr3.phase3_shapeit2_mvncall_integrated_v5.20130502.sites.annotation.vcf,2,initial_data,,,24693.951645157904,0.027448843589417547,3847.450224829359,0.027448843589417547
1,1,1437.8166559070369,4.248004913330078,10,10,0.009904143,[10],,,428.9119122502652,1,3098,frequency,196651-dc260,chr9n.tar.gz,3,individuals_merge,,,16452.801231563033,0.1347059426780719,2775.6131267564547,0.1347059426780719
1,0,1437.8166559070369,4.248004913330078,10,10,0.009904143,[10],,,428.9119122502652,1,3098,frequency,196651-dc260,columns.txt,3,initial_data,,,16452.801231563033,0.1347059426780719,2775.6131267564547,0.1347059426780719
0,0,4172.732824427481,11.99001693725586,10,10,0.018674882,[10],,,642.039769635806,1,3013,frequency,196651-dc260,chr9-EAS-freq.tar.gz,3,initial_data,,,1875.4226904603656,7.346509691662963e-05,3768.8622864753734,7.346509691662963e-05
1,1,1437.8166559070369,4.248004913330078,10,10,0.009904143,[10],,,428.9119122502652,1,3098,frequency,196651-dc260,sifted.SIFT.chr9.txt,3,sifting,,,16452.801231563033,0.1347059426780719,2775.6131267564547,0.1347059426780719
1,1,8191.92760505042,2421.806722640991,300,300,19.76461035,[10],,,122.53248001122324,1,309994,individuals,31304-dc155,ALL.chr6.250000.vcf,1,initial_data,,,24820.168804074146,0.003921499315497109,3876.935129166358,0.003921499315497109
1,1,8191.92760505042,2421.806722640991,300,300,19.76461035,[10],,,122.53248001122324,1,309994,individuals,31304-dc155,columns.txt,1,initial_data,,,24820.168804074146,0.003921499315497109,3876.935129166358,0.003921499315497109
0,0,85475.0,0.08151531219482422,300,300,4.158e-05,[10],,,1960.4452187307413,1,1,individuals,31304-dc155,chr6n-3201-3401.tar.gz,1,,,,1885.6470259483608,0.07791341145833333,3826.1700482270353,0.07791341145833333
0,0,577.1761571761572,1.6529655456542969,10,10,0.017443859,[10],,,94.75916685948316,1,3003,frequency,196142-dc273,chr10-GBR-freq.tar.gz,3,initial_data,,,659.334501148081,0.534558497058497,1597.2736753062359,0.534558497058497
1,1,943.448030987734,2.7874011993408203,10,10,0.010526896,[10],,,264.78851879422194,1,3098,frequency,196142-dc273,chr10n.tar.gz,3,individuals_merge,,,6695.994765636582,0.9160916989455562,1855.8343407449127,0.9160916989455562
1,1,943.448030987734,2.7874011993408203,10,10,0.010526896,[10],,,264.78851879422194,1,3098,frequency,196142-dc273,sifted.SIFT.chr10.txt,3,sifting,,,6695.994765636582,0.9160916989455562,1855.8343407449127,0.9160916989455562
1,0,943.448030987734,2.7874011993408203,10,10,0.010526896,[10],,,264.78851879422194,1,3098,frequency,196142-dc273,columns.txt,3,initial_data,,,6695.994765636582,0.9160916989455562,1855.8343407449127,0.9160916989455562
0,0,135986.0,1.0374908447265625,10,10,0.000363032,[10],,,2857.8495689816946,1,8,mutation_overlap,26718-dc135,chr3-AMR.tar.gz,3,initial_data,,,1891.6983159884335,0.12627336090686275,3862.138640619147,0.12627336090686275
1,1,26277.384615384617,3.2578086853027344,10,10,0.000748148,[10],,,4354.497619859619,1,130,mutation_overlap,26718-dc135,chr3n.tar.gz,3,individuals_merge,,,24422.85461017149,0.02123677295437406,3784.203362448806,0.02123677295437406
1,0,26277.384615384617,3.2578086853027344,10,10,0.000748148,[10],,,4354.497619859619,1,130,mutation_overlap,26718-dc135,columns.txt,3,initial_data,,,24422.85461017149,0.02123677295437406,3784.203362448806,0.02123677295437406
1,1,26277.384615384617,3.2578086853027344,10,10,0.000748148,[10],,,4354.497619859619,1,130,mutation_overlap,26718-dc135,sifted.SIFT.chr3.txt,3,sifting,,,24422.85461017149,0.02123677295437406,3784.203362448806,0.02123677295437406
1,0,40845.644230769234,4.0511579513549805,10,10,0.000722746,[10],,,5605.230539297319,1,104,mutation_overlap,196639-dc260,columns.txt,3,initial_data,,,24467.498457773185,0.03518463180795155,3794.5999362902307,0.03518463180795155
1,1,40845.644230769234,4.0511579513549805,10,10,0.000722746,[10],,,5605.230539297319,1,104,mutation_overlap,196639-dc260,chr9n.tar.gz,3,individuals_merge,,,24467.498457773185,0.03518463180795155,3794.5999362902307,0.03518463180795155
1,1,40845.644230769234,4.0511579513549805,10,10,0.000722746,[10],,,5605.230539297319,1,104,mutation_overlap,196639-dc260,sifted.SIFT.chr9.txt,3,sifting,,,24467.498457773185,0.03518463180795155,3794.5999362902307,0.03518463180795155
0,0,150842.77777777778,1.294693946838379,10,10,0.000439068,[10],,,2948.7321937339525,1,9,mutation_overlap,196639-dc260,chr9-EAS.tar.gz,3,initial_data,,,1893.4790425970673,0.14049745115059914,3872.717019693843,0.14049745115059914
0,0,80224.0,0.076507568359375,300,300,4.421e-05,[10],,,1730.5489337112645,1,1,individuals,6656-dc111,chr2n-1801-2001.tar.gz,1,,,,1885.0145504537848,0.07288602941176471,3822.434961738913,0.07288602941176471
1,1,8191.921474379654,2421.75803565979,300,300,19.695664636,[10],,,122.9589394629145,1,309988,individuals,6656-dc111,ALL.chr2.250000.vcf,1,initial_data,,,24820.15967517859,0.003921493445905765,3876.9329991014793,0.003921493445905765
1,1,8191.921474379654,2421.75803565979,300,300,19.695664636,[10],,,122.9589394629145,1,309988,individuals,6656-dc111,columns.txt,1,initial_data,,,24820.15967517859,0.003921493445905765,3876.9329991014793,0.003921493445905765
1,1,8191.912280079227,2421.833441734314,300,300,19.32083005,[10],,,125.3483124413857,1,309998,individuals,15037-dc026,ALL.chr1.250000.vcf,1,initial_data,,,24820.17375686905,0.003921484643151833,3876.9362848386763,0.003921484643151833
0,0,106965.0,0.10200977325439453,300,300,4.3562e-05,[10],,,2341.714642449716,1,1,individuals,15037-dc026,chr1n-3801-4001.tar.gz,1,,,,1888.235465936638,0.09848824295343138,3841.456090624625,0.09848824295343138
1,1,8191.912280079227,2421.833441734314,300,300,19.32083005,[10],,,125.3483124413857,1,309998,individuals,15037-dc026,columns.txt,1,initial_data,,,24820.17375686905,0.003921484643151833,3876.9362848386763,0.003921484643151833
1,1,8191.922137163246,2421.703544616699,300,300,19.947346748,[10],,,121.40479509434049,1,309981,individuals,195119-dc260,ALL.chr9.250000.vcf,1,initial_data,,,24820.14948099236,0.003921494080464198,3876.9306204595614,0.003921494080464198
0,0,99894.0,0.09526634216308594,300,300,4.223e-05,[10],,,2255.892544709589,1,1,individuals,195119-dc260,chr9n-4201-4401.tar.gz,1,,,,1887.3837740261165,0.09171836703431373,3836.426420741267,0.09171836703431373
1,1,8191.922137163246,2421.703544616699,300,300,19.947346748,[10],,,121.40479509434049,1,309981,individuals,195119-dc260,columns.txt,1,initial_data,,,24820.14948099236,0.003921494080464198,3876.9306204595614,0.003921494080464198
0,0,84413.0,0.08050251007080078,300,300,4.41e-05,[10],,,1825.4537431020585,1,1,individuals,39886-dc146,chr4n-1601-1801.tar.gz,1,,,,1885.5191095561995,0.0768966375612745,3825.4146374766283,0.0768966375612745
1,1,8191.930583199192,2421.8310403823853,300,300,19.742264447,[10],,,122.67240401343132,1,309997,individuals,39886-dc146,ALL.chr4.250000.vcf,1,initial_data,,,24820.173363437512,0.00392150216681908,3876.9361930125574,0.00392150216681908
1,1,8191.930583199192,2421.8310403823853,300,300,19.742264447,[10],,,122.67240401343132,1,309997,individuals,39886-dc146,columns.txt,1,initial_data,,,24820.173363437512,0.00392150216681908,3876.9361930125574,0.00392150216681908
1,1,1556.6366802089378,2.557835578918457,10,10,0.01258762,[10],,,203.2024782221307,1,1723,individuals_merge,31941-dc155,chr6n-3001-3201.tar.gz,2,individuals,,,16581.35467554271,0.17338433600551362,2780.8802003288465,0.17338433600551362
1,1,1556.6366802089378,2.557835578918457,10,10,0.01258762,[10],,,203.2024782221307,1,1723,individuals_merge,31941-dc155,chr6n-5801-6001.tar.gz,2,individuals,,,16581.35467554271,0.17338433600551362,2780.8802003288465,0.17338433600551362
1,1,1556.6366802089378,2.557835578918457,10,10,0.01258762,[10],,,203.2024782221307,1,1723,individuals_merge,31941-dc155,chr6n-3601-3801.tar.gz,2,individuals,,,16581.35467554271,0.17338433600551362,2780.8802003288465,0.17338433600551362
1,1,1556.6366802089378,2.557835578918457,10,10,0.01258762,[10],,,203.2024782221307,1,1723,individuals_merge,31941-dc155,chr6n-1801-2001.tar.gz,2,individuals,,,16581.35467554271,0.17338433600551362,2780.8802003288465,0.17338433600551362
1,1,1556.6366802089378,2.557835578918457,10,10,0.01258762,[10],,,203.2024782221307,1,1723,individuals_merge,31941-dc155,chr6n-5201-5401.tar.gz,2,individuals,,,16581.35467554271,0.17338433600551362,2780.8802003288465,0.17338433600551362
1,1,1556.6366802089378,2.557835578918457,10,10,0.01258762,[10],,,203.2024782221307,1,1723,individuals_merge,31941-dc155,chr6n-1401-1601.tar.gz,2,individuals,,,16581.35467554271,0.17338433600551362,2780.8802003288465,0.17338433600551362
1,1,1556.6366802089378,2.557835578918457,10,10,0.01258762,[10],,,203.2024782221307,1,1723,individuals_merge,31941-dc155,chr6n-601-801.tar.gz,2,individuals,,,16581.35467554271,0.17338433600551362,2780.8802003288465,0.17338433600551362
1,1,1556.6366802089378,2.557835578918457,10,10,0.01258762,[10],,,203.2024782221307,1,1723,individuals_merge,31941-dc155,chr6n-3201-3401.tar.gz,2,individuals,,,16581.35467554271,0.17338433600551362,2780.8802003288465,0.17338433600551362
1,1,1556.6366802089378,2.557835578918457,10,10,0.01258762,[10],,,203.2024782221307,1,1723,individuals_merge,31941-dc155,chr6n-5601-5801.tar.gz,2,individuals,,,16581.35467554271,0.17338433600551362,2780.8802003288465,0.17338433600551362
0,0,740397.5,1.412196159362793,10,10,0.000488844,[10],,,2888.8483020407184,1,2,individuals_merge,31941-dc155,chr6n.tar.gz,2,,,,1964.5060860514643,0.7049455231311275,4292.0535107973865,0.7049455231311275
1,1,1556.6366802089378,2.557835578918457,10,10,0.01258762,[10],,,203.2024782221307,1,1723,individuals_merge,31941-dc155,chr6n-2801-3001.tar.gz,2,individuals,,,16581.35467554271,0.17338433600551362,2780.8802003288465,0.17338433600551362
1,1,1556.6366802089378,2.557835578918457,10,10,0.01258762,[10],,,203.2024782221307,1,1723,individuals_merge,31941-dc155,chr6n-1-201.tar.gz,2,individuals,,,16581.35467554271,0.17338433600551362,2780.8802003288465,0.17338433600551362
1,1,1556.6366802089378,2.557835578918457,10,10,0.01258762,[10],,,203.2024782221307,1,1723,individuals_merge,31941-dc155,chr6n-801-1001.tar.gz,2,individuals,,,16581.35467554271,0.17338433600551362,2780.8802003288465,0.17338433600551362
1,1,1556.6366802089378,2.557835578918457,10,10,0.01258762,[10],,,203.2024782221307,1,1723,individuals_merge,31941-dc155,chr6n-4001-4201.tar.gz,2,individuals,,,16581.35467554271,0.17338433600551362,2780.8802003288465,0.17338433600551362
1,1,1556.6366802089378,2.557835578918457,10,10,0.01258762,[10],,,203.2024782221307,1,1723,individuals_merge,31941-dc155,chr6n-3401-3601.tar.gz,2,individuals,,,16581.35467554271,0.17338433600551362,2780.8802003288465,0.17338433600551362
1,1,1556.6366802089378,2.557835578918457,10,10,0.01258762,[10],,,203.2024782221307,1,1723,individuals_merge,31941-dc155,chr6n-2201-2401.tar.gz,2,individuals,,,16581.35467554271,0.17338433600551362,2780.8802003288465,0.17338433600551362
1,1,1556.6366802089378,2.557835578918457,10,10,0.01258762,[10],,,203.2024782221307,1,1723,individuals_merge,31941-dc155,chr6n-2601-2801.tar.gz,2,individuals,,,16581.35467554271,0.17338433600551362,2780.8802003288465,0.17338433600551362
1,1,1556.6366802089378,2.557835578918457,10,10,0.01258762,[10],,,203.2024782221307,1,1723,individuals_merge,31941-dc155,chr6n-4601-4801.tar.gz,2,individuals,,,16581.35467554271,0.17338433600551362,2780.8802003288465,0.17338433600551362
1,1,1556.6366802089378,2.557835578918457,10,10,0.01258762,[10],,,203.2024782221307,1,1723,individuals_merge,31941-dc155,chr6n-401-601.tar.gz,2,individuals,,,16581.35467554271,0.17338433600551362,2780.8802003288465,0.17338433600551362
1,1,1556.6366802089378,2.557835578918457,10,10,0.01258762,[10],,,203.2024782221307,1,1723,individuals_merge,31941-dc155,chr6n-2401-2601.tar.gz,2,individuals,,,16581.35467554271,0.17338433600551362,2780.8802003288465,0.17338433600551362
1,1,1556.6366802089378,2.557835578918457,10,10,0.01258762,[10],,,203.2024782221307,1,1723,individuals_merge,31941-dc155,chr6n-4801-5001.tar.gz,2,individuals,,,16581.35467554271,0.17338433600551362,2780.8802003288465,0.17338433600551362
1,1,1556.6366802089378,2.557835578918457,10,10,0.01258762,[10],,,203.2024782221307,1,1723,individuals_merge,31941-dc155,chr6n-3801-4001.tar.gz,2,individuals,,,16581.35467554271,0.17338433600551362,2780.8802003288465,0.17338433600551362
1,1,1556.6366802089378,2.557835578918457,10,10,0.01258762,[10],,,203.2024782221307,1,1723,individuals_merge,31941-dc155,chr6n-1001-1201.tar.gz,2,individuals,,,16581.35467554271,0.17338433600551362,2780.8802003288465,0.17338433600551362
1,1,1556.6366802089378,2.557835578918457,10,10,0.01258762,[10],,,203.2024782221307,1,1723,individuals_merge,31941-dc155,chr6n-2001-2201.tar.gz,2,individuals,,,16581.35467554271,0.17338433600551362,2780.8802003288465,0.17338433600551362
1,1,1556.6366802089378,2.557835578918457,10,10,0.01258762,[10],,,203.2024782221307,1,1723,individuals_merge,31941-dc155,chr6n-4201-4401.tar.gz,2,individuals,,,16581.35467554271,0.17338433600551362,2780.8802003288465,0.17338433600551362
1,1,1556.6366802089378,2.557835578918457,10,10,0.01258762,[10],,,203.2024782221307,1,1723,individuals_merge,31941-dc155,chr6n-5401-5601.tar.gz,2,individuals,,,16581.35467554271,0.17338433600551362,2780.8802003288465,0.17338433600551362
1,1,1556.6366802089378,2.557835578918457,10,10,0.01258762,[10],,,203.2024782221307,1,1723,individuals_merge,31941-dc155,chr6n-4401-4601.tar.gz,2,individuals,,,16581.35467554271,0.17338433600551362,2780.8802003288465,0.17338433600551362
1,1,1556.6366802089378,2.557835578918457,10,10,0.01258762,[10],,,203.2024782221307,1,1723,individuals_merge,31941-dc155,chr6n-1201-1401.tar.gz,2,individuals,,,16581.35467554271,0.17338433600551362,2780.8802003288465,0.17338433600551362
1,1,1556.6366802089378,2.557835578918457,10,10,0.01258762,[10],,,203.2024782221307,1,1723,individuals_merge,31941-dc155,chr6n-5001-5201.tar.gz,2,individuals,,,16581.35467554271,0.17338433600551362,2780.8802003288465,0.17338433600551362
1,1,1556.6366802089378,2.557835578918457,10,10,0.01258762,[10],,,203.2024782221307,1,1723,individuals_merge,31941-dc155,chr6n-201-401.tar.gz,2,individuals,,,16581.35467554271,0.17338433600551362,2780.8802003288465,0.17338433600551362
1,1,1556.6366802089378,2.557835578918457,10,10,0.01258762,[10],,,203.2024782221307,1,1723,individuals_merge,31941-dc155,chr6n-1601-1801.tar.gz,2,individuals,,,16581.35467554271,0.17338433600551362,2780.8802003288465,0.17338433600551362
1,0,1131.5389298301827,3.3679323196411133,10,10,0.010936054,[10],,,307.9659555120259,1,3121,frequency,33014-dc155,columns.txt,3,initial_data,,,16122.941947690471,0.035006162054095936,2762.0331663398147,0.035006162054095936
0,0,627.5467865467865,1.7972211837768555,10,10,0.015063948,[10],,,119.30611973546745,1,3003,frequency,33014-dc155,chr6-GBR-freq.tar.gz,3,initial_data,,,673.7006333554723,0.5870279026529026,1632.8315241175326,0.5870279026529026
1,1,1131.5389298301827,3.3679323196411133,10,10,0.010936054,[10],,,307.9659555120259,1,3121,frequency,33014-dc155,sifted.SIFT.chr6.txt,3,sifting,,,16122.941947690471,0.035006162054095936,2762.0331663398147,0.035006162054095936
1,1,1131.5389298301827,3.3679323196411133,10,10,0.010936054,[10],,,307.9659555120259,1,3121,frequency,33014-dc155,chr6n.tar.gz,3,individuals_merge,,,16122.941947690471,0.035006162054095936,2762.0331663398147,0.035006162054095936
1,0,1557.2264090177134,4.611194610595703,10,10,0.010069414,[10],,,457.9407114054207,1,3105,frequency,17559-dc177,columns.txt,3,initial_data,,,16581.39904363599,0.17357630501878693,2780.907613999829,0.17357630501878693
0,0,627.1824841824841,1.796177864074707,10,10,0.015120992,[10],,,118.78703884472044,1,3003,frequency,17559-dc177,chr7-EAS-freq.tar.gz,3,initial_data,,,673.5967312205491,0.586648421023421,1632.5743542438718,0.586648421023421
1,1,1557.2264090177134,4.611194610595703,10,10,0.010069414,[10],,,457.9407114054207,1,3105,frequency,17559-dc177,sifted.SIFT.chr7.txt,3,sifting,,,16581.39904363599,0.17357630501878693,2780.907613999829,0.17357630501878693
1,1,1557.2264090177134,4.611194610595703,10,10,0.010069414,[10],,,457.9407114054207,1,3105,frequency,17559-dc177,chr7n.tar.gz,3,individuals_merge,,,16581.39904363599,0.17357630501878693,2780.907613999829,0.17357630501878693
0,0,47772.0,0.045558929443359375,300,300,2.544e-05,[10],,,1790.8384215156987,1,1,individuals,6744-dc111,chr2n-1-201.tar.gz,1,,,,1881.105753129468,0.041816023284313726,3799.3515439684816,0.041816023284313726
1,1,8191.921474379654,2421.75803565979,300,300,19.608477581,[10],,,123.50566359146606,1,309988,individuals,6744-dc111,columns.txt,1,initial_data,,,24820.15967517859,0.003921493445905765,3876.9329991014793,0.003921493445905765
1,1,8191.921474379654,2421.75803565979,300,300,19.608477581,[10],,,123.50566359146606,1,309988,individuals,6744-dc111,ALL.chr2.250000.vcf,1,initial_data,,,24820.15967517859,0.003921493445905765,3876.9329991014793,0.003921493445905765
1,0,28573.22950819672,3.3244457244873047,10,10,0.001017741,[10],,,3266.4948395390425,1,122,mutation_overlap,1977-dc148,columns.txt,3,initial_data,,,24429.879209291405,0.023434847491763097,3785.839232685088,0.023434847491763097
0,0,222457.77777777778,1.9093704223632812,10,10,0.000684094,[10],,,2791.0936543271555,1,9,mutation_overlap,1977-dc148,chr5-AFR.tar.gz,3,initial_data,,,1902.0852936672534,0.20906267020697167,3923.681308933149,0.20906267020697167
1,1,28573.22950819672,3.3244457244873047,10,10,0.001017741,[10],,,3266.4948395390425,1,122,mutation_overlap,1977-dc148,chr5n.tar.gz,3,individuals_merge,,,24429.879209291405,0.023434847491763097,3785.839232685088,0.023434847491763097
1,1,28573.22950819672,3.3244457244873047,10,10,0.001017741,[10],,,3266.4948395390425,1,122,mutation_overlap,1977-dc148,sifted.SIFT.chr5.txt,3,sifting,,,24429.879209291405,0.023434847491763097,3785.839232685088,0.023434847491763097
1,1,8191.928799979357,2422.0726985931396,300,300,20.188878019,[10],,,119.97064405033788,1,310028,individuals,194635-dc273,ALL.chr10.250000.vcf,1,initial_data,,,24820.218576395022,0.003921500459539059,3876.94674269422,0.003921500459539059
0,0,77807.0,0.0742025375366211,300,300,4.851e-05,[10],,,1529.6338391387567,1,1,individuals,194635-dc273,chr10n-3001-3201.tar.gz,1,,,,1884.7234262354661,0.07057195925245098,3820.715726537658,0.07057195925245098
1,1,8191.928799979357,2422.0726985931396,300,300,20.188878019,[10],,,119.97064405033788,1,310028,individuals,194635-dc273,columns.txt,1,initial_data,,,24820.218576395022,0.003921500459539059,3876.94674269422,0.003921500459539059
0,0,626.7958707958708,1.7950706481933594,10,10,0.015436904,[10],,,116.28436946899193,1,3003,frequency,17563-dc177,chr7-SAS-freq.tar.gz,3,initial_data,,,673.4864657921709,0.5862456987456988,1632.301434478497,0.5862456987456988
1,1,1557.2119162640902,4.611151695251465,10,10,0.010544622,[10],,,437.2989088894286,1,3105,frequency,17563-dc177,sifted.SIFT.chr7.txt,3,sifting,,,16581.383435392825,0.1735715873255502,2780.906971408991,0.1735715873255502
1,0,1557.2119162640902,4.611151695251465,10,10,0.010544622,[10],,,437.2989088894286,1,3105,frequency,17563-dc177,columns.txt,3,initial_data,,,16581.383435392825,0.1735715873255502,2780.906971408991,0.1735715873255502
1,1,1557.2119162640902,4.611151695251465,10,10,0.010544622,[10],,,437.2989088894286,1,3105,frequency,17563-dc177,chr7n.tar.gz,3,individuals_merge,,,16581.383435392825,0.1735715873255502,2780.906971408991,0.1735715873255502
0,0,90560.0,0.08636474609375,300,300,5.0239e-05,[10],,,1719.0777303240511,1,1,individuals,15818-dc177,chr7n-4401-4601.tar.gz,1,,,,1886.2595069786257,0.08278186274509804,3829.787057328559,0.08278186274509804
1,1,8191.911930553494,2421.802088737488,300,300,19.75058004,[10],,,122.61928934910856,1,309994,individuals,15818-dc177,ALL.chr7.250000.vcf,1,initial_data,,,24820.167889117023,0.003921484308510928,3876.934915698439,0.003921484308510928
1,1,8191.911930553494,2421.802088737488,300,300,19.75058004,[10],,,122.61928934910856,1,309994,individuals,15818-dc177,columns.txt,1,initial_data,,,24820.167889117023,0.003921484308510928,3876.934915698439,0.003921484308510928
0,0,89581.0,0.08543109893798828,300,300,5.3212e-05,[10],,,1605.4855847926838,1,1,individuals,15035-dc026,chr1n-3201-3401.tar.gz,1,,,,1886.1415878186199,0.08184455422794118,3829.0906852714515,0.08184455422794118
1,1,8191.912280079227,2421.833441734314,300,300,19.569079711,[10],,,123.75816734871667,1,309998,individuals,15035-dc026,ALL.chr1.250000.vcf,1,initial_data,,,24820.17375686905,0.003921484643151833,3876.9362848386763,0.003921484643151833
1,1,8191.912280079227,2421.833441734314,300,300,19.569079711,[10],,,123.75816734871667,1,309998,individuals,15035-dc026,columns.txt,1,initial_data,,,24820.17375686905,0.003921484643151833,3876.9362848386763,0.003921484643151833
1,0,134398.13333333333,17.303226470947266,10,10,0.003110087,[10],,,5563.582777892472,1,135,mutation_overlap,1906-dc148,columns.txt,3,initial_data,,,24755.712708574505,0.12475311478758169,3861.719414282148,0.12475311478758169
0,0,767799.6818181818,16.109078407287598,10,10,0.00561509,[10],,,2868.8905088409265,1,22,mutation_overlap,1906-dc148,chr5-ALL.tar.gz,3,initial_data,,,1967.2783760852099,0.7311807615446746,4312.185478812371,0.7311807615446746
1,1,134398.13333333333,17.303226470947266,10,10,0.003110087,[10],,,5563.582777892472,1,135,mutation_overlap,1906-dc148,sifted.SIFT.chr5.txt,3,sifting,,,24755.712708574505,0.12475311478758169,3861.719414282148,0.12475311478758169
1,1,134398.13333333333,17.303226470947266,10,10,0.003110087,[10],,,5563.582777892472,1,135,mutation_overlap,1906-dc148,chr5n.tar.gz,3,individuals_merge,,,24755.712708574505,0.12475311478758169,3861.719414282148,0.12475311478758169
0,0,84145.0,0.0802469253540039,300,300,3.908e-05,[10],,,2053.401365250868,1,1,individuals,317-dc148,chr5n-5601-5801.tar.gz,1,,,,1885.4868293367085,0.07664005055147059,3825.224006515132,0.07664005055147059
1,1,8191.929237568348,2421.8150177001953,300,300,19.608547305,[10],,,123.50813041018367,1,309995,individuals,317-dc148,ALL.chr5.250000.vcf,1,initial_data,,,24820.170361208417,0.00392150087849298,3876.9354924950358,0.00392150087849298
1,1,8191.929237568348,2421.8150177001953,300,300,19.608547305,[10],,,123.50813041018367,1,309995,individuals,317-dc148,columns.txt,1,initial_data,,,24820.170361208417,0.00392150087849298,3876.9354924950358,0.00392150087849298
1,1,8191.912230276168,2421.794364929199,300,300,19.745143016,[10],,,122.65266263033682,1,309993,individuals,25181-dc135,ALL.chr3.250000.vcf,1,initial_data,,,24820.166444775197,0.003921484595469676,3876.9345786852778,0.003921484595469676
1,1,8191.912230276168,2421.794364929199,300,300,19.745143016,[10],,,122.65266263033682,1,309993,individuals,25181-dc135,columns.txt,1,initial_data,,,24820.166444775197,0.003921484595469676,3876.9345786852778,0.003921484595469676
0,0,88177.0,0.0840921401977539,300,300,4.8799e-05,[10],,,1723.2349064069738,1,1,individuals,25181-dc135,chr3n-5601-5801.tar.gz,1,,,,1885.9724780120337,0.08050034466911765,3828.0920066522694,0.08050034466911765
1,1,8191.930583199192,2421.8310403823853,300,300,19.728781104,[10],,,122.75624264954516,1,309997,individuals,39878-dc146,columns.txt,1,initial_data,,,24820.173363437512,0.00392150216681908,3876.9361930125574,0.00392150216681908
0,0,80596.0,0.07686233520507812,300,300,4.2279e-05,[10],,,1817.979025168006,1,1,individuals,39878-dc146,chr4n-3401-3601.tar.gz,1,,,,1885.059357325615,0.0732421875,3822.6995688944226,0.0732421875
1,1,8191.930583199192,2421.8310403823853,300,300,19.728781104,[10],,,122.75624264954516,1,309997,individuals,39878-dc146,ALL.chr4.250000.vcf,1,initial_data,,,24820.173363437512,0.00392150216681908,3876.9361930125574,0.00392150216681908
1,0,32301.384615384617,4.004650115966797,10,10,0.000880547,[10],,,4547.911827496769,1,130,mutation_overlap,26702-dc135,columns.txt,3,initial_data,,,24441.393279527583,0.027004236189668178,3788.520647965924,0.027004236189668178
0,0,234220.75,1.7869625091552734,10,10,0.000637681,[10],,,2802.282817200565,1,8,mutation_overlap,26702-dc135,chr3-AFR.tar.gz,3,initial_data,,,1903.5069385692777,0.22032470703125,3932.0425893095535,0.22032470703125
1,1,32301.384615384617,4.004650115966797,10,10,0.000880547,[10],,,4547.911827496769,1,130,mutation_overlap,26702-dc135,sifted.SIFT.chr3.txt,3,sifting,,,24441.393279527583,0.027004236189668178,3788.520647965924,0.027004236189668178
1,1,32301.384615384617,4.004650115966797,10,10,0.000880547,[10],,,4547.911827496769,1,130,mutation_overlap,26702-dc135,chr3n.tar.gz,3,individuals_merge,,,24441.393279527583,0.027004236189668178,3788.520647965924,0.027004236189668178
1,0,42797.56363636364,4.489643096923828,10,10,0.000937273,[10],,,4790.112482621209,1,110,mutation_overlap,17520-dc177,columns.txt,3,initial_data,,,24473.542194765287,0.037053427194741535,3796.0074184836785,0.037053427194741535
1,1,42797.56363636364,4.489643096923828,10,10,0.000937273,[10],,,4790.112482621209,1,110,mutation_overlap,17520-dc177,chr7n.tar.gz,3,individuals_merge,,,24473.542194765287,0.037053427194741535,3796.0074184836785,0.037053427194741535
0,0,161187.125,1.2297601699829102,10,10,0.000439697,[10],,,2796.835479848419,1,8,mutation_overlap,17520-dc177,chr7-EAS.tar.gz,3,initial_data,,,1894.7276978898244,0.1504012762331495,3880.0717869745913,0.1504012762331495
1,1,42797.56363636364,4.489643096923828,10,10,0.000937273,[10],,,4790.112482621209,1,110,mutation_overlap,17520-dc177,sifted.SIFT.chr7.txt,3,sifting,,,24473.542194765287,0.037053427194741535,3796.0074184836785,0.037053427194741535
1,1,1496.05593536358,4.591281890869141,10,10,0.010991024,[10],,,417.73013059284926,1,3218,frequency,17876-dc026,sifted.SIFT.chr1.txt,3,sifting,,,16515.47393009678,0.15366404145949866,2778.195490042352,0.15366404145949866
1,0,1496.05593536358,4.591281890869141,10,10,0.010991024,[10],,,417.73013059284926,1,3218,frequency,17876-dc026,columns.txt,3,initial_data,,,16515.47393009678,0.15366404145949866,2778.195490042352,0.15366404145949866
1,1,1496.05593536358,4.591281890869141,10,10,0.010991024,[10],,,417.73013059284926,1,3218,frequency,17876-dc026,chr1n.tar.gz,3,individuals_merge,,,16515.47393009678,0.15366404145949866,2778.195490042352,0.15366404145949866
0,0,2291.356168939142,6.570919036865234,10,10,0.016635032,[10],,,395.00489309940815,1,3007,frequency,17876-dc026,chr1-EUR-freq.tar.gz,3,initial_data,,,1570.9485409574766,0.4125508362432104,2813.4578908624253,0.4125508362432104
1,1,977.1719909648274,2.887969970703125,10,10,0.009628454,[10],,,299.9411920857829,1,3099,frequency,41415-dc146,sifted.SIFT.chr4.txt,3,sifting,,,6798.66431139576,0.9512208239216952,1879.640923729201,0.9512208239216952
1,1,977.1719909648274,2.887969970703125,10,10,0.009628454,[10],,,299.9411920857829,1,3099,frequency,41415-dc146,chr4n.tar.gz,3,individuals_merge,,,6798.66431139576,0.9512208239216952,1879.640923729201,0.9512208239216952
0,0,607.9030969030969,1.7409639358520508,10,10,0.014969966,[10],,,116.29712023741743,1,3003,frequency,41415-dc146,chr4-AMR-freq.tar.gz,3,initial_data,,,668.0980858791297,0.5665657259407259,1618.9645672187644,0.5665657259407259
1,0,977.1719909648274,2.887969970703125,10,10,0.009628454,[10],,,299.9411920857829,1,3099,frequency,41415-dc146,columns.txt,3,initial_data,,,6798.66431139576,0.9512208239216952,1879.640923729201,0.9512208239216952
0,0,77327.0,0.0737447738647461,300,300,3.8869e-05,[10],,,1897.2645003665157,1,1,individuals,6709-dc111,chr2n-801-1001.tar.gz,1,,,,1884.665610916975,0.07011240042892157,3820.3742979499034,0.07011240042892157
1,1,8191.921474379654,2421.75803565979,300,300,19.705732219,[10],,,122.89612021241025,1,309988,individuals,6709-dc111,ALL.chr2.250000.vcf,1,initial_data,,,24820.15967517859,0.003921493445905765,3876.9329991014793,0.003921493445905765
1,1,8191.921474379654,2421.75803565979,300,300,19.705732219,[10],,,122.89612021241025,1,309988,individuals,6709-dc111,columns.txt,1,initial_data,,,24820.15967517859,0.003921493445905765,3876.9329991014793,0.003921493445905765
0,0,80548.0,0.07681655883789062,300,300,4.5652e-05,[10],,,1682.654841800811,1,1,individuals,15033-dc026,chr1n-4601-4801.tar.gz,1,,,,1885.0535757937664,0.07319623161764706,3822.6654260356477,0.07319623161764706
1,1,8191.912280079227,2421.833441734314,300,300,19.688495971,[10],,,123.00753929104249,1,309998,individuals,15033-dc026,ALL.chr1.250000.vcf,1,initial_data,,,24820.17375686905,0.003921484643151833,3876.9362848386763,0.003921484643151833
1,1,8191.912280079227,2421.833441734314,300,300,19.688495971,[10],,,123.00753929104249,1,309998,individuals,15033-dc026,columns.txt,1,initial_data,,,24820.17375686905,0.003921484643151833,3876.9362848386763,0.003921484643151833
1,1,1239.75552,3.6947593688964844,10,10,0.009764412,[10],,,378.3903596956462,1,3125,frequency,26704-dc135,chr3n.tar.gz,3,individuals_merge,,,16239.485999330289,0.07023291666666664,2766.83136054472,0.07023291666666664
0,0,672.0972360972361,1.9248085021972656,10,10,0.015390995,[10],,,125.06069309991106,1,3003,frequency,26704-dc135,chr3-EAS-freq.tar.gz,3,initial_data,,,686.4068007418512,0.6334346209346209,1664.2807668485332,0.6334346209346209
1,0,1239.75552,3.6947593688964844,10,10,0.009764412,[10],,,378.3903596956462,1,3125,frequency,26704-dc135,columns.txt,3,initial_data,,,16239.485999330289,0.07023291666666664,2766.83136054472,0.07023291666666664
1,1,1239.75552,3.6947593688964844,10,10,0.009764412,[10],,,378.3903596956462,1,3125,frequency,26704-dc135,sifted.SIFT.chr3.txt,3,sifting,,,16239.485999330289,0.07023291666666664,2766.83136054472,0.07023291666666664
1,1,8191.929237568348,2421.8150177001953,300,300,19.567811397,[10],,,123.76524735267486,1,309995,individuals,65387-dc148,ALL.chr5.250000.vcf,1,initial_data,,,24820.170361208417,0.00392150087849298,3876.9354924950358,0.00392150087849298
1,1,8191.929237568348,2421.8150177001953,300,300,19.567811397,[10],,,123.76524735267486,1,309995,individuals,65387-dc148,columns.txt,1,initial_data,,,24820.170361208417,0.00392150087849298,3876.9354924950358,0.00392150087849298
0,0,71953.0,0.0686197280883789,300,300,4.626e-05,[10],,,1483.3490723817317,1,1,individuals,65387-dc148,chr5n-1801-2001.tar.gz,1,,,,1884.0183202470355,0.06496725643382353,3816.551720386169,0.06496725643382353
1,1,8191.930583199192,2421.8310403823853,300,300,19.734384583,[10],,,122.72138663339159,1,309997,individuals,39740-dc146,ALL.chr4.250000.vcf,1,initial_data,,,24820.173363437512,0.00392150216681908,3876.9361930125574,0.00392150216681908
0,0,77770.0,0.07416725158691406,300,300,4.542e-05,[10],,,1632.9205545335549,1,1,individuals,39740-dc146,chr4n-2601-2801.tar.gz,1,,,,1884.7189696379994,0.07053653492647059,3820.6894080840184,0.07053653492647059
1,1,8191.930583199192,2421.8310403823853,300,300,19.734384583,[10],,,122.72138663339159,1,309997,individuals,39740-dc146,columns.txt,1,initial_data,,,24820.173363437512,0.00392150216681908,3876.9361930125574,0.00392150216681908
1,1,8191.92760505042,2421.806722640991,300,300,19.755774658,[10],,,122.58728217778557,1,309994,individuals,31481-dc155,ALL.chr6.250000.vcf,1,initial_data,,,24820.168804074146,0.003921499315497109,3876.935129166358,0.003921499315497109
1,1,8191.92760505042,2421.806722640991,300,300,19.755774658,[10],,,122.58728217778557,1,309994,individuals,31481-dc155,columns.txt,1,initial_data,,,24820.168804074146,0.003921499315497109,3876.935129166358,0.003921499315497109
0,0,82181.0,0.07837390899658203,300,300,4.4329e-05,[10],,,1768.0053463101362,1,1,individuals,31481-dc155,chr6n-4201-4401.tar.gz,1,,,,1885.2502683252162,0.07475968903186274,3823.8269945435704,0.07475968903186274
0,0,95063.0,0.09065914154052734,300,300,6.2249e-05,[10],,,1456.3951475610424,1,1,individuals,25182-dc135,chr3n-5201-5401.tar.gz,1,,,,1886.8018869352202,0.08709309895833334,3832.99008426743,0.08709309895833334
1,1,8191.912230276168,2421.794364929199,300,300,19.764092107,[10],,,122.53506772878546,1,309993,individuals,25182-dc135,ALL.chr3.250000.vcf,1,initial_data,,,24820.166444775197,0.003921484595469676,3876.9345786852778,0.003921484595469676
1,1,8191.912230276168,2421.794364929199,300,300,19.764092107,[10],,,122.53506772878546,1,309993,individuals,25182-dc135,columns.txt,1,initial_data,,,24820.166444775197,0.003921484595469676,3876.9345786852778,0.003921484595469676
1,1,8191.912230276168,2421.794364929199,300,300,19.683408776,[10],,,123.03734543592346,1,309993,individuals,25078-dc135,columns.txt,1,initial_data,,,24820.166444775197,0.003921484595469676,3876.9345786852778,0.003921484595469676
0,0,82397.0,0.07857990264892578,300,300,3.9889e-05,[10],,,1969.964216925112,1,1,individuals,25078-dc135,chr3n-3001-3201.tar.gz,1,,,,1885.276285218537,0.07496649050245098,3823.98063740806,0.07496649050245098
1,1,8191.912230276168,2421.794364929199,300,300,19.683408776,[10],,,123.03734543592346,1,309993,individuals,25078-dc135,ALL.chr3.250000.vcf,1,initial_data,,,24820.166444775197,0.003921484595469676,3876.9345786852778,0.003921484595469676
1,1,8191.921474379654,2421.75803565979,300,300,19.628355045,[10],,,123.38059048288375,1,309988,individuals,6849-dc111,columns.txt,1,initial_data,,,24820.15967517859,0.003921493445905765,3876.9329991014793,0.003921493445905765
1,1,8191.921474379654,2421.75803565979,300,300,19.628355045,[10],,,123.38059048288375,1,309988,individuals,6849-dc111,ALL.chr2.250000.vcf,1,initial_data,,,24820.15967517859,0.003921493445905765,3876.9329991014793,0.003921493445905765
0,0,87476.0,0.08342361450195312,300,300,4.176e-05,[10],,,1997.6919181502185,1,1,individuals,6849-dc111,chr2n-5801-6001.tar.gz,1,,,,1885.8880435573205,0.07982919730392157,3827.5933786522364,0.07982919730392157
1,1,1438.4412524209167,4.249850273132324,10,10,0.010798784,[10],,,393.5489656180107,1,3098,frequency,196645-dc260,chr9n.tar.gz,3,individuals_merge,,,16453.473903708018,0.13490926185576715,2775.640820593706,0.13490926185576715
1,1,1438.4412524209167,4.249850273132324,10,10,0.010798784,[10],,,393.5489656180107,1,3098,frequency,196645-dc260,sifted.SIFT.chr9.txt,3,sifting,,,16453.473903708018,0.13490926185576715,2775.640820593706,0.13490926185576715
0,0,3977.213408562894,11.428207397460938,10,10,0.020214178,[10],,,565.3560286973301,1,3013,frequency,196645-dc260,chr9-SAS-freq.tar.gz,3,initial_data,,,1647.077820992234,0.961332489766567,2888.206640452976,0.961332489766567
1,0,1438.4412524209167,4.249850273132324,10,10,0.010798784,[10],,,393.5489656180107,1,3098,frequency,196645-dc260,columns.txt,3,initial_data,,,16453.473903708018,0.13490926185576715,2775.640820593706,0.13490926185576715
1,1,1454.7224015493866,4.297952651977539,10,10,0.01060133,[10],,,405.4163630391223,1,3098,frequency,196653-dc260,sifted.SIFT.chr9.txt,3,sifting,,,16471.008224287267,0.14020911508769096,2776.3627066180525,0.14020911508769096
0,0,4389.020570670205,12.61568832397461,10,10,0.019191656,[10],,,657.352774767045,1,3014,frequency,196653-dc260,chr9-AFR-freq.tar.gz,3,initial_data,,,1875.4262202850966,0.0002805420598481593,3769.0434422183716,0.0002805420598481593
1,1,1454.7224015493866,4.297952651977539,10,10,0.01060133,[10],,,405.4163630391223,1,3098,frequency,196653-dc260,chr9n.tar.gz,3,individuals_merge,,,16471.008224287267,0.14020911508769096,2776.3627066180525,0.14020911508769096
1,0,1454.7224015493866,4.297952651977539,10,10,0.01060133,[10],,,405.4163630391223,1,3098,frequency,196653-dc260,columns.txt,3,initial_data,,,16471.008224287267,0.14020911508769096,2776.3627066180525,0.14020911508769096
1,1,8191.922137163246,2421.703544616699,300,300,19.992855383,[10],,,121.1284480492908,1,309981,individuals,194934-dc260,ALL.chr9.250000.vcf,1,initial_data,,,24820.14948099236,0.003921494080464198,3876.9306204595614,0.003921494080464198
0,0,104529.0,0.0996866226196289,300,300,4.668e-05,[10],,,2135.5317613459492,1,1,individuals,194934-dc260,chr9n-4401-4601.tar.gz,1,,,,1887.942053195296,0.09615598192401961,3839.723340541771,0.09615598192401961
1,1,8191.922137163246,2421.703544616699,300,300,19.992855383,[10],,,121.1284480492908,1,309981,individuals,194934-dc260,columns.txt,1,initial_data,,,24820.14948099236,0.003921494080464198,3876.9306204595614,0.003921494080464198
1,1,8191.889692094882,1524.9013414382935,10,10,12.427879312,[10],,,122.70004424374261,1,195190,sifting,15919-dc026,ALL.chr1.phase3_shapeit2_mvncall_integrated_v5.20130502.sites.annotation.vcf,2,initial_data,,,24652.342278820695,0.003921463017094518,3837.7756471551234,0.003921463017094518
0,0,818423.0,1.5610179901123047,10,10,0.000465006,[10],,,3356.984619794808,1,2,sifting,15919-dc026,sifted.SIFT.chr1.txt,2,,,,1973.9014673592883,0.7796482460171569,4347.55704352874,0.7796482460171569
1,0,24708.418032786885,2.874781608581543,10,10,0.000714263,[10],,,4024.8222413614353,1,122,mutation_overlap,1900-dc148,columns.txt,3,initial_data,,,24417.990891656438,0.019734622044258278,3783.0706836474415,0.019734622044258278
1,1,24708.418032786885,2.874781608581543,10,10,0.000714263,[10],,,4024.8222413614353,1,122,mutation_overlap,1900-dc148,sifted.SIFT.chr5.txt,3,sifting,,,24417.990891656438,0.019734622044258278,3783.0706836474415,0.019734622044258278
0,0,161702.0,1.387899398803711,10,10,0.000539715,[10],,,2571.541274197884,1,9,mutation_overlap,1900-dc148,chr5-EAS.tar.gz,3,initial_data,,,1894.7840372611931,0.150894224877451,3880.4449055033415,0.150894224877451
1,1,24708.418032786885,2.874781608581543,10,10,0.000714263,[10],,,4024.8222413614353,1,122,mutation_overlap,1900-dc148,chr5n.tar.gz,3,individuals_merge,,,24417.990891656438,0.019734622044258278,3783.0706836474415,0.019734622044258278
0,0,84014.0,0.08012199401855469,300,300,3.687e-05,[10],,,2173.0944946719474,1,1,individuals,39786-dc146,chr4n-2201-2401.tar.gz,1,,,,1885.471050572704,0.07651462928921568,3825.1308249630574,0.07651462928921568
1,1,8191.930583199192,2421.8310403823853,300,300,19.73147378,[10],,,122.73949059178615,1,309997,individuals,39786-dc146,ALL.chr4.250000.vcf,1,initial_data,,,24820.173363437512,0.00392150216681908,3876.9361930125574,0.00392150216681908
1,1,8191.930583199192,2421.8310403823853,300,300,19.73147378,[10],,,122.73949059178615,1,309997,individuals,39786-dc146,columns.txt,1,initial_data,,,24820.173363437512,0.00392150216681908,3876.9361930125574,0.00392150216681908
1,1,1595.0804988662132,2.6833744049072266,10,10,0.012864132,[10],,,208.59350672919297,1,1764,individuals_merge,195582-dc260,chr9n-5401-5601.tar.gz,2,individuals,,,16622.754098826477,0.18589859989134547,2782.584759098372,0.18589859989134547
1,1,1595.0804988662132,2.6833744049072266,10,10,0.012864132,[10],,,208.59350672919297,1,1764,individuals_merge,195582-dc260,chr9n-1801-2001.tar.gz,2,individuals,,,16622.754098826477,0.18589859989134547,2782.584759098372,0.18589859989134547
1,1,1595.0804988662132,2.6833744049072266,10,10,0.012864132,[10],,,208.59350672919297,1,1764,individuals_merge,195582-dc260,chr9n-4801-5001.tar.gz,2,individuals,,,16622.754098826477,0.18589859989134547,2782.584759098372,0.18589859989134547
1,1,1595.0804988662132,2.6833744049072266,10,10,0.012864132,[10],,,208.59350672919297,1,1764,individuals_merge,195582-dc260,chr9n-401-601.tar.gz,2,individuals,,,16622.754098826477,0.18589859989134547,2782.584759098372,0.18589859989134547
1,1,1595.0804988662132,2.6833744049072266,10,10,0.012864132,[10],,,208.59350672919297,1,1764,individuals_merge,195582-dc260,chr9n-3801-4001.tar.gz,2,individuals,,,16622.754098826477,0.18589859989134547,2782.584759098372,0.18589859989134547
1,1,1595.0804988662132,2.6833744049072266,10,10,0.012864132,[10],,,208.59350672919297,1,1764,individuals_merge,195582-dc260,chr9n-3201-3401.tar.gz,2,individuals,,,16622.754098826477,0.18589859989134547,2782.584759098372,0.18589859989134547
1,1,1595.0804988662132,2.6833744049072266,10,10,0.012864132,[10],,,208.59350672919297,1,1764,individuals_merge,195582-dc260,chr9n-2801-3001.tar.gz,2,individuals,,,16622.754098826477,0.18589859989134547,2782.584759098372,0.18589859989134547
1,1,1595.0804988662132,2.6833744049072266,10,10,0.012864132,[10],,,208.59350672919297,1,1764,individuals_merge,195582-dc260,chr9n-1001-1201.tar.gz,2,individuals,,,16622.754098826477,0.18589859989134547,2782.584759098372,0.18589859989134547
1,1,1595.0804988662132,2.6833744049072266,10,10,0.012864132,[10],,,208.59350672919297,1,1764,individuals_merge,195582-dc260,chr9n-201-401.tar.gz,2,individuals,,,16622.754098826477,0.18589859989134547,2782.584759098372,0.18589859989134547
1,1,1595.0804988662132,2.6833744049072266,10,10,0.012864132,[10],,,208.59350672919297,1,1764,individuals_merge,195582-dc260,chr9n-4601-4801.tar.gz,2,individuals,,,16622.754098826477,0.18589859989134547,2782.584759098372,0.18589859989134547
1,1,1595.0804988662132,2.6833744049072266,10,10,0.012864132,[10],,,208.59350672919297,1,1764,individuals_merge,195582-dc260,chr9n-2401-2601.tar.gz,2,individuals,,,16622.754098826477,0.18589859989134547,2782.584759098372,0.18589859989134547
1,1,1595.0804988662132,2.6833744049072266,10,10,0.012864132,[10],,,208.59350672919297,1,1764,individuals_merge,195582-dc260,chr9n-5001-5201.tar.gz,2,individuals,,,16622.754098826477,0.18589859989134547,2782.584759098372,0.18589859989134547
1,1,1595.0804988662132,2.6833744049072266,10,10,0.012864132,[10],,,208.59350672919297,1,1764,individuals_merge,195582-dc260,chr9n-4201-4401.tar.gz,2,individuals,,,16622.754098826477,0.18589859989134547,2782.584759098372,0.18589859989134547
1,1,1595.0804988662132,2.6833744049072266,10,10,0.012864132,[10],,,208.59350672919297,1,1764,individuals_merge,195582-dc260,chr9n-2001-2201.tar.gz,2,individuals,,,16622.754098826477,0.18589859989134547,2782.584759098372,0.18589859989134547
1,1,1595.0804988662132,2.6833744049072266,10,10,0.012864132,[10],,,208.59350672919297,1,1764,individuals_merge,195582-dc260,chr9n-3601-3801.tar.gz,2,individuals,,,16622.754098826477,0.18589859989134547,2782.584759098372,0.18589859989134547
1,1,1595.0804988662132,2.6833744049072266,10,10,0.012864132,[10],,,208.59350672919297,1,1764,individuals_merge,195582-dc260,chr9n-4001-4201.tar.gz,2,individuals,,,16622.754098826477,0.18589859989134547,2782.584759098372,0.18589859989134547
1,1,1595.0804988662132,2.6833744049072266,10,10,0.012864132,[10],,,208.59350672919297,1,1764,individuals_merge,195582-dc260,chr9n-1401-1601.tar.gz,2,individuals,,,16622.754098826477,0.18589859989134547,2782.584759098372,0.18589859989134547
1,1,1595.0804988662132,2.6833744049072266,10,10,0.012864132,[10],,,208.59350672919297,1,1764,individuals_merge,195582-dc260,chr9n-801-1001.tar.gz,2,individuals,,,16622.754098826477,0.18589859989134547,2782.584759098372,0.18589859989134547
1,1,1595.0804988662132,2.6833744049072266,10,10,0.012864132,[10],,,208.59350672919297,1,1764,individuals_merge,195582-dc260,chr9n-4401-4601.tar.gz,2,individuals,,,16622.754098826477,0.18589859989134547,2782.584759098372,0.18589859989134547
1,1,1595.0804988662132,2.6833744049072266,10,10,0.012864132,[10],,,208.59350672919297,1,1764,individuals_merge,195582-dc260,chr9n-601-801.tar.gz,2,individuals,,,16622.754098826477,0.18589859989134547,2782.584759098372,0.18589859989134547
1,1,1595.0804988662132,2.6833744049072266,10,10,0.012864132,[10],,,208.59350672919297,1,1764,individuals_merge,195582-dc260,chr9n-1201-1401.tar.gz,2,individuals,,,16622.754098826477,0.18589859989134547,2782.584759098372,0.18589859989134547
1,1,1595.0804988662132,2.6833744049072266,10,10,0.012864132,[10],,,208.59350672919297,1,1764,individuals_merge,195582-dc260,chr9n-3001-3201.tar.gz,2,individuals,,,16622.754098826477,0.18589859989134547,2782.584759098372,0.18589859989134547
1,1,1595.0804988662132,2.6833744049072266,10,10,0.012864132,[10],,,208.59350672919297,1,1764,individuals_merge,195582-dc260,chr9n-1601-1801.tar.gz,2,individuals,,,16622.754098826477,0.18589859989134547,2782.584759098372,0.18589859989134547
0,0,850114.6666666666,2.4321975708007812,10,10,0.000743719,[10],,,3270.317916848677,1,3,individuals_merge,195582-dc260,chr9n.tar.gz,2,,,,1977.688402495542,0.8099902982026144,4370.136345604066,0.8099902982026144
1,1,1595.0804988662132,2.6833744049072266,10,10,0.012864132,[10],,,208.59350672919297,1,1764,individuals_merge,195582-dc260,chr9n-2201-2401.tar.gz,2,individuals,,,16622.754098826477,0.18589859989134547,2782.584759098372,0.18589859989134547
1,1,1595.0804988662132,2.6833744049072266,10,10,0.012864132,[10],,,208.59350672919297,1,1764,individuals_merge,195582-dc260,chr9n-5801-6001.tar.gz,2,individuals,,,16622.754098826477,0.18589859989134547,2782.584759098372,0.18589859989134547
1,1,1595.0804988662132,2.6833744049072266,10,10,0.012864132,[10],,,208.59350672919297,1,1764,individuals_merge,195582-dc260,chr9n-2601-2801.tar.gz,2,individuals,,,16622.754098826477,0.18589859989134547,2782.584759098372,0.18589859989134547
1,1,1595.0804988662132,2.6833744049072266,10,10,0.012864132,[10],,,208.59350672919297,1,1764,individuals_merge,195582-dc260,chr9n-5201-5401.tar.gz,2,individuals,,,16622.754098826477,0.18589859989134547,2782.584759098372,0.18589859989134547
1,1,1595.0804988662132,2.6833744049072266,10,10,0.012864132,[10],,,208.59350672919297,1,1764,individuals_merge,195582-dc260,chr9n-3401-3601.tar.gz,2,individuals,,,16622.754098826477,0.18589859989134547,2782.584759098372,0.18589859989134547
1,1,1595.0804988662132,2.6833744049072266,10,10,0.012864132,[10],,,208.59350672919297,1,1764,individuals_merge,195582-dc260,chr9n-1-201.tar.gz,2,individuals,,,16622.754098826477,0.18589859989134547,2782.584759098372,0.18589859989134547
1,1,1595.0804988662132,2.6833744049072266,10,10,0.012864132,[10],,,208.59350672919297,1,1764,individuals_merge,195582-dc260,chr9n-5601-5801.tar.gz,2,individuals,,,16622.754098826477,0.18589859989134547,2782.584759098372,0.18589859989134547
1,1,8191.922788330022,2421.789673805237,300,300,19.792272076,[10],,,122.36036694048308,1,309992,individuals,28461-dc257,columns.txt,1,initial_data,,,24820.165599232438,0.003921494703900527,3876.9343813774494,0.003921494703900527
1,1,8191.922788330022,2421.789673805237,300,300,19.792272076,[10],,,122.36036694048308,1,309992,individuals,28461-dc257,ALL.chr8.250000.vcf,1,initial_data,,,24820.165599232438,0.003921494703900527,3876.9343813774494,0.003921494703900527
0,0,103675.0,0.09887218475341797,300,300,5.6439e-05,[10],,,1751.8415413706475,1,1,individuals,28461-dc257,chr8n-4001-4201.tar.gz,1,,,,1887.8391901078137,0.09533835018382353,3839.1158821793915,0.09533835018382353
1,1,8191.921474379654,2421.75803565979,300,300,19.640415223,[10],,,123.30482875045222,1,309988,individuals,6791-dc111,columns.txt,1,initial_data,,,24820.15967517859,0.003921493445905765,3876.9329991014793,0.003921493445905765
0,0,80490.0,0.07676124572753906,300,300,4.706e-05,[10],,,1631.1356933178722,1,1,individuals,6791-dc111,chr2n-3201-3401.tar.gz,1,,,,1885.046589776115,0.07314070159313725,3822.624170081294,0.07314070159313725
1,1,8191.921474379654,2421.75803565979,300,300,19.640415223,[10],,,123.30482875045222,1,309988,individuals,6791-dc111,ALL.chr2.250000.vcf,1,initial_data,,,24820.15967517859,0.003921493445905765,3876.9329991014793,0.003921493445905765
0,0,83757.0,0.07987689971923828,300,300,4.384e-05,[10],,,1822.0095738877344,1,1,individuals,65504-dc148,chr5n-4801-5001.tar.gz,1,,,,1885.440095287595,0.07626857383578431,3824.948018406697,0.07626857383578431
1,1,8191.929237568348,2421.8150177001953,300,300,19.565138374,[10],,,123.78215637455094,1,309995,individuals,65504-dc148,columns.txt,1,initial_data,,,24820.170361208417,0.00392150087849298,3876.9354924950358,0.00392150087849298
1,1,8191.929237568348,2421.8150177001953,300,300,19.565138374,[10],,,123.78215637455094,1,309995,individuals,65504-dc148,ALL.chr5.250000.vcf,1,initial_data,,,24820.170361208417,0.00392150087849298,3876.9354924950358,0.00392150087849298
1,1,1208.3091380427738,3.556100845336914,10,10,0.010093778,[10],,,352.3062271962901,1,3086,frequency,30119-dc257,sifted.SIFT.chr8.txt,3,sifting,,,16205.63234101743,0.05999646420663211,2765.437038617488,0.05999646420663211
0,0,3128.04219269103,8.979231834411621,10,10,0.017151834,[10],,,523.5143853661142,1,3010,frequency,30119-dc257,chr8-AMR-freq.tar.gz,3,initial_data,,,1608.7313846038267,0.684909567933278,2850.5554755012645,0.684909567933278
1,1,1208.3091380427738,3.556100845336914,10,10,0.010093778,[10],,,352.3062271962901,1,3086,frequency,30119-dc257,chr8n.tar.gz,3,individuals_merge,,,16205.63234101743,0.05999646420663211,2765.437038617488,0.05999646420663211
1,0,1208.3091380427738,3.556100845336914,10,10,0.010093778,[10],,,352.3062271962901,1,3086,frequency,30119-dc257,columns.txt,3,initial_data,,,16205.63234101743,0.05999646420663211,2765.437038617488,0.05999646420663211
0,0,77941.0,0.07433032989501953,300,300,4.1919e-05,[10],,,1773.189481977612,1,1,individuals,39892-dc146,chr4n-3601-3801.tar.gz,1,,,,1884.7395663452116,0.07070025275735294,3820.811042018406,0.07070025275735294
1,1,8191.930583199192,2421.8310403823853,300,300,19.726627494,[10],,,122.76964428506612,1,309997,individuals,39892-dc146,ALL.chr4.250000.vcf,1,initial_data,,,24820.173363437512,0.00392150216681908,3876.9361930125574,0.00392150216681908
1,1,8191.930583199192,2421.8310403823853,300,300,19.726627494,[10],,,122.76964428506612,1,309997,individuals,39892-dc146,columns.txt,1,initial_data,,,24820.173363437512,0.00392150216681908,3876.9361930125574,0.00392150216681908
1,1,8191.912230276168,2421.794364929199,300,300,19.667680908,[10],,,123.13573604624189,1,309993,individuals,25172-dc135,ALL.chr3.250000.vcf,1,initial_data,,,24820.166444775197,0.003921484595469676,3876.9345786852778,0.003921484595469676
0,0,48022.0,0.04579734802246094,300,300,2.9919e-05,[10],,,1530.711187621944,1,1,individuals,25172-dc135,chr3n-1-201.tar.gz,1,,,,1881.1358652745153,0.04205537683823529,3799.5293713579363,0.04205537683823529
1,1,8191.912230276168,2421.794364929199,300,300,19.667680908,[10],,,123.13573604624189,1,309993,individuals,25172-dc135,columns.txt,1,initial_data,,,24820.166444775197,0.003921484595469676,3876.9345786852778,0.003921484595469676
0,0,76502.0,0.07295799255371094,300,300,3.603e-05,[10],,,2024.9234680463765,1,1,individuals,194645-dc273,chr10n-3801-4001.tar.gz,1,,,,1884.5662408383187,0.06932253370098039,3819.7874675647004,0.06932253370098039
1,1,8191.928799979357,2422.0726985931396,300,300,20.209565988,[10],,,119.84783344834389,1,310028,individuals,194645-dc273,columns.txt,1,initial_data,,,24820.218576395022,0.003921500459539059,3876.94674269422,0.003921500459539059
1,1,8191.928799979357,2422.0726985931396,300,300,20.209565988,[10],,,119.84783344834389,1,310028,individuals,194645-dc273,ALL.chr10.250000.vcf,1,initial_data,,,24820.218576395022,0.003921500459539059,3876.94674269422,0.003921500459539059
0,0,607.9014319014319,1.7409591674804688,10,10,0.015274961,[10],,,113.97470458225516,1,3003,frequency,196185-dc273,chr10-AMR-freq.tar.gz,3,initial_data,,,668.0976110064838,0.5665639915639916,1618.963391853711,0.5665639915639916
1,0,959.1859264041317,2.8338985443115234,10,10,0.010083565,[10],,,281.0413325358168,1,3098,frequency,196185-dc273,columns.txt,3,initial_data,,,6743.907355070126,0.9324853400043038,1866.9441105735464,0.9324853400043038
1,1,959.1859264041317,2.8338985443115234,10,10,0.010083565,[10],,,281.0413325358168,1,3098,frequency,196185-dc273,chr10n.tar.gz,3,individuals_merge,,,6743.907355070126,0.9324853400043038,1866.9441105735464,0.9324853400043038
1,1,959.1859264041317,2.8338985443115234,10,10,0.010083565,[10],,,281.0413325358168,1,3098,frequency,196185-dc273,sifted.SIFT.chr10.txt,3,sifting,,,6743.907355070126,0.9324853400043038,1866.9441105735464,0.9324853400043038
1,1,8191.911930553494,2421.802088737488,300,300,19.769988309,[10],,,122.49891354943279,1,309994,individuals,16008-dc177,columns.txt,1,initial_data,,,24820.167889117023,0.003921484308510928,3876.934915698439,0.003921484308510928
0,0,86994.0,0.08296394348144531,300,300,4.535e-05,[10],,,1829.4144097341855,1,1,individuals,16008-dc177,chr7n-5401-5601.tar.gz,1,,,,1885.8299873416693,0.07936772365196078,3827.250527445366,0.07936772365196078
1,1,8191.911930553494,2421.802088737488,300,300,19.769988309,[10],,,122.49891354943279,1,309994,individuals,16008-dc177,ALL.chr7.250000.vcf,1,initial_data,,,24820.167889117023,0.003921484308510928,3876.934915698439,0.003921484308510928
0,0,87425.0,0.0833749771118164,300,300,4.8349e-05,[10],,,1724.4405698528699,1,1,individuals,194641-dc273,chr10n-1201-1401.tar.gz,1,,,,1885.881900679731,0.07978036917892156,3827.557101864788,0.07978036917892156
1,1,8191.928799979357,2422.0726985931396,300,300,20.196050884,[10],,,119.92803506511206,1,310028,individuals,194641-dc273,columns.txt,1,initial_data,,,24820.218576395022,0.003921500459539059,3876.94674269422,0.003921500459539059
1,1,8191.928799979357,2422.0726985931396,300,300,20.196050884,[10],,,119.92803506511206,1,310028,individuals,194641-dc273,ALL.chr10.250000.vcf,1,initial_data,,,24820.218576395022,0.003921500459539059,3876.94674269422,0.003921500459539059
1,1,8191.928799979357,2422.0726985931396,300,300,20.187545806,[10],,,119.97856113214458,1,310028,individuals,194629-dc273,columns.txt,1,initial_data,,,24820.218576395022,0.003921500459539059,3876.94674269422,0.003921500459539059
1,1,8191.928799979357,2422.0726985931396,300,300,20.187545806,[10],,,119.97856113214458,1,310028,individuals,194629-dc273,ALL.chr10.250000.vcf,1,initial_data,,,24820.218576395022,0.003921500459539059,3876.94674269422,0.003921500459539059
0,0,87301.0,0.08325672149658203,300,300,5.0019e-05,[10],,,1664.5019192023437,1,1,individuals,194629-dc273,chr10n-1601-1801.tar.gz,1,,,,1885.8669650557872,0.07966164981617647,3827.468899479618,0.07966164981617647
0,0,86602.0,0.08259010314941406,300,300,4.26e-05,[10],,,1938.7348157139452,1,1,individuals,6835-dc111,chr2n-5201-5401.tar.gz,1,,,,1885.782771498235,0.07899241727941177,3826.9716940987,0.07899241727941177
1,1,8191.921474379654,2421.75803565979,300,300,19.721665286,[10],,,122.79683285056794,1,309988,individuals,6835-dc111,columns.txt,1,initial_data,,,24820.15967517859,0.003921493445905765,3876.9329991014793,0.003921493445905765
1,1,8191.921474379654,2421.75803565979,300,300,19.721665286,[10],,,122.79683285056794,1,309988,individuals,6835-dc111,ALL.chr2.250000.vcf,1,initial_data,,,24820.15967517859,0.003921493445905765,3876.9329991014793,0.003921493445905765
1,0,18733.70552147239,2.9121341705322266,10,10,0.000793684,[10],,,3669.1355382396855,1,163,mutation_overlap,8313-dc111,columns.txt,3,initial_data,,,24399.749495770287,0.01401434735128714,3778.822693144551,0.01401434735128714
1,1,18733.70552147239,2.9121341705322266,10,10,0.000793684,[10],,,3669.1355382396855,1,163,mutation_overlap,8313-dc111,sifted.SIFT.chr2.txt,3,sifting,,,24399.749495770287,0.01401434735128714,3778.822693144551,0.01401434735128714
0,0,117180.25,0.8940143585205078,10,10,0.000548514,[10],,,1629.8843028993024,1,8,mutation_overlap,8313-dc111,chr2-GBR.tar.gz,3,initial_data,,,1889.4377106110114,0.10826846852022058,3848.7564496624373,0.10826846852022058
1,1,18733.70552147239,2.9121341705322266,10,10,0.000793684,[10],,,3669.1355382396855,1,163,mutation_overlap,8313-dc111,chr2n.tar.gz,3,individuals_merge,,,24399.749495770287,0.01401434735128714,3778.822693144551,0.01401434735128714
1,1,8191.912280079227,2421.833441734314,300,300,19.817019908,[10],,,122.20976983308353,1,309998,individuals,13927-dc026,columns.txt,1,initial_data,,,24820.17375686905,0.003921484643151833,3876.9362848386763,0.003921484643151833
1,1,8191.912280079227,2421.833441734314,300,300,19.817019908,[10],,,122.20976983308353,1,309998,individuals,13927-dc026,ALL.chr1.250000.vcf,1,initial_data,,,24820.17375686905,0.003921484643151833,3876.9362848386763,0.003921484643151833
0,0,95682.0,0.09124946594238281,300,300,5.1042e-05,[10],,,1787.732963880389,1,1,individuals,13927-dc026,chr1n-1601-1801.tar.gz,1,,,,1886.8764446063574,0.08768573835784314,3833.4303848837217,0.08768573835784314
0,0,189820.88888888888,1.6292457580566406,10,10,0.000568044,[10],,,2868.1682370672706,1,9,mutation_overlap,30111-dc257,chr8-AFR.tar.gz,3,initial_data,,,1898.1631927117614,0.17781564882897602,3900.4555064447813,0.17781564882897602
1,1,43635.86956521739,3.8285255432128906,10,10,0.00075854,[10],,,5047.2296032020595,1,92,mutation_overlap,30111-dc257,chr8n.tar.gz,3,individuals_merge,,,24475.97890096097,0.037856033208120206,3796.5748137881756,0.037856033208120206
1,1,43635.86956521739,3.8285255432128906,10,10,0.00075854,[10],,,5047.2296032020595,1,92,mutation_overlap,30111-dc257,sifted.SIFT.chr8.txt,3,sifting,,,24475.97890096097,0.037856033208120206,3796.5748137881756,0.037856033208120206
1,0,43635.86956521739,3.8285255432128906,10,10,0.00075854,[10],,,5047.2296032020595,1,92,mutation_overlap,30111-dc257,columns.txt,3,initial_data,,,24475.97890096097,0.037856033208120206,3796.5748137881756,0.037856033208120206
0,0,91505.0,0.0872659683227539,300,300,4.404e-05,[10],,,1981.5160836229315,1,1,individuals,16013-dc177,chr7n-2201-2401.tar.gz,1,,,,1886.373330886905,0.08368661917892156,3830.459244860701,0.08368661917892156
1,1,8191.911930553494,2421.802088737488,300,300,19.811868543,[10],,,122.23996355927606,1,309994,individuals,16013-dc177,ALL.chr7.250000.vcf,1,initial_data,,,24820.167889117023,0.003921484308510928,3876.934915698439,0.003921484308510928
1,1,8191.911930553494,2421.802088737488,300,300,19.811868543,[10],,,122.23996355927606,1,309994,individuals,16013-dc177,columns.txt,1,initial_data,,,24820.167889117023,0.003921484308510928,3876.934915698439,0.003921484308510928
0,0,3931.0424825755063,11.295538902282715,10,10,0.018477124,[10],,,611.325599280641,1,3013,frequency,1958-dc148,chr5-EAS-freq.tar.gz,3,initial_data,,,1644.992836450087,0.946302891463381,2886.1594809839653,0.946302891463381
1,0,1044.4977535301668,3.1038808822631836,10,10,0.010115849,[10],,,306.8334533525741,1,3116,frequency,1958-dc148,columns.txt,3,initial_data,,,16029.203134963038,0.006672445810601187,2758.1738639387686,0.006672445810601187
1,1,1044.4977535301668,3.1038808822631836,10,10,0.010115849,[10],,,306.8334533525741,1,3116,frequency,1958-dc148,sifted.SIFT.chr5.txt,3,sifting,,,16029.203134963038,0.006672445810601187,2758.1738639387686,0.006672445810601187
1,1,1044.4977535301668,3.1038808822631836,10,10,0.010115849,[10],,,306.8334533525741,1,3116,frequency,1958-dc148,chr5n.tar.gz,3,individuals_merge,,,16029.203134963038,0.006672445810601187,2758.1738639387686,0.006672445810601187
0,0,819251.0,0.7812986373901367,10,10,0.000237427,[10],,,3290.689927388784,1,1,sifting,31942-dc155,sifted.SIFT.chr6.txt,2,,,,1974.0293033256535,0.7804409849877451,4348.111930327257,0.7804409849877451
1,1,8191.828953293217,1145.0854654312134,10,10,9.132058971,[10],,,125.39181679263966,1,146574,sifting,31942-dc155,ALL.chr6.phase3_shapeit2_mvncall_integrated_v5.20130502.sites.annotation.vcf,2,initial_data,,,24581.2720160613,0.00392140486490236,3821.1926030779073,0.00392140486490236
1,1,1241.68032,3.700495719909668,10,10,0.009708655,[10],,,381.1543123027513,1,3125,frequency,26706-dc135,chr3n.tar.gz,3,individuals_merge,,,16241.558938263159,0.07085947916666664,2766.9167038277133,0.07085947916666664
1,0,1241.68032,3.700495719909668,10,10,0.009708655,[10],,,381.1543123027513,1,3125,frequency,26706-dc135,columns.txt,3,initial_data,,,16241.558938263159,0.07085947916666664,2766.9167038277133,0.07085947916666664
1,1,1241.68032,3.700495719909668,10,10,0.009708655,[10],,,381.1543123027513,1,3125,frequency,26706-dc135,sifted.SIFT.chr3.txt,3,sifting,,,16241.558938263159,0.07085947916666664,2766.9167038277133,0.07085947916666664
0,0,681.986013986014,1.9531288146972656,10,10,0.018538732,[10],,,105.35395919727766,1,3003,frequency,26706-dc135,chr3-ALL-freq.tar.gz,3,initial_data,,,689.2271643603877,0.6437354312354312,1671.2614949730598,0.6437354312354312
0,0,96214.0,0.09175682067871094,300,300,4.9652e-05,[10],,,1847.9984830160101,1,1,individuals,15041-dc026,chr1n-3001-3201.tar.gz,1,,,,1886.9405232510185,0.08819508272058824,3833.808801568483,0.08819508272058824
1,1,8191.912280079227,2421.833441734314,300,300,19.921444843,[10],,,121.56916633410242,1,309998,individuals,15041-dc026,columns.txt,1,initial_data,,,24820.17375686905,0.003921484643151833,3876.9362848386763,0.003921484643151833
1,1,8191.912280079227,2421.833441734314,300,300,19.921444843,[10],,,121.56916633410242,1,309998,individuals,15041-dc026,ALL.chr1.250000.vcf,1,initial_data,,,24820.17375686905,0.003921484643151833,3876.9362848386763,0.003921484643151833
1,1,32765.401558724432,918.1459369659424,10,10,0.11520583,[10],,,7969.613490618855,1,29383,sifting,195129-dc273,ALL.chr10.phase3_shapeit2_mvncall_integrated_v5.20130502.sites.annotation.vcf,2,initial_data,,,24613.862056147456,0.02744849260754101,3828.7626738963136,0.02744849260754101
0,0,306231.375,2.336359977722168,10,10,0.000755248,[10],,,3093.500383611963,1,8,mutation_overlap,17869-dc026,chr1-AFR.tar.gz,3,initial_data,,,1912.163206259028,0.28926870308670344,3983.285423796984,0.28926870308670344
1,1,22909.515695067264,4.872152328491211,10,10,0.001023443,[10],,,4760.550737550808,1,223,mutation_overlap,17869-dc026,sifted.SIFT.chr1.txt,3,sifting,,,24412.870300595256,0.01801232737349424,3781.8783885900857,0.01801232737349424
1,0,22909.515695067264,4.872152328491211,10,10,0.001023443,[10],,,4760.550737550808,1,223,mutation_overlap,17869-dc026,columns.txt,3,initial_data,,,24412.870300595256,0.01801232737349424,3781.8783885900857,0.01801232737349424
1,1,22909.515695067264,4.872152328491211,10,10,0.001023443,[10],,,4760.550737550808,1,223,mutation_overlap,17869-dc026,chr1n.tar.gz,3,individuals_merge,,,24412.870300595256,0.01801232737349424,3781.8783885900857,0.01801232737349424
0,0,108358.0,0.10333824157714844,300,300,5.0049e-05,[10],,,2064.7413849856825,1,1,individuals,15995-dc177,chr7n-4201-4401.tar.gz,1,,,,1888.4032508088424,0.09982192095588235,3842.446944838671,0.09982192095588235
1,1,8191.911930553494,2421.802088737488,300,300,19.756680308,[10],,,122.58142820465827,1,309994,individuals,15995-dc177,columns.txt,1,initial_data,,,24820.167889117023,0.003921484308510928,3876.934915698439,0.003921484308510928
1,1,8191.911930553494,2421.802088737488,300,300,19.756680308,[10],,,122.58142820465827,1,309994,individuals,15995-dc177,ALL.chr7.250000.vcf,1,initial_data,,,24820.167889117023,0.003921484308510928,3876.934915698439,0.003921484308510928
1,1,8191.922788330022,2421.789673805237,300,300,19.973296942,[10],,,121.25137281230116,1,309992,individuals,28551-dc257,columns.txt,1,initial_data,,,24820.165599232438,0.003921494703900527,3876.9343813774494,0.003921494703900527
0,0,97220.0,0.09271621704101562,300,300,4.29e-05,[10],,,2161.2171804432546,1,1,individuals,28551-dc257,chr8n-1001-1201.tar.gz,1,,,,1887.061694522689,0.08915824142156863,3834.524378983652,0.08915824142156863
1,1,8191.922788330022,2421.789673805237,300,300,19.973296942,[10],,,121.25137281230116,1,309992,individuals,28551-dc257,ALL.chr8.250000.vcf,1,initial_data,,,24820.165599232438,0.003921494703900527,3876.9343813774494,0.003921494703900527
1,1,8191.92760505042,2421.806722640991,300,300,19.747327204,[10],,,122.63972220759234,1,309994,individuals,31441-dc155,columns.txt,1,initial_data,,,24820.168804074146,0.003921499315497109,3876.935129166358,0.003921499315497109
1,1,8191.92760505042,2421.806722640991,300,300,19.747327204,[10],,,122.63972220759234,1,309994,individuals,31441-dc155,ALL.chr6.250000.vcf,1,initial_data,,,24820.168804074146,0.003921499315497109,3876.935129166358,0.003921499315497109
0,0,82352.0,0.0785369873046875,300,300,6.078e-05,[10],,,1292.1518148188138,1,1,individuals,31441-dc155,chr6n-4401-4601.tar.gz,1,,,,1885.2708650324284,0.0749234068627451,3823.948628477958,0.0749234068627451
1,1,25239.134969325154,3.923396110534668,10,10,0.00089296,[10],,,4393.6974898479975,1,163,mutation_overlap,8323-dc111,sifted.SIFT.chr2.txt,3,sifting,,,24419.80805826808,0.020242737983805485,3783.493948749907,0.020242737983805485
1,1,25239.134969325154,3.923396110534668,10,10,0.00089296,[10],,,4393.6974898479975,1,163,mutation_overlap,8323-dc111,chr2n.tar.gz,3,individuals_merge,,,24419.80805826808,0.020242737983805485,3783.493948749907,0.020242737983805485
1,0,25239.134969325154,3.923396110534668,10,10,0.00089296,[10],,,4393.6974898479975,1,163,mutation_overlap,8323-dc111,columns.txt,3,initial_data,,,24419.80805826808,0.020242737983805485,3783.493948749907,0.020242737983805485
0,0,250928.625,1.914433479309082,10,10,0.000787402,[10],,,2431.329205804763,1,8,mutation_overlap,8323-dc111,chr2-AFR.tar.gz,3,initial_data,,,1905.5153621668633,0.23632106407015932,3943.9319302680815,0.23632106407015932
0,0,85414.0,0.08145713806152344,300,300,4.238e-05,[10],,,1922.065551239345,1,1,individuals,28549-dc257,chr8n-1201-1401.tar.gz,1,,,,1885.6396785849693,0.07785500919117647,3826.126658344008,0.07785500919117647
1,1,8191.922788330022,2421.789673805237,300,300,19.950523162,[10],,,121.38978282123692,1,309992,individuals,28549-dc257,ALL.chr8.250000.vcf,1,initial_data,,,24820.165599232438,0.003921494703900527,3876.9343813774494,0.003921494703900527
1,1,8191.922788330022,2421.789673805237,300,300,19.950523162,[10],,,121.38978282123692,1,309992,individuals,28549-dc257,columns.txt,1,initial_data,,,24820.165599232438,0.003921494703900527,3876.9343813774494,0.003921494703900527
1,1,1316.9406368051807,2.327242851257324,10,10,0.012832392,[10],,,181.3569014457573,1,1853,individuals_merge,824-dc148,chr5n-601-801.tar.gz,2,individuals,,,16323.071541598105,0.09535828021001976,2770.2526687597547,0.09535828021001976
1,1,1316.9406368051807,2.327242851257324,10,10,0.012832392,[10],,,181.3569014457573,1,1853,individuals_merge,824-dc148,chr5n-5801-6001.tar.gz,2,individuals,,,16323.071541598105,0.09535828021001976,2770.2526687597547,0.09535828021001976
1,1,1316.9406368051807,2.327242851257324,10,10,0.012832392,[10],,,181.3569014457573,1,1853,individuals_merge,824-dc148,chr5n-4601-4801.tar.gz,2,individuals,,,16323.071541598105,0.09535828021001976,2770.2526687597547,0.09535828021001976
1,1,1316.9406368051807,2.327242851257324,10,10,0.012832392,[10],,,181.3569014457573,1,1853,individuals_merge,824-dc148,chr5n-5601-5801.tar.gz,2,individuals,,,16323.071541598105,0.09535828021001976,2770.2526687597547,0.09535828021001976
1,1,1316.9406368051807,2.327242851257324,10,10,0.012832392,[10],,,181.3569014457573,1,1853,individuals_merge,824-dc148,chr5n-801-1001.tar.gz,2,individuals,,,16323.071541598105,0.09535828021001976,2770.2526687597547,0.09535828021001976
1,1,1316.9406368051807,2.327242851257324,10,10,0.012832392,[10],,,181.3569014457573,1,1853,individuals_merge,824-dc148,chr5n-5201-5401.tar.gz,2,individuals,,,16323.071541598105,0.09535828021001976,2770.2526687597547,0.09535828021001976
0,0,603034.5,1.1501970291137695,10,10,0.000404367,[10],,,2844.4384163736645,1,2,individuals_merge,824-dc148,chr5n.tar.gz,2,,,,1947.9656247588532,0.5734322342218138,4194.340176482619,0.5734322342218138
1,1,1316.9406368051807,2.327242851257324,10,10,0.012832392,[10],,,181.3569014457573,1,1853,individuals_merge,824-dc148,chr5n-2801-3001.tar.gz,2,individuals,,,16323.071541598105,0.09535828021001976,2770.2526687597547,0.09535828021001976
1,1,1316.9406368051807,2.327242851257324,10,10,0.012832392,[10],,,181.3569014457573,1,1853,individuals_merge,824-dc148,chr5n-1001-1201.tar.gz,2,individuals,,,16323.071541598105,0.09535828021001976,2770.2526687597547,0.09535828021001976
1,1,1316.9406368051807,2.327242851257324,10,10,0.012832392,[10],,,181.3569014457573,1,1853,individuals_merge,824-dc148,chr5n-2001-2201.tar.gz,2,individuals,,,16323.071541598105,0.09535828021001976,2770.2526687597547,0.09535828021001976
1,1,1316.9406368051807,2.327242851257324,10,10,0.012832392,[10],,,181.3569014457573,1,1853,individuals_merge,824-dc148,chr5n-401-601.tar.gz,2,individuals,,,16323.071541598105,0.09535828021001976,2770.2526687597547,0.09535828021001976
1,1,1316.9406368051807,2.327242851257324,10,10,0.012832392,[10],,,181.3569014457573,1,1853,individuals_merge,824-dc148,chr5n-1201-1401.tar.gz,2,individuals,,,16323.071541598105,0.09535828021001976,2770.2526687597547,0.09535828021001976
1,1,1316.9406368051807,2.327242851257324,10,10,0.012832392,[10],,,181.3569014457573,1,1853,individuals_merge,824-dc148,chr5n-1601-1801.tar.gz,2,individuals,,,16323.071541598105,0.09535828021001976,2770.2526687597547,0.09535828021001976
1,1,1316.9406368051807,2.327242851257324,10,10,0.012832392,[10],,,181.3569014457573,1,1853,individuals_merge,824-dc148,chr5n-3401-3601.tar.gz,2,individuals,,,16323.071541598105,0.09535828021001976,2770.2526687597547,0.09535828021001976
1,1,1316.9406368051807,2.327242851257324,10,10,0.012832392,[10],,,181.3569014457573,1,1853,individuals_merge,824-dc148,chr5n-201-401.tar.gz,2,individuals,,,16323.071541598105,0.09535828021001976,2770.2526687597547,0.09535828021001976
1,1,1316.9406368051807,2.327242851257324,10,10,0.012832392,[10],,,181.3569014457573,1,1853,individuals_merge,824-dc148,chr5n-2401-2601.tar.gz,2,individuals,,,16323.071541598105,0.09535828021001976,2770.2526687597547,0.09535828021001976
1,1,1316.9406368051807,2.327242851257324,10,10,0.012832392,[10],,,181.3569014457573,1,1853,individuals_merge,824-dc148,chr5n-3201-3401.tar.gz,2,individuals,,,16323.071541598105,0.09535828021001976,2770.2526687597547,0.09535828021001976
1,1,1316.9406368051807,2.327242851257324,10,10,0.012832392,[10],,,181.3569014457573,1,1853,individuals_merge,824-dc148,chr5n-4801-5001.tar.gz,2,individuals,,,16323.071541598105,0.09535828021001976,2770.2526687597547,0.09535828021001976
1,1,1316.9406368051807,2.327242851257324,10,10,0.012832392,[10],,,181.3569014457573,1,1853,individuals_merge,824-dc148,chr5n-1401-1601.tar.gz,2,individuals,,,16323.071541598105,0.09535828021001976,2770.2526687597547,0.09535828021001976
1,1,1316.9406368051807,2.327242851257324,10,10,0.012832392,[10],,,181.3569014457573,1,1853,individuals_merge,824-dc148,chr5n-3801-4001.tar.gz,2,individuals,,,16323.071541598105,0.09535828021001976,2770.2526687597547,0.09535828021001976
1,1,1316.9406368051807,2.327242851257324,10,10,0.012832392,[10],,,181.3569014457573,1,1853,individuals_merge,824-dc148,chr5n-4001-4201.tar.gz,2,individuals,,,16323.071541598105,0.09535828021001976,2770.2526687597547,0.09535828021001976
1,1,1316.9406368051807,2.327242851257324,10,10,0.012832392,[10],,,181.3569014457573,1,1853,individuals_merge,824-dc148,chr5n-4401-4601.tar.gz,2,individuals,,,16323.071541598105,0.09535828021001976,2770.2526687597547,0.09535828021001976
1,1,1316.9406368051807,2.327242851257324,10,10,0.012832392,[10],,,181.3569014457573,1,1853,individuals_merge,824-dc148,chr5n-4201-4401.tar.gz,2,individuals,,,16323.071541598105,0.09535828021001976,2770.2526687597547,0.09535828021001976
1,1,1316.9406368051807,2.327242851257324,10,10,0.012832392,[10],,,181.3569014457573,1,1853,individuals_merge,824-dc148,chr5n-2601-2801.tar.gz,2,individuals,,,16323.071541598105,0.09535828021001976,2770.2526687597547,0.09535828021001976
1,1,1316.9406368051807,2.327242851257324,10,10,0.012832392,[10],,,181.3569014457573,1,1853,individuals_merge,824-dc148,chr5n-3001-3201.tar.gz,2,individuals,,,16323.071541598105,0.09535828021001976,2770.2526687597547,0.09535828021001976
1,1,1316.9406368051807,2.327242851257324,10,10,0.012832392,[10],,,181.3569014457573,1,1853,individuals_merge,824-dc148,chr5n-5401-5601.tar.gz,2,individuals,,,16323.071541598105,0.09535828021001976,2770.2526687597547,0.09535828021001976
1,1,1316.9406368051807,2.327242851257324,10,10,0.012832392,[10],,,181.3569014457573,1,1853,individuals_merge,824-dc148,chr5n-3601-3801.tar.gz,2,individuals,,,16323.071541598105,0.09535828021001976,2770.2526687597547,0.09535828021001976
1,1,1316.9406368051807,2.327242851257324,10,10,0.012832392,[10],,,181.3569014457573,1,1853,individuals_merge,824-dc148,chr5n-1801-2001.tar.gz,2,individuals,,,16323.071541598105,0.09535828021001976,2770.2526687597547,0.09535828021001976
1,1,1316.9406368051807,2.327242851257324,10,10,0.012832392,[10],,,181.3569014457573,1,1853,individuals_merge,824-dc148,chr5n-5001-5201.tar.gz,2,individuals,,,16323.071541598105,0.09535828021001976,2770.2526687597547,0.09535828021001976
1,1,1316.9406368051807,2.327242851257324,10,10,0.012832392,[10],,,181.3569014457573,1,1853,individuals_merge,824-dc148,chr5n-2201-2401.tar.gz,2,individuals,,,16323.071541598105,0.09535828021001976,2770.2526687597547,0.09535828021001976
1,1,1316.9406368051807,2.327242851257324,10,10,0.012832392,[10],,,181.3569014457573,1,1853,individuals_merge,824-dc148,chr5n-1-201.tar.gz,2,individuals,,,16323.071541598105,0.09535828021001976,2770.2526687597547,0.09535828021001976
1,1,8191.912280079227,2421.833441734314,300,300,19.733451947,[10],,,122.72730834112863,1,309998,individuals,13976-dc026,columns.txt,1,initial_data,,,24820.17375686905,0.003921484643151833,3876.9362848386763,0.003921484643151833
1,1,8191.912280079227,2421.833441734314,300,300,19.733451947,[10],,,122.72730834112863,1,309998,individuals,13976-dc026,ALL.chr1.250000.vcf,1,initial_data,,,24820.17375686905,0.003921484643151833,3876.9362848386763,0.003921484643151833
0,0,87156.0,0.08311843872070312,300,300,4.6721e-05,[10],,,1779.038092521631,1,1,individuals,13976-dc026,chr1n-4201-4401.tar.gz,1,,,,1885.84950001166,0.07952282475490197,3827.365759593734,0.07952282475490197
1,1,32764.24554967757,809.1885251998901,10,10,0.09877994,[10],,,8191.8304991872865,1,25897,sifting,195591-dc260,ALL.chr9.phase3_shapeit2_mvncall_integrated_v5.20130502.sites.annotation.vcf,2,initial_data,,,24593.470721292364,0.02744738582804608,3824.0047022955787,0.02744738582804608
1,1,153687.9658119658,17.148487091064453,10,10,0.002833679,[10],,,6051.668905004573,1,117,mutation_overlap,41376-dc146,chr4n.tar.gz,3,individuals_merge,,,24814.600110855645,0.14322147462083124,3875.4328972835065,0.14322147462083124
1,1,153687.9658119658,17.148487091064453,10,10,0.002833679,[10],,,6051.668905004573,1,117,mutation_overlap,41376-dc146,sifted.SIFT.chr4.txt,3,sifting,,,24814.600110855645,0.14322147462083124,3875.4328972835065,0.14322147462083124
1,0,153687.9658119658,17.148487091064453,10,10,0.002833679,[10],,,6051.668905004573,1,117,mutation_overlap,41376-dc146,columns.txt,3,initial_data,,,24814.600110855645,0.14322147462083124,3875.4328972835065,0.14322147462083124
0,0,777689.0476190476,15.57490348815918,10,10,0.00519504,[10],,,2998.033410360494,1,21,mutation_overlap,41376-dc146,chr4-ALL.tar.gz,3,initial_data,,,1968.4891103072118,0.7406489809465452,4319.196145039559,0.7406489809465452
0,0,94293.0,0.08992481231689453,300,300,5.978e-05,[10],,,1504.2625011190119,1,1,individuals,65506-dc148,chr5n-2801-3001.tar.gz,1,,,,1886.709141528474,0.0863558900122549,3832.4423759079077,0.0863558900122549
1,1,8191.929237568348,2421.8150177001953,300,300,19.575939672,[10],,,123.71385784173535,1,309995,individuals,65506-dc148,columns.txt,1,initial_data,,,24820.170361208417,0.00392150087849298,3876.9354924950358,0.00392150087849298
1,1,8191.929237568348,2421.8150177001953,300,300,19.575939672,[10],,,123.71385784173535,1,309995,individuals,65506-dc148,ALL.chr5.250000.vcf,1,initial_data,,,24820.170361208417,0.00392150087849298,3876.9354924950358,0.00392150087849298
1,1,1051.3985879332477,3.124387741088867,10,10,0.00956541,[10],,,326.63395934820016,1,3116,frequency,1978-dc148,sifted.SIFT.chr5.txt,3,sifting,,,16036.635097312914,0.008918811176187388,2758.479838477948,0.008918811176187388
1,0,1051.3985879332477,3.124387741088867,10,10,0.00956541,[10],,,326.63395934820016,1,3116,frequency,1978-dc148,columns.txt,3,initial_data,,,16036.635097312914,0.008918811176187388,2758.479838477948,0.008918811176187388
1,1,1051.3985879332477,3.124387741088867,10,10,0.00956541,[10],,,326.63395934820016,1,3116,frequency,1978-dc148,chr5n.tar.gz,3,individuals_merge,,,16036.635097312914,0.008918811176187388,2758.479838477948,0.008918811176187388
0,0,4076.5343511450383,11.713598251342773,10,10,0.018958223,[10],,,617.863723374431,1,3013,frequency,1978-dc148,chr5-AMR-freq.tar.gz,3,initial_data,,,1651.5629515276664,0.9936635257633588,2892.6104032913827,0.9936635257633588
0,0,777475.4285714285,15.570625305175781,10,10,0.004402961,[10],,,3536.3986429077568,1,21,mutation_overlap,196193-dc273,chr10-ALL.tar.gz,3,initial_data,,,1968.4635269092446,0.7404444590336134,4319.044017875761,0.7404444590336134
1,1,154528.2327586207,17.094874382019043,10,10,0.002187207,[10],,,7815.846594318253,1,116,mutation_overlap,196193-dc273,chr10n.tar.gz,3,individuals_merge,,,24817.156481125112,0.14402595814052993,3876.0282114420143,0.14402595814052993
1,0,154528.2327586207,17.094874382019043,10,10,0.002187207,[10],,,7815.846594318253,1,116,mutation_overlap,196193-dc273,columns.txt,3,initial_data,,,24817.156481125112,0.14402595814052993,3876.0282114420143,0.14402595814052993
1,1,154528.2327586207,17.094874382019043,10,10,0.002187207,[10],,,7815.846594318253,1,116,mutation_overlap,196193-dc273,sifted.SIFT.chr10.txt,3,sifting,,,24817.156481125112,0.14402595814052993,3876.0282114420143,0.14402595814052993
0,0,81872.0,0.0780792236328125,300,300,4.185e-05,[10],,,1865.692320975209,1,1,individuals,25009-dc135,chr3n-2001-2201.tar.gz,1,,,,1885.2130497139374,0.07446384803921569,3823.6071998902034,0.07446384803921569
1,1,8191.912230276168,2421.794364929199,300,300,19.669691554,[10],,,123.12314904789173,1,309993,individuals,25009-dc135,ALL.chr3.250000.vcf,1,initial_data,,,24820.166444775197,0.003921484595469676,3876.9345786852778,0.003921484595469676
1,1,8191.912230276168,2421.794364929199,300,300,19.669691554,[10],,,123.12314904789173,1,309993,individuals,25009-dc135,columns.txt,1,initial_data,,,24820.166444775197,0.003921484595469676,3876.9345786852778,0.003921484595469676
1,1,8191.922788330022,2421.789673805237,300,300,19.968328716,[10],,,121.28154079638784,1,309992,individuals,28574-dc257,ALL.chr8.250000.vcf,1,initial_data,,,24820.165599232438,0.003921494703900527,3876.9343813774494,0.003921494703900527
0,0,82087.0,0.07828426361083984,300,300,4.37e-05,[10],,,1791.4019132915296,1,1,individuals,28574-dc257,chr8n-2201-2401.tar.gz,1,,,,1885.2389461586781,0.07466969209558824,3823.760131445135,0.07466969209558824
1,1,8191.922788330022,2421.789673805237,300,300,19.968328716,[10],,,121.28154079638784,1,309992,individuals,28574-dc257,columns.txt,1,initial_data,,,24820.165599232438,0.003921494703900527,3876.9343813774494,0.003921494703900527
1,1,8191.928799979357,2422.0726985931396,300,300,20.18890725,[10],,,119.97047034792533,1,310028,individuals,194633-dc273,ALL.chr10.250000.vcf,1,initial_data,,,24820.218576395022,0.003921500459539059,3876.94674269422,0.003921500459539059
1,1,8191.928799979357,2422.0726985931396,300,300,20.18890725,[10],,,119.97047034792533,1,310028,individuals,194633-dc273,columns.txt,1,initial_data,,,24820.218576395022,0.003921500459539059,3876.94674269422,0.003921500459539059
0,0,92668.0,0.08837509155273438,300,300,3.772e-05,[10],,,2342.9239542082287,1,1,individuals,194633-dc273,chr10n-801-1001.tar.gz,1,,,,1886.5134125856657,0.0848000919117647,3831.2864978764474,0.0848000919117647
0,0,87470.0,0.08341789245605469,300,300,5.8039e-05,[10],,,1437.2730828590204,1,1,individuals,25179-dc135,chr3n-5001-5201.tar.gz,1,,,,1885.8873208658395,0.07982345281862745,3827.5891107948896,0.07982345281862745
1,1,8191.912230276168,2421.794364929199,300,300,19.654745818,[10],,,123.21677356474879,1,309993,individuals,25179-dc135,ALL.chr3.250000.vcf,1,initial_data,,,24820.166444775197,0.003921484595469676,3876.9345786852778,0.003921484595469676
1,1,8191.912230276168,2421.794364929199,300,300,19.654745818,[10],,,123.21677356474879,1,309993,individuals,25179-dc135,columns.txt,1,initial_data,,,24820.166444775197,0.003921484595469676,3876.9345786852778,0.003921484595469676
1,1,8191.912280079227,2421.833441734314,300,300,19.878075247,[10],,,121.83440356479267,1,309998,individuals,15039-dc026,columns.txt,1,initial_data,,,24820.17375686905,0.003921484643151833,3876.9362848386763,0.003921484643151833
1,1,8191.912280079227,2421.833441734314,300,300,19.878075247,[10],,,121.83440356479267,1,309998,individuals,15039-dc026,ALL.chr1.250000.vcf,1,initial_data,,,24820.17375686905,0.003921484643151833,3876.9362848386763,0.003921484643151833
0,0,86204.0,0.08221054077148438,300,300,4.6012e-05,[10],,,1786.7195681883939,1,1,individuals,15039-dc026,chr1n-801-1001.tar.gz,1,,,,1885.7348329633191,0.07861136642156863,3826.688592894687,0.07861136642156863
0,0,210591.5,1.6066856384277344,10,10,0.000571093,[10],,,2813.35200821536,1,8,mutation_overlap,41411-dc146,chr4-AFR.tar.gz,3,initial_data,,,1900.666508933956,0.1977017271752451,3915.227990813677,0.1977017271752451
1,1,32247.93269230769,3.198418617248535,10,10,0.000825131,[10],,,3876.2555488141097,1,104,mutation_overlap,41411-dc146,chr4n.tar.gz,3,individuals_merge,,,24441.07916315451,0.026953060558658558,3788.447428751683,0.026953060558658558
1,1,32247.93269230769,3.198418617248535,10,10,0.000825131,[10],,,3876.2555488141097,1,104,mutation_overlap,41411-dc146,sifted.SIFT.chr4.txt,3,sifting,,,24441.07916315451,0.026953060558658558,3788.447428751683,0.026953060558658558
1,0,32247.93269230769,3.198418617248535,10,10,0.000825131,[10],,,3876.2555488141097,1,104,mutation_overlap,41411-dc146,columns.txt,3,initial_data,,,24441.07916315451,0.026953060558658558,3788.447428751683,0.026953060558658558
0,0,99511.0,0.09490108489990234,300,300,4.737e-05,[10],,,2003.4005678678982,1,1,individuals,24989-dc135,chr3n-2401-2601.tar.gz,1,,,,1887.337642219904,0.09135167738970588,3836.1539891806215,0.09135167738970588
1,1,8191.912230276168,2421.794364929199,300,300,19.669760638,[10],,,123.12271661560213,1,309993,individuals,24989-dc135,ALL.chr3.250000.vcf,1,initial_data,,,24820.166444775197,0.003921484595469676,3876.9345786852778,0.003921484595469676
1,1,8191.912230276168,2421.794364929199,300,300,19.669760638,[10],,,123.12271661560213,1,309993,individuals,24989-dc135,columns.txt,1,initial_data,,,24820.166444775197,0.003921484595469676,3876.9345786852778,0.003921484595469676
1,1,8191.929237568348,2421.8150177001953,300,300,19.672193779,[10],,,123.10853811766914,1,309995,individuals,65523-dc148,ALL.chr5.250000.vcf,1,initial_data,,,24820.170361208417,0.00392150087849298,3876.9354924950358,0.00392150087849298
1,1,8191.929237568348,2421.8150177001953,300,300,19.672193779,[10],,,123.10853811766914,1,309995,individuals,65523-dc148,columns.txt,1,initial_data,,,24820.170361208417,0.00392150087849298,3876.9354924950358,0.00392150087849298
0,0,80277.0,0.07655811309814453,300,300,4.7979e-05,[10],,,1595.6587902654187,1,1,individuals,65523-dc148,chr5n-4401-4601.tar.gz,1,,,,1885.0209342285348,0.07293677236519608,3822.4726611454776,0.07293677236519608
1,1,8191.92760505042,2421.806722640991,300,300,19.844409558,[10],,,122.03974704123527,1,309994,individuals,31489-dc155,ALL.chr6.250000.vcf,1,initial_data,,,24820.168804074146,0.003921499315497109,3876.935129166358,0.003921499315497109
1,1,8191.92760505042,2421.806722640991,300,300,19.844409558,[10],,,122.03974704123527,1,309994,individuals,31489-dc155,columns.txt,1,initial_data,,,24820.168804074146,0.003921499315497109,3876.935129166358,0.003921499315497109
0,0,47972.0,0.045749664306640625,300,300,3.09e-05,[10],,,1480.5716604090817,1,1,individuals,31489-dc155,chr6n-1-201.tar.gz,1,,,,1881.129842845506,0.04200750612745098,3799.493805880046,0.04200750612745098
1,1,8191.911930553494,2421.802088737488,300,300,19.762123137,[10],,,122.54766716857584,1,309994,individuals,16023-dc177,columns.txt,1,initial_data,,,24820.167889117023,0.003921484308510928,3876.934915698439,0.003921484308510928
0,0,47885.0,0.04566669464111328,300,300,2.693e-05,[10],,,1695.7554638363638,1,1,individuals,16023-dc177,chr7n-1-201.tar.gz,1,,,,1881.1193638190296,0.041924211090686274,3799.431921948515,0.041924211090686274
1,1,8191.911930553494,2421.802088737488,300,300,19.762123137,[10],,,122.54766716857584,1,309994,individuals,16023-dc177,ALL.chr7.250000.vcf,1,initial_data,,,24820.167889117023,0.003921484308510928,3876.934915698439,0.003921484308510928
1,1,8191.912230276168,2421.794364929199,300,300,19.673034644,[10],,,123.10222641059661,1,309993,individuals,25151-dc135,columns.txt,1,initial_data,,,24820.166444775197,0.003921484595469676,3876.9345786852778,0.003921484595469676
0,0,101617.0,0.0969095230102539,300,300,5.5179e-05,[10],,,1756.2754491791063,1,1,individuals,25151-dc135,chr3n-5801-6001.tar.gz,1,,,,1887.5913069297835,0.09336799172794118,3837.652007109394,0.09336799172794118
1,1,8191.912230276168,2421.794364929199,300,300,19.673034644,[10],,,123.10222641059661,1,309993,individuals,25151-dc135,ALL.chr3.250000.vcf,1,initial_data,,,24820.166444775197,0.003921484595469676,3876.9345786852778,0.003921484595469676
1,1,20710.228699551568,4.404431343078613,10,10,0.000897081,[10],,,4909.736515519349,1,223,mutation_overlap,17781-dc026,sifted.SIFT.chr1.txt,3,sifting,,,24406.065565665824,0.015906698739613558,3780.293685310308,0.015906698739613558
1,0,20710.228699551568,4.404431343078613,10,10,0.000897081,[10],,,4909.736515519349,1,223,mutation_overlap,17781-dc026,columns.txt,3,initial_data,,,24406.065565665824,0.015906698739613558,3780.293685310308,0.015906698739613558
1,1,20710.228699551568,4.404431343078613,10,10,0.000897081,[10],,,4909.736515519349,1,223,mutation_overlap,17781-dc026,chr1n.tar.gz,3,individuals_merge,,,24406.065565665824,0.015906698739613558,3780.293685310308,0.015906698739613558
0,0,244143.625,1.8626680374145508,10,10,0.000829641,[10],,,2245.149453094231,1,8,mutation_overlap,17781-dc026,chr1-SAS.tar.gz,3,initial_data,,,1904.6997495225492,0.22982500861672794,3939.1037173203777,0.22982500861672794
1,1,24783.365079365078,2.9780426025390625,10,10,0.000739493,[10],,,4027.141031137634,1,126,mutation_overlap,33032-dc155,sifted.SIFT.chr6.txt,3,sifting,,,24418.23912207895,0.01980637741207594,3783.1284995175283,0.01980637741207594
1,0,24783.365079365078,2.9780426025390625,10,10,0.000739493,[10],,,4027.141031137634,1,126,mutation_overlap,33032-dc155,columns.txt,3,initial_data,,,24418.23912207895,0.01980637741207594,3783.1284995175283,0.01980637741207594
1,1,24783.365079365078,2.9780426025390625,10,10,0.000739493,[10],,,4027.141031137634,1,126,mutation_overlap,33032-dc155,chr6n.tar.gz,3,individuals_merge,,,24418.23912207895,0.01980637741207594,3783.1284995175283,0.01980637741207594
0,0,130860.5,0.9983863830566406,10,10,0.000448075,[10],,,2228.168014409732,1,8,mutation_overlap,33032-dc155,chr6-AMR.tar.gz,3,initial_data,,,1891.0821888538085,0.12136613434436275,3858.4913295707383,0.12136613434436275
1,1,8191.930583199192,2421.8310403823853,300,300,19.73281778,[10],,,122.73113081888425,1,309997,individuals,39694-dc146,columns.txt,1,initial_data,,,24820.173363437512,0.00392150216681908,3876.9361930125574,0.00392150216681908
1,1,8191.930583199192,2421.8310403823853,300,300,19.73281778,[10],,,122.73113081888425,1,309997,individuals,39694-dc146,ALL.chr4.250000.vcf,1,initial_data,,,24820.173363437512,0.00392150216681908,3876.9361930125574,0.00392150216681908
0,0,88715.0,0.08460521697998047,300,300,4.573e-05,[10],,,1850.103148479783,1,1,individuals,39694-dc146,chr4n-5001-5201.tar.gz,1,,,,1886.0372793481756,0.08101543351715686,3828.4746911943776,0.08101543351715686
1,1,1204.8088139987037,3.5457992553710938,10,10,0.009233713,[10],,,384.00579001871665,1,3086,frequency,30117-dc257,chr8n.tar.gz,3,individuals_merge,,,16201.86258304576,0.058857035806869705,2765.2818386014596,0.058857035806869705
1,0,1204.8088139987037,3.5457992553710938,10,10,0.009233713,[10],,,384.00579001871665,1,3086,frequency,30117-dc257,columns.txt,3,initial_data,,,16201.86258304576,0.058857035806869705,2765.2818386014596,0.058857035806869705
0,0,1802.696375124709,5.169589996337891,10,10,0.016232532,[10],,,318.4709567390898,1,3007,frequency,30117-dc257,chr8-SAS-freq.tar.gz,3,initial_data,,,1548.8815401765153,0.2534818929442412,2791.7913458888215,0.2534818929442412
1,1,1204.8088139987037,3.5457992553710938,10,10,0.009233713,[10],,,384.00579001871665,1,3086,frequency,30117-dc257,sifted.SIFT.chr8.txt,3,sifting,,,16201.86258304576,0.058857035806869705,2765.2818386014596,0.058857035806869705
1,1,8191.92760505042,2421.806722640991,300,300,19.78835097,[10],,,122.38547448003906,1,309994,individuals,31337-dc155,columns.txt,1,initial_data,,,24820.168804074146,0.003921499315497109,3876.935129166358,0.003921499315497109
0,0,93455.0,0.0891256332397461,300,300,4.9029e-05,[10],,,1817.8146248087069,1,1,individuals,31337-dc155,chr6n-3801-4001.tar.gz,1,,,,1886.608205618275,0.0855535768995098,3831.8462984984526,0.0855535768995098
1,1,8191.92760505042,2421.806722640991,300,300,19.78835097,[10],,,122.38547448003906,1,309994,individuals,31337-dc155,ALL.chr6.250000.vcf,1,initial_data,,,24820.168804074146,0.003921499315497109,3876.935129166358,0.003921499315497109
1,1,8191.921474379654,2421.75803565979,300,300,19.631666652,[10],,,123.35977778091859,1,309988,individuals,6784-dc111,ALL.chr2.250000.vcf,1,initial_data,,,24820.15967517859,0.003921493445905765,3876.9329991014793,0.003921493445905765
1,1,8191.921474379654,2421.75803565979,300,300,19.631666652,[10],,,123.35977778091859,1,309988,individuals,6784-dc111,columns.txt,1,initial_data,,,24820.15967517859,0.003921493445905765,3876.9329991014793,0.003921493445905765
0,0,72645.0,0.06927967071533203,300,300,4.2669e-05,[10],,,1623.6534888404235,1,1,individuals,6784-dc111,chr2n-2001-2201.tar.gz,1,,,,1884.1016706645269,0.06562978707107843,3817.043946600182,0.06562978707107843
0,0,156613.125,1.1948633193969727,10,10,0.000429577,[10],,,2781.4881136489444,1,8,mutation_overlap,17578-dc177,chr7-SAS.tar.gz,3,initial_data,,,1894.177865578094,0.1460220636106005,3876.816923890907,0.1460220636106005
1,0,42455.990909090906,4.453810691833496,10,10,0.000880395,[10],,,5058.877767176661,1,110,mutation_overlap,17578-dc177,columns.txt,3,initial_data,,,24472.492234572215,0.03672640060995989,3795.7629042950684,0.03672640060995989
1,1,42455.990909090906,4.453810691833496,10,10,0.000880395,[10],,,5058.877767176661,1,110,mutation_overlap,17578-dc177,sifted.SIFT.chr7.txt,3,sifting,,,24472.492234572215,0.03672640060995989,3795.7629042950684,0.03672640060995989
1,1,42455.990909090906,4.453810691833496,10,10,0.000880395,[10],,,5058.877767176661,1,110,mutation_overlap,17578-dc177,chr7n.tar.gz,3,individuals_merge,,,24472.492234572215,0.03672640060995989,3795.7629042950684,0.03672640060995989
1,1,40495.25,4.01640510559082,10,10,0.000834929,[10],,,4810.475029123219,1,104,mutation_overlap,196580-dc260,chr9n.tar.gz,3,individuals_merge,,,24466.421756330717,0.03484915939031863,3794.349194783421,0.03484915939031863
1,0,40495.25,4.01640510559082,10,10,0.000834929,[10],,,4810.475029123219,1,104,mutation_overlap,196580-dc260,columns.txt,3,initial_data,,,24466.421756330717,0.03484915939031863,3794.349194783421,0.03484915939031863
1,1,40495.25,4.01640510559082,10,10,0.000834929,[10],,,4810.475029123219,1,104,mutation_overlap,196580-dc260,sifted.SIFT.chr9.txt,3,sifting,,,24466.421756330717,0.03484915939031863,3794.349194783421,0.03484915939031863
0,0,151657.88888888888,1.3016901016235352,10,10,0.00050325,[10],,,2586.567514403448,1,9,mutation_overlap,196580-dc260,chr9-SAS.tar.gz,3,initial_data,,,1893.5769976466004,0.14127785011574073,3873.297087534782,0.14127785011574073
1,1,8191.922137163246,2421.703544616699,300,300,19.958502771,[10],,,121.33693455881222,1,309981,individuals,195088-dc260,ALL.chr9.250000.vcf,1,initial_data,,,24820.14948099236,0.003921494080464198,3876.9306204595614,0.003921494080464198
0,0,90785.0,0.0865793228149414,300,300,3.935e-05,[10],,,2200.2369203288795,1,1,individuals,195088-dc260,chr9n-1201-1401.tar.gz,1,,,,1886.2866079091687,0.08299728094362745,3829.947101979069,0.08299728094362745
1,1,8191.922137163246,2421.703544616699,300,300,19.958502771,[10],,,121.33693455881222,1,309981,individuals,195088-dc260,columns.txt,1,initial_data,,,24820.14948099236,0.003921494080464198,3876.9306204595614,0.003921494080464198
1,1,8191.928799979357,2422.0726985931396,300,300,20.192980916,[10],,,119.94626789717805,1,310028,individuals,194643-dc273,columns.txt,1,initial_data,,,24820.218576395022,0.003921500459539059,3876.94674269422,0.003921500459539059
0,0,85572.0,0.08160781860351562,300,300,3.386e-05,[10],,,2410.154122962659,1,1,individuals,194643-dc273,chr10n-4801-5001.tar.gz,1,,,,1885.6587094606396,0.0780062806372549,3826.239045254144,0.0780062806372549
1,1,8191.928799979357,2422.0726985931396,300,300,20.192980916,[10],,,119.94626789717805,1,310028,individuals,194643-dc273,ALL.chr10.250000.vcf,1,initial_data,,,24820.218576395022,0.003921500459539059,3876.94674269422,0.003921500459539059
1,1,8191.922788330022,2421.789673805237,300,300,19.961530096,[10],,,121.32284760528093,1,309992,individuals,28588-dc257,ALL.chr8.250000.vcf,1,initial_data,,,24820.165599232438,0.003921494703900527,3876.9343813774494,0.003921494703900527
1,1,8191.922788330022,2421.789673805237,300,300,19.961530096,[10],,,121.32284760528093,1,309992,individuals,28588-dc257,columns.txt,1,initial_data,,,24820.165599232438,0.003921494703900527,3876.9343813774494,0.003921494703900527
0,0,109102.0,0.10404777526855469,300,300,4.5009e-05,[10],,,2311.710441657328,1,1,individuals,28588-dc257,chr8n-401-601.tar.gz,1,,,,1888.4928645525035,0.10053423713235295,3842.97615914969,0.10053423713235295
1,1,8191.911930553494,2421.802088737488,300,300,19.839977524,[10],,,122.06677582209382,1,309994,individuals,16011-dc177,ALL.chr7.250000.vcf,1,initial_data,,,24820.167889117023,0.003921484308510928,3876.934915698439,0.003921484308510928
1,1,8191.911930553494,2421.802088737488,300,300,19.839977524,[10],,,122.06677582209382,1,309994,individuals,16011-dc177,columns.txt,1,initial_data,,,24820.167889117023,0.003921484308510928,3876.934915698439,0.003921484308510928
0,0,98699.0,0.09412670135498047,300,300,6.217e-05,[10],,,1514.0212539002812,1,1,individuals,16011-dc177,chr7n-1001-1201.tar.gz,1,,,,1887.23983797279,0.09057425704656863,3835.5764058196705,0.09057425704656863
1,1,8191.922137163246,2421.703544616699,300,300,19.958550741,[10],,,121.33664292778016,1,309981,individuals,195030-dc260,columns.txt,1,initial_data,,,24820.14948099236,0.003921494080464198,3876.9306204595614,0.003921494080464198
1,1,8191.922137163246,2421.703544616699,300,300,19.958550741,[10],,,121.33664292778016,1,309981,individuals,195030-dc260,ALL.chr9.250000.vcf,1,initial_data,,,24820.14948099236,0.003921494080464198,3876.9306204595614,0.003921494080464198
0,0,117961.0,0.11249637603759766,300,300,4.796e-05,[10],,,2345.6291917764315,1,1,individuals,195030-dc260,chr9n-2801-3001.tar.gz,1,,,,1889.559918524404,0.10901596966911764,3849.277650522433,0.10901596966911764
1,1,8191.928799979357,2422.0726985931396,300,300,20.195749868,[10],,,119.92982258266596,1,310028,individuals,194637-dc273,columns.txt,1,initial_data,,,24820.218576395022,0.003921500459539059,3876.94674269422,0.003921500459539059
0,0,76695.0,0.07314205169677734,300,300,3.406e-05,[10],,,2147.4472019018594,1,1,individuals,194637-dc273,chr10n-3601-3801.tar.gz,1,,,,1884.5894874142955,0.06950731464460784,3819.92475030936,0.06950731464460784
1,1,8191.928799979357,2422.0726985931396,300,300,20.195749868,[10],,,119.92982258266596,1,310028,individuals,194637-dc273,ALL.chr10.250000.vcf,1,initial_data,,,24820.218576395022,0.003921500459539059,3876.94674269422,0.003921500459539059
1,1,8191.922788330022,2421.789673805237,300,300,19.983608217,[10],,,121.18880872299263,1,309992,individuals,28505-dc257,columns.txt,1,initial_data,,,24820.165599232438,0.003921494703900527,3876.9343813774494,0.003921494703900527
1,1,8191.922788330022,2421.789673805237,300,300,19.983608217,[10],,,121.18880872299263,1,309992,individuals,28505-dc257,ALL.chr8.250000.vcf,1,initial_data,,,24820.165599232438,0.003921494703900527,3876.9343813774494,0.003921494703900527
0,0,76117.0,0.07259082794189453,300,300,3.6919e-05,[10],,,1966.2186934070407,1,1,individuals,28505-dc257,chr8n-2401-2601.tar.gz,1,,,,1884.5198681349457,0.06895392922794118,3819.5136133849396,0.06895392922794118
1,1,8191.922788330022,2421.789673805237,300,300,19.953541775,[10],,,121.37141872424485,1,309992,individuals,28564-dc257,ALL.chr8.250000.vcf,1,initial_data,,,24820.165599232438,0.003921494703900527,3876.9343813774494,0.003921494703900527
0,0,90879.0,0.0866689682006836,300,300,4.3359e-05,[10],,,1998.8691667400906,1,1,individuals,28564-dc257,chr8n-2801-3001.tar.gz,1,,,,1886.2979300757063,0.08308727787990196,3830.013965077504,0.08308727787990196
1,1,8191.922788330022,2421.789673805237,300,300,19.953541775,[10],,,121.37141872424485,1,309992,individuals,28564-dc257,columns.txt,1,initial_data,,,24820.165599232438,0.003921494703900527,3876.9343813774494,0.003921494703900527
0,0,91100.0,0.08687973022460938,300,300,4.9149e-05,[10],,,1767.6805270627963,1,1,individuals,31386-dc155,chr6n-801-1001.tar.gz,1,,,,1886.3245492119281,0.08329886642156863,3830.1711644897823,0.08329886642156863
1,1,8191.92760505042,2421.806722640991,300,300,19.773730067,[10],,,122.47596758098253,1,309994,individuals,31386-dc155,ALL.chr6.250000.vcf,1,initial_data,,,24820.168804074146,0.003921499315497109,3876.935129166358,0.003921499315497109
1,1,8191.92760505042,2421.806722640991,300,300,19.773730067,[10],,,122.47596758098253,1,309994,individuals,31386-dc155,columns.txt,1,initial_data,,,24820.168804074146,0.003921499315497109,3876.935129166358,0.003921499315497109
1,1,8191.929237568348,2421.8150177001953,300,300,19.570065497,[10],,,123.75099194591087,1,309995,individuals,65330-dc148,ALL.chr5.250000.vcf,1,initial_data,,,24820.170361208417,0.00392150087849298,3876.9354924950358,0.00392150087849298
1,1,8191.929237568348,2421.8150177001953,300,300,19.570065497,[10],,,123.75099194591087,1,309995,individuals,65330-dc148,columns.txt,1,initial_data,,,24820.170361208417,0.00392150087849298,3876.9354924950358,0.00392150087849298
0,0,79496.0,0.07581329345703125,300,300,3.801e-05,[10],,,1994.5617852415485,1,1,individuals,65330-dc148,chr5n-3001-3201.tar.gz,1,,,,1884.9268638874069,0.0721890318627451,3821.9171283808187,0.0721890318627451
0,0,172762.5,1.3180732727050781,10,10,0.000555651,[10],,,2372.124359904109,1,8,mutation_overlap,26649-dc135,chr3-SAS.tar.gz,3,initial_data,,,1896.1191528953773,0.161483704810049,3888.3088356775424,0.161483704810049
1,1,28532.361538461537,3.5373754501342773,10,10,0.001202855,[10],,,2940.8161832758537,1,130,mutation_overlap,26649-dc135,chr3n.tar.gz,3,individuals_merge,,,24429.794230288113,0.023395719916572397,3785.8194612554853,0.023395719916572397
1,0,28532.361538461537,3.5373754501342773,10,10,0.001202855,[10],,,2940.8161832758537,1,130,mutation_overlap,26649-dc135,columns.txt,3,initial_data,,,24429.794230288113,0.023395719916572397,3785.8194612554853,0.023395719916572397
1,1,28532.361538461537,3.5373754501342773,10,10,0.001202855,[10],,,2940.8161832758537,1,130,mutation_overlap,26649-dc135,sifted.SIFT.chr3.txt,3,sifting,,,24429.794230288113,0.023395719916572397,3785.8194612554853,0.023395719916572397
1,1,8191.921474379654,2421.75803565979,300,300,19.654538526,[10],,,123.21622471350157,1,309988,individuals,6833-dc111,ALL.chr2.250000.vcf,1,initial_data,,,24820.15967517859,0.003921493445905765,3876.9329991014793,0.003921493445905765
0,0,87930.0,0.08385658264160156,300,300,4.7939e-05,[10],,,1749.2351246709684,1,1,individuals,6833-dc111,chr2n-5401-5601.tar.gz,1,,,,1885.9427272127268,0.08026386335784313,3827.9163131914875,0.08026386335784313
1,1,8191.921474379654,2421.75803565979,300,300,19.654538526,[10],,,123.21622471350157,1,309988,individuals,6833-dc111,columns.txt,1,initial_data,,,24820.15967517859,0.003921493445905765,3876.9329991014793,0.003921493445905765
1,1,8191.922137163246,2421.703544616699,300,300,19.794365198,[10],,,122.34307695108026,1,309981,individuals,195023-dc260,ALL.chr9.250000.vcf,1,initial_data,,,24820.14948099236,0.003921494080464198,3876.9306204595614,0.003921494080464198
1,1,8191.922137163246,2421.703544616699,300,300,19.794365198,[10],,,122.34307695108026,1,309981,individuals,195023-dc260,columns.txt,1,initial_data,,,24820.14948099236,0.003921494080464198,3876.9306204595614,0.003921494080464198
0,0,94741.0,0.09035205841064453,300,300,4.879e-05,[10],,,1851.8560854815441,1,1,individuals,195023-dc260,chr9n-1001-1201.tar.gz,1,,,,1886.763102492399,0.08678481158088236,3832.7610425898115,0.08678481158088236
1,1,8191.922137163246,2421.703544616699,300,300,19.933130855,[10],,,121.49137846096275,1,309981,individuals,195006-dc260,ALL.chr9.250000.vcf,1,initial_data,,,24820.14948099236,0.003921494080464198,3876.9306204595614,0.003921494080464198
0,0,48305.0,0.046067237854003906,300,300,2.711e-05,[10],,,1699.2710385099192,1,1,individuals,195006-dc260,chr9n-1-201.tar.gz,1,,,,1881.169952222709,0.04232632506127451,3799.7306719628004,0.04232632506127451
1,1,8191.922137163246,2421.703544616699,300,300,19.933130855,[10],,,121.49137846096275,1,309981,individuals,195006-dc260,columns.txt,1,initial_data,,,24820.14948099236,0.003921494080464198,3876.9306204595614,0.003921494080464198
1,1,19667.311475409835,2.288257598876953,10,10,0.000689615,[10],,,3318.1668015877744,1,122,mutation_overlap,1968-dc148,chr5n.tar.gz,3,individuals_merge,,,24402.484242401453,0.014908194963436193,3779.4594982644285,0.014908194963436193
1,0,19667.311475409835,2.288257598876953,10,10,0.000689615,[10],,,3318.1668015877744,1,122,mutation_overlap,1968-dc148,columns.txt,3,initial_data,,,24402.484242401453,0.014908194963436193,3779.4594982644285,0.014908194963436193
1,1,19667.311475409835,2.288257598876953,10,10,0.000689615,[10],,,3318.1668015877744,1,122,mutation_overlap,1968-dc148,sifted.SIFT.chr5.txt,3,sifting,,,24402.484242401453,0.014908194963436193,3779.4594982644285,0.014908194963436193
0,0,85271.66666666667,0.7318925857543945,10,10,0.000286707,[10],,,2552.7545046140995,1,9,mutation_overlap,1968-dc148,chr5-GBR.tar.gz,3,initial_data,,,1885.599108991352,0.07771873723447713,3826.053819632273,0.07771873723447713
1,1,1199.7821405953134,3.6133880615234375,10,10,0.010142531,[10],,,356.2609827392628,1,3158,frequency,8338-dc111,sifted.SIFT.chr2.txt,3,sifting,,,16196.425264884958,0.05722074889170359,2765.0590129816937,0.05722074889170359
1,1,1199.7821405953134,3.6133880615234375,10,10,0.010142531,[10],,,356.2609827392628,1,3158,frequency,8338-dc111,chr2n.tar.gz,3,individuals_merge,,,16196.425264884958,0.05722074889170359,2765.0590129816937,0.05722074889170359
1,0,1199.7821405953134,3.6133880615234375,10,10,0.010142531,[10],,,356.2609827392628,1,3158,frequency,8338-dc111,columns.txt,3,initial_data,,,16196.425264884958,0.05722074889170359,2765.0590129816937,0.05722074889170359
0,0,719.2967032967033,2.0599822998046875,10,10,0.01608285,[10],,,128.08565023019474,1,3003,frequency,8338-dc111,chr2-SAS-freq.tar.gz,3,initial_data,,,699.8684905078591,0.6826007326007326,1697.6000153793257,0.6826007326007326
1,1,8191.912280079227,2421.833441734314,300,300,19.668518441,[10],,,123.13247939844226,1,309998,individuals,13765-dc026,ALL.chr1.250000.vcf,1,initial_data,,,24820.17375686905,0.003921484643151833,3876.9362848386763,0.003921484643151833
0,0,97814.0,0.09328269958496094,300,300,4.9761e-05,[10],,,1874.6146497249038,1,1,individuals,13765-dc026,chr1n-5401-5601.tar.gz,1,,,,1887.1332409793222,0.08972694546568627,3834.946896860998,0.08972694546568627
1,1,8191.912280079227,2421.833441734314,300,300,19.668518441,[10],,,123.13247939844226,1,309998,individuals,13765-dc026,columns.txt,1,initial_data,,,24820.17375686905,0.003921484643151833,3876.9362848386763,0.003921484643151833
0,0,193019.5,1.4726219177246094,10,10,0.000671123,[10],,,2194.2653101214073,1,8,mutation_overlap,8375-dc111,chr2-EUR.tar.gz,3,initial_data,,,1898.5542104246138,0.18087804457720588,3902.723737620303,0.18087804457720588
1,1,22445.134969325154,3.489071846008301,10,10,0.000846117,[10],,,4123.628110542987,1,163,mutation_overlap,8375-dc111,chr2n.tar.gz,3,individuals_merge,,,24411.19315834978,0.017567722665178035,3781.487703310465,0.017567722665178035
1,1,22445.134969325154,3.489071846008301,10,10,0.000846117,[10],,,4123.628110542987,1,163,mutation_overlap,8375-dc111,sifted.SIFT.chr2.txt,3,sifting,,,24411.19315834978,0.017567722665178035,3781.487703310465,0.017567722665178035
1,0,22445.134969325154,3.489071846008301,10,10,0.000846117,[10],,,4123.628110542987,1,163,mutation_overlap,8375-dc111,columns.txt,3,initial_data,,,24411.19315834978,0.017567722665178035,3781.487703310465,0.017567722665178035
0,0,99571.0,0.09495830535888672,300,300,4.602e-05,[10],,,2063.413849606404,1,1,individuals,15948-dc177,chr7n-1601-1801.tar.gz,1,,,,1887.3448691347153,0.09140912224264706,3836.196667754091,0.09140912224264706
1,1,8191.911930553494,2421.802088737488,300,300,19.759450249,[10],,,122.56424435998932,1,309994,individuals,15948-dc177,columns.txt,1,initial_data,,,24820.167889117023,0.003921484308510928,3876.934915698439,0.003921484308510928
1,1,8191.911930553494,2421.802088737488,300,300,19.759450249,[10],,,122.56424435998932,1,309994,individuals,15948-dc177,ALL.chr7.250000.vcf,1,initial_data,,,24820.167889117023,0.003921484308510928,3876.934915698439,0.003921484308510928
0,0,83560.0,0.07968902587890625,300,300,4.79e-05,[10],,,1663.6539849458509,1,1,individuals,65533-dc148,chr5n-801-1001.tar.gz,1,,,,1885.4163669172976,0.07607996323529412,3824.807890423807,0.07607996323529412
1,1,8191.929237568348,2421.8150177001953,300,300,19.601650528,[10],,,123.55158634425968,1,309995,individuals,65533-dc148,columns.txt,1,initial_data,,,24820.170361208417,0.00392150087849298,3876.9354924950358,0.00392150087849298
1,1,8191.929237568348,2421.8150177001953,300,300,19.601650528,[10],,,123.55158634425968,1,309995,individuals,65533-dc148,ALL.chr5.250000.vcf,1,initial_data,,,24820.170361208417,0.00392150087849298,3876.9354924950358,0.00392150087849298
0,0,98482.0,0.09391975402832031,300,300,5.404e-05,[10],,,1737.967321027393,1,1,individuals,31443-dc155,chr6n-601-801.tar.gz,1,,,,1887.2137006308888,0.0903664981617647,3835.4220516456226,0.0903664981617647
1,1,8191.92760505042,2421.806722640991,300,300,19.765214545,[10],,,122.52873436446633,1,309994,individuals,31443-dc155,columns.txt,1,initial_data,,,24820.168804074146,0.003921499315497109,3876.935129166358,0.003921499315497109
1,1,8191.92760505042,2421.806722640991,300,300,19.765214545,[10],,,122.52873436446633,1,309994,individuals,31443-dc155,ALL.chr6.250000.vcf,1,initial_data,,,24820.168804074146,0.003921499315497109,3876.935129166358,0.003921499315497109
1,1,8191.92760505042,2421.806722640991,300,300,19.783844573,[10],,,122.41335164683571,1,309994,individuals,31468-dc155,ALL.chr6.250000.vcf,1,initial_data,,,24820.168804074146,0.003921499315497109,3876.935129166358,0.003921499315497109
1,1,8191.92760505042,2421.806722640991,300,300,19.783844573,[10],,,122.41335164683571,1,309994,individuals,31468-dc155,columns.txt,1,initial_data,,,24820.168804074146,0.003921499315497109,3876.935129166358,0.003921499315497109
0,0,91036.0,0.08681869506835938,300,300,5.1779e-05,[10],,,1676.7163341964767,1,1,individuals,31468-dc155,chr6n-2801-3001.tar.gz,1,,,,1886.3168405027961,0.0832375919117647,3830.125640678082,0.0832375919117647
1,1,8191.922137163246,2421.703544616699,300,300,19.962734211,[10],,,121.31121513816859,1,309981,individuals,195094-dc260,columns.txt,1,initial_data,,,24820.14948099236,0.003921494080464198,3876.9306204595614,0.003921494080464198
0,0,90736.0,0.0865325927734375,300,300,4.102e-05,[10],,,2109.522008128657,1,1,individuals,195094-dc260,chr9n-4801-5001.tar.gz,1,,,,1886.280705928739,0.08295036764705882,3829.9122478107356,0.08295036764705882
1,1,8191.922137163246,2421.703544616699,300,300,19.962734211,[10],,,121.31121513816859,1,309981,individuals,195094-dc260,ALL.chr9.250000.vcf,1,initial_data,,,24820.14948099236,0.003921494080464198,3876.9306204595614,0.003921494080464198
1,1,1151.8667093880167,3.428436279296875,10,10,0.010644513,[10],,,322.0848412038085,1,3121,frequency,33020-dc155,sifted.SIFT.chr6.txt,3,sifting,,,16144.834242288418,0.04162327779557836,2762.9344752297466,0.04162327779557836
1,1,1151.8667093880167,3.428436279296875,10,10,0.010644513,[10],,,322.0848412038085,1,3121,frequency,33020-dc155,chr6n.tar.gz,3,individuals_merge,,,16144.834242288418,0.04162327779557836,2762.9344752297466,0.04162327779557836
1,0,1151.8667093880167,3.428436279296875,10,10,0.010644513,[10],,,322.0848412038085,1,3121,frequency,33020-dc155,columns.txt,3,initial_data,,,16144.834242288418,0.04162327779557836,2762.9344752297466,0.04162327779557836
0,0,2122.2254738942465,6.085903167724609,10,10,0.016346979,[10],,,372.295282677283,1,3007,frequency,33020-dc155,chr6-EAS-freq.tar.gz,3,initial_data,,,1563.31090179239,0.35749527144995,2805.958853992617,0.35749527144995
0,0,89634.0,0.08548164367675781,300,300,4.5922e-05,[10],,,1861.4529784582078,1,1,individuals,14383-dc026,chr1n-4401-4601.tar.gz,1,,,,1886.1479715933701,0.08189529718137255,3829.128384678016,0.08189529718137255
1,1,8191.912280079227,2421.833441734314,300,300,20.011214094,[10],,,121.02381346569356,1,309998,individuals,14383-dc026,ALL.chr1.250000.vcf,1,initial_data,,,24820.17375686905,0.003921484643151833,3876.9362848386763,0.003921484643151833
1,1,8191.912280079227,2421.833441734314,300,300,20.011214094,[10],,,121.02381346569356,1,309998,individuals,14383-dc026,columns.txt,1,initial_data,,,24820.17375686905,0.003921484643151833,3876.9362848386763,0.003921484643151833
1,1,8191.930583199192,2421.8310403823853,300,300,19.742459164,[10],,,122.67119411337309,1,309997,individuals,39872-dc146,ALL.chr4.250000.vcf,1,initial_data,,,24820.173363437512,0.00392150216681908,3876.9361930125574,0.00392150216681908
0,0,47499.0,0.04529857635498047,300,300,2.5319e-05,[10],,,1789.1139600687416,1,1,individuals,39872-dc146,chr4n-1-201.tar.gz,1,,,,1881.0728706670761,0.041554649203431375,3799.157356459196,0.041554649203431375
1,1,8191.930583199192,2421.8310403823853,300,300,19.742459164,[10],,,122.67119411337309,1,309997,individuals,39872-dc146,columns.txt,1,initial_data,,,24820.173363437512,0.00392150216681908,3876.9361930125574,0.00392150216681908
0,0,193618.375,1.4771909713745117,10,10,0.000671922,[10],,,2198.4560281915337,1,8,mutation_overlap,8339-dc111,chr2-EAS.tar.gz,3,initial_data,,,1898.6262001110344,0.181451416015625,3903.1498976835387,0.181451416015625
1,1,22464.472392638036,3.4920778274536133,10,10,0.001380517,[10],,,2529.543516996613,1,163,mutation_overlap,8339-dc111,sifted.SIFT.chr2.txt,3,sifting,,,24411.252782532498,0.01758623658915253,3781.5015886423666,0.01758623658915253
1,0,22464.472392638036,3.4920778274536133,10,10,0.001380517,[10],,,2529.543516996613,1,163,mutation_overlap,8339-dc111,columns.txt,3,initial_data,,,24411.252782532498,0.01758623658915253,3781.5015886423666,0.01758623658915253
1,1,22464.472392638036,3.4920778274536133,10,10,0.001380517,[10],,,2529.543516996613,1,163,mutation_overlap,8339-dc111,chr2n.tar.gz,3,individuals_merge,,,24411.252782532498,0.01758623658915253,3781.5015886423666,0.01758623658915253
0,0,4021.575174244939,11.55567741394043,10,10,0.019460739,[10],,,593.7943782063173,1,3013,frequency,1940-dc148,chr5-ALL-freq.tar.gz,3,initial_data,,,1649.0811075569147,0.9757731686995244,2890.1735840811552,0.9757731686995244
1,1,1077.7204749679076,3.2026071548461914,10,10,0.009660807,[10],,,331.5051377018702,1,3116,frequency,1940-dc148,sifted.SIFT.chr5.txt,3,sifting,,,16064.98286832043,0.01748713377861577,2759.6469186867052,0.01748713377861577
1,1,1077.7204749679076,3.2026071548461914,10,10,0.009660807,[10],,,331.5051377018702,1,3116,frequency,1940-dc148,chr5n.tar.gz,3,individuals_merge,,,16064.98286832043,0.01748713377861577,2759.6469186867052,0.01748713377861577
1,0,1077.7204749679076,3.2026071548461914,10,10,0.009660807,[10],,,331.5051377018702,1,3116,frequency,1940-dc148,columns.txt,3,initial_data,,,16064.98286832043,0.01748713377861577,2759.6469186867052,0.01748713377861577
1,1,8191.853946701092,1355.5383319854736,10,10,10.737099321,[10],,,126.24809470973818,1,173512,sifting,25632-dc135,ALL.chr3.phase3_shapeit2_mvncall_integrated_v5.20130502.sites.annotation.vcf,2,initial_data,,,24620.65144020201,0.0039214287939463586,3830.3811258406545,0.0039214287939463586
0,0,876375.0,0.8357763290405273,10,10,0.000262686,[10],,,3181.6553948079736,1,1,sifting,25632-dc135,sifted.SIFT.chr3.txt,2,,,,1980.909808020411,0.8351323146446078,4388.744777508267,0.8351323146446078
1,1,1449.0016731734522,2.477703094482422,10,10,0.012891714,[10],,,192.19345809893252,1,1793,individuals_merge,25630-dc135,chr3n-4801-5001.tar.gz,2,individuals,,,16465.366432226674,0.13834689881948314,2776.107943948763,0.13834689881948314
1,1,1449.0016731734522,2.477703094482422,10,10,0.012891714,[10],,,192.19345809893252,1,1793,individuals_merge,25630-dc135,chr3n-4601-4801.tar.gz,2,individuals,,,16465.366432226674,0.13834689881948314,2776.107943948763,0.13834689881948314
1,1,1449.0016731734522,2.477703094482422,10,10,0.012891714,[10],,,192.19345809893252,1,1793,individuals_merge,25630-dc135,chr3n-1001-1201.tar.gz,2,individuals,,,16465.366432226674,0.13834689881948314,2776.107943948763,0.13834689881948314
1,1,1449.0016731734522,2.477703094482422,10,10,0.012891714,[10],,,192.19345809893252,1,1793,individuals_merge,25630-dc135,chr3n-801-1001.tar.gz,2,individuals,,,16465.366432226674,0.13834689881948314,2776.107943948763,0.13834689881948314
1,1,1449.0016731734522,2.477703094482422,10,10,0.012891714,[10],,,192.19345809893252,1,1793,individuals_merge,25630-dc135,chr3n-5801-6001.tar.gz,2,individuals,,,16465.366432226674,0.13834689881948314,2776.107943948763,0.13834689881948314
1,1,1449.0016731734522,2.477703094482422,10,10,0.012891714,[10],,,192.19345809893252,1,1793,individuals_merge,25630-dc135,chr3n-1801-2001.tar.gz,2,individuals,,,16465.366432226674,0.13834689881948314,2776.107943948763,0.13834689881948314
1,1,1449.0016731734522,2.477703094482422,10,10,0.012891714,[10],,,192.19345809893252,1,1793,individuals_merge,25630-dc135,chr3n-2801-3001.tar.gz,2,individuals,,,16465.366432226674,0.13834689881948314,2776.107943948763,0.13834689881948314
1,1,1449.0016731734522,2.477703094482422,10,10,0.012891714,[10],,,192.19345809893252,1,1793,individuals_merge,25630-dc135,chr3n-3601-3801.tar.gz,2,individuals,,,16465.366432226674,0.13834689881948314,2776.107943948763,0.13834689881948314
1,1,1449.0016731734522,2.477703094482422,10,10,0.012891714,[10],,,192.19345809893252,1,1793,individuals_merge,25630-dc135,chr3n-4201-4401.tar.gz,2,individuals,,,16465.366432226674,0.13834689881948314,2776.107943948763,0.13834689881948314
1,1,1449.0016731734522,2.477703094482422,10,10,0.012891714,[10],,,192.19345809893252,1,1793,individuals_merge,25630-dc135,chr3n-3001-3201.tar.gz,2,individuals,,,16465.366432226674,0.13834689881948314,2776.107943948763,0.13834689881948314
1,1,1449.0016731734522,2.477703094482422,10,10,0.012891714,[10],,,192.19345809893252,1,1793,individuals_merge,25630-dc135,chr3n-1201-1401.tar.gz,2,individuals,,,16465.366432226674,0.13834689881948314,2776.107943948763,0.13834689881948314
1,1,1449.0016731734522,2.477703094482422,10,10,0.012891714,[10],,,192.19345809893252,1,1793,individuals_merge,25630-dc135,chr3n-5201-5401.tar.gz,2,individuals,,,16465.366432226674,0.13834689881948314,2776.107943948763,0.13834689881948314
1,1,1449.0016731734522,2.477703094482422,10,10,0.012891714,[10],,,192.19345809893252,1,1793,individuals_merge,25630-dc135,chr3n-5401-5601.tar.gz,2,individuals,,,16465.366432226674,0.13834689881948314,2776.107943948763,0.13834689881948314
1,1,1449.0016731734522,2.477703094482422,10,10,0.012891714,[10],,,192.19345809893252,1,1793,individuals_merge,25630-dc135,chr3n-401-601.tar.gz,2,individuals,,,16465.366432226674,0.13834689881948314,2776.107943948763,0.13834689881948314
1,1,1449.0016731734522,2.477703094482422,10,10,0.012891714,[10],,,192.19345809893252,1,1793,individuals_merge,25630-dc135,chr3n-1601-1801.tar.gz,2,individuals,,,16465.366432226674,0.13834689881948314,2776.107943948763,0.13834689881948314
1,1,1449.0016731734522,2.477703094482422,10,10,0.012891714,[10],,,192.19345809893252,1,1793,individuals_merge,25630-dc135,chr3n-5001-5201.tar.gz,2,individuals,,,16465.366432226674,0.13834689881948314,2776.107943948763,0.13834689881948314
1,1,1449.0016731734522,2.477703094482422,10,10,0.012891714,[10],,,192.19345809893252,1,1793,individuals_merge,25630-dc135,chr3n-1-201.tar.gz,2,individuals,,,16465.366432226674,0.13834689881948314,2776.107943948763,0.13834689881948314
1,1,1449.0016731734522,2.477703094482422,10,10,0.012891714,[10],,,192.19345809893252,1,1793,individuals_merge,25630-dc135,chr3n-4001-4201.tar.gz,2,individuals,,,16465.366432226674,0.13834689881948314,2776.107943948763,0.13834689881948314
1,1,1449.0016731734522,2.477703094482422,10,10,0.012891714,[10],,,192.19345809893252,1,1793,individuals_merge,25630-dc135,chr3n-3801-4001.tar.gz,2,individuals,,,16465.366432226674,0.13834689881948314,2776.107943948763,0.13834689881948314
1,1,1449.0016731734522,2.477703094482422,10,10,0.012891714,[10],,,192.19345809893252,1,1793,individuals_merge,25630-dc135,chr3n-2401-2601.tar.gz,2,individuals,,,16465.366432226674,0.13834689881948314,2776.107943948763,0.13834689881948314
1,1,1449.0016731734522,2.477703094482422,10,10,0.012891714,[10],,,192.19345809893252,1,1793,individuals_merge,25630-dc135,chr3n-5601-5801.tar.gz,2,individuals,,,16465.366432226674,0.13834689881948314,2776.107943948763,0.13834689881948314
1,1,1449.0016731734522,2.477703094482422,10,10,0.012891714,[10],,,192.19345809893252,1,1793,individuals_merge,25630-dc135,chr3n-2001-2201.tar.gz,2,individuals,,,16465.366432226674,0.13834689881948314,2776.107943948763,0.13834689881948314
1,1,1449.0016731734522,2.477703094482422,10,10,0.012891714,[10],,,192.19345809893252,1,1793,individuals_merge,25630-dc135,chr3n-2601-2801.tar.gz,2,individuals,,,16465.366432226674,0.13834689881948314,2776.107943948763,0.13834689881948314
1,1,1449.0016731734522,2.477703094482422,10,10,0.012891714,[10],,,192.19345809893252,1,1793,individuals_merge,25630-dc135,chr3n-4401-4601.tar.gz,2,individuals,,,16465.366432226674,0.13834689881948314,2776.107943948763,0.13834689881948314
1,1,1449.0016731734522,2.477703094482422,10,10,0.012891714,[10],,,192.19345809893252,1,1793,individuals_merge,25630-dc135,chr3n-1401-1601.tar.gz,2,individuals,,,16465.366432226674,0.13834689881948314,2776.107943948763,0.13834689881948314
1,1,1449.0016731734522,2.477703094482422,10,10,0.012891714,[10],,,192.19345809893252,1,1793,individuals_merge,25630-dc135,chr3n-601-801.tar.gz,2,individuals,,,16465.366432226674,0.13834689881948314,2776.107943948763,0.13834689881948314
1,1,1449.0016731734522,2.477703094482422,10,10,0.012891714,[10],,,192.19345809893252,1,1793,individuals_merge,25630-dc135,chr3n-2201-2401.tar.gz,2,individuals,,,16465.366432226674,0.13834689881948314,2776.107943948763,0.13834689881948314
1,1,1449.0016731734522,2.477703094482422,10,10,0.012891714,[10],,,192.19345809893252,1,1793,individuals_merge,25630-dc135,chr3n-3201-3401.tar.gz,2,individuals,,,16465.366432226674,0.13834689881948314,2776.107943948763,0.13834689881948314
0,0,842328.0,1.6066131591796875,10,10,0.000552902,[10],,,2905.782867813261,1,2,individuals_merge,25630-dc135,chr3n.tar.gz,2,,,,1976.7799697740568,0.8025352328431372,4364.5618938654,0.8025352328431372
1,1,1449.0016731734522,2.477703094482422,10,10,0.012891714,[10],,,192.19345809893252,1,1793,individuals_merge,25630-dc135,chr3n-201-401.tar.gz,2,individuals,,,16465.366432226674,0.13834689881948314,2776.107943948763,0.13834689881948314
1,1,1449.0016731734522,2.477703094482422,10,10,0.012891714,[10],,,192.19345809893252,1,1793,individuals_merge,25630-dc135,chr3n-3401-3601.tar.gz,2,individuals,,,16465.366432226674,0.13834689881948314,2776.107943948763,0.13834689881948314
0,0,95528.0,0.09110260009765625,300,300,5.049e-05,[10],,,1804.369183950411,1,1,individuals,195053-dc260,chr9n-5201-5401.tar.gz,1,,,,1886.8578955250082,0.08753829656862745,3833.3208432118176,0.08753829656862745
1,1,8191.922137163246,2421.703544616699,300,300,19.95282404,[10],,,121.37146800682653,1,309981,individuals,195053-dc260,columns.txt,1,initial_data,,,24820.14948099236,0.003921494080464198,3876.9306204595614,0.003921494080464198
1,1,8191.922137163246,2421.703544616699,300,300,19.95282404,[10],,,121.37146800682653,1,309981,individuals,195053-dc260,ALL.chr9.250000.vcf,1,initial_data,,,24820.14948099236,0.003921494080464198,3876.9306204595614,0.003921494080464198
1,1,32073.402173913044,2.8140573501586914,10,10,0.000590701,[10],,,4763.928536025318,1,92,mutation_overlap,30113-dc257,chr8n.tar.gz,3,individuals_merge,,,24440.47417922976,0.026785962559276427,3788.306509337404,0.026785962559276427
1,1,32073.402173913044,2.8140573501586914,10,10,0.000590701,[10],,,4763.928536025318,1,92,mutation_overlap,30113-dc257,sifted.SIFT.chr8.txt,3,sifting,,,24440.47417922976,0.026785962559276427,3788.306509337404,0.026785962559276427
0,0,68063.33333333333,0.5841922760009766,10,10,0.000240328,[10],,,2430.812373094174,1,9,mutation_overlap,30113-dc257,chr8-GBR.tar.gz,3,initial_data,,,1883.531117129785,0.06124323427287581,3813.8076354903137,0.06124323427287581
1,0,32073.402173913044,2.8140573501586914,10,10,0.000590701,[10],,,4763.928536025318,1,92,mutation_overlap,30113-dc257,columns.txt,3,initial_data,,,24440.47417922976,0.026785962559276427,3788.306509337404,0.026785962559276427
1,1,27253.02912621359,2.677022933959961,10,10,0.000626153,[10],,,4275.349529523872,1,103,mutation_overlap,196152-dc273,chr10n.tar.gz,3,individuals_merge,,,24425.725816938848,0.022170868878498,3784.8719496180074,0.022170868878498
0,0,147879.125,1.1282281875610352,10,10,0.000388495,[10],,,2904.099634644037,1,8,mutation_overlap,196152-dc273,chr10-SAS.tar.gz,3,initial_data,,,1893.1279671498787,0.13766000785079657,3870.6018005474675,0.13766000785079657
1,0,27253.02912621359,2.677022933959961,10,10,0.000626153,[10],,,4275.349529523872,1,103,mutation_overlap,196152-dc273,columns.txt,3,initial_data,,,24425.725816938848,0.022170868878498,3784.8719496180074,0.022170868878498
1,1,27253.02912621359,2.677022933959961,10,10,0.000626153,[10],,,4275.349529523872,1,103,mutation_overlap,196152-dc273,sifted.SIFT.chr10.txt,3,sifting,,,24425.725816938848,0.022170868878498,3784.8719496180074,0.022170868878498
1,1,8191.928799979357,2422.0726985931396,300,300,20.211829338,[10],,,119.83441271391659,1,310028,individuals,194651-dc273,columns.txt,1,initial_data,,,24820.218576395022,0.003921500459539059,3876.94674269422,0.003921500459539059
0,0,87994.0,0.08391761779785156,300,300,3.742e-05,[10],,,2242.587327574868,1,1,individuals,194651-dc273,chr10n-5401-5601.tar.gz,1,,,,1885.950435921859,0.08032513786764706,3827.961837003188,0.08032513786764706
1,1,8191.928799979357,2422.0726985931396,300,300,20.211829338,[10],,,119.83441271391659,1,310028,individuals,194651-dc273,ALL.chr10.250000.vcf,1,initial_data,,,24820.218576395022,0.003921500459539059,3876.94674269422,0.003921500459539059
1,1,8191.929237568348,2421.8150177001953,300,300,19.670412398,[10],,,123.1196870049575,1,309995,individuals,65526-dc148,columns.txt,1,initial_data,,,24820.170361208417,0.00392150087849298,3876.9354924950358,0.00392150087849298
0,0,80167.0,0.07645320892333984,300,300,5.1159e-05,[10],,,1494.4234430567415,1,1,individuals,65526-dc148,chr5n-3401-3601.tar.gz,1,,,,1885.0076848847139,0.07283145680147059,3822.394417094117,0.07283145680147059
1,1,8191.929237568348,2421.8150177001953,300,300,19.670412398,[10],,,123.1196870049575,1,309995,individuals,65526-dc148,ALL.chr5.250000.vcf,1,initial_data,,,24820.170361208417,0.00392150087849298,3876.9354924950358,0.00392150087849298
1,1,8191.854788984846,1198.6115655899048,10,10,9.715425671,[10],,,123.37200717490876,1,153425,sifting,823-dc148,ALL.chr5.phase3_shapeit2_mvncall_integrated_v5.20130502.sites.annotation.vcf,2,initial_data,,,24591.287748115326,0.003921429600360798,3823.5296047711163,0.003921429600360798
0,0,712940.0,0.6799125671386719,10,10,0.000195778,[10],,,3472.875231837448,1,1,sifting,823-dc148,sifted.SIFT.chr5.txt,2,,,,1961.224294317104,0.6786573223039216,4272.491899925668,0.6786573223039216
1,1,8191.921474379654,2421.75803565979,300,300,19.706135024,[10],,,122.89360814336973,1,309988,individuals,6852-dc111,ALL.chr2.250000.vcf,1,initial_data,,,24820.15967517859,0.003921493445905765,3876.9329991014793,0.003921493445905765
1,1,8191.921474379654,2421.75803565979,300,300,19.706135024,[10],,,122.89360814336973,1,309988,individuals,6852-dc111,columns.txt,1,initial_data,,,24820.15967517859,0.003921493445905765,3876.9329991014793,0.003921493445905765
0,0,71601.0,0.0682840347290039,300,300,4.2169e-05,[10],,,1619.294617586471,1,1,individuals,6852-dc111,chr2n-1201-1401.tar.gz,1,,,,1883.9759223468088,0.06463024662990197,3816.301339421816,0.06463024662990197
1,1,8191.922137163246,2421.703544616699,300,300,19.966086073,[10],,,121.290849681929,1,309981,individuals,194932-dc260,ALL.chr9.250000.vcf,1,initial_data,,,24820.14948099236,0.003921494080464198,3876.9306204595614,0.003921494080464198
0,0,91849.0,0.08759403228759766,300,300,3.959e-05,[10],,,2212.529231816056,1,1,individuals,194932-dc260,chr9n-1801-2001.tar.gz,1,,,,1886.4147651984904,0.08401596966911765,3830.7039353485907,0.08401596966911765
1,1,8191.922137163246,2421.703544616699,300,300,19.966086073,[10],,,121.290849681929,1,309981,individuals,194932-dc260,columns.txt,1,initial_data,,,24820.14948099236,0.003921494080464198,3876.9306204595614,0.003921494080464198
1,1,21983.918032786885,2.557790756225586,10,10,0.000660413,[10],,,3873.016970025705,1,122,mutation_overlap,1903-dc148,sifted.SIFT.chr5.txt,3,sifting,,,24409.61021860096,0.017126147013621022,3781.118994179259,0.017126147013621022
1,1,21983.918032786885,2.557790756225586,10,10,0.000660413,[10],,,3873.016970025705,1,122,mutation_overlap,1903-dc148,chr5n.tar.gz,3,individuals_merge,,,24409.61021860096,0.017126147013621022,3781.118994179259,0.017126147013621022
0,0,119040.44444444444,1.0217323303222656,10,10,0.000430525,[10],,,2373.2241573015867,1,9,mutation_overlap,1903-dc148,chr5-AMR.tar.gz,3,initial_data,,,1889.6572334050766,0.11004944512527233,3850.0851225426204,0.11004944512527233
1,0,21983.918032786885,2.557790756225586,10,10,0.000660413,[10],,,3873.016970025705,1,122,mutation_overlap,1903-dc148,columns.txt,3,initial_data,,,24409.61021860096,0.017126147013621022,3781.118994179259,0.017126147013621022
0,0,3780.0962815405046,10.85820198059082,10,10,0.018797769,[10],,,577.6324829074567,1,3012,frequency,1972-dc148,chr5-SAS-freq.tar.gz,3,initial_data,,,1638.1765752559306,0.8971667583139663,2879.4667183666575,0.8971667583139663
1,1,1040.2962130937099,3.091395378112793,10,10,0.009786536,[10],,,315.8824918349856,1,3116,frequency,1972-dc148,sifted.SIFT.chr5.txt,3,sifting,,,16024.678219784477,0.0053047568664420135,2757.987572785584,0.0053047568664420135
1,0,1040.2962130937099,3.091395378112793,10,10,0.009786536,[10],,,315.8824918349856,1,3116,frequency,1972-dc148,columns.txt,3,initial_data,,,16024.678219784477,0.0053047568664420135,2757.987572785584,0.0053047568664420135
1,1,1040.2962130937099,3.091395378112793,10,10,0.009786536,[10],,,315.8824918349856,1,3116,frequency,1972-dc148,chr5n.tar.gz,3,individuals_merge,,,16024.678219784477,0.0053047568664420135,2757.987572785584,0.0053047568664420135
0,0,96238.0,0.09177970886230469,300,300,3.933e-05,[10],,,2333.58018973569,1,1,individuals,195115-dc260,chr9n-401-601.tar.gz,1,,,,1886.943414016943,0.0882180606617647,3833.825872997871,0.0882180606617647
1,1,8191.922137163246,2421.703544616699,300,300,19.957736297,[10],,,121.3415944863809,1,309981,individuals,195115-dc260,columns.txt,1,initial_data,,,24820.14948099236,0.003921494080464198,3876.9306204595614,0.003921494080464198
1,1,8191.922137163246,2421.703544616699,300,300,19.957736297,[10],,,121.3415944863809,1,309981,individuals,195115-dc260,ALL.chr9.250000.vcf,1,initial_data,,,24820.14948099236,0.003921494080464198,3876.9306204595614,0.003921494080464198
1,1,8191.929237568348,2421.8150177001953,300,300,19.576106412,[10],,,123.71280410570517,1,309995,individuals,65427-dc148,columns.txt,1,initial_data,,,24820.170361208417,0.00392150087849298,3876.9354924950358,0.00392150087849298
1,1,8191.929237568348,2421.8150177001953,300,300,19.576106412,[10],,,123.71280410570517,1,309995,individuals,65427-dc148,ALL.chr5.250000.vcf,1,initial_data,,,24820.170361208417,0.00392150087849298,3876.9354924950358,0.00392150087849298
0,0,81472.0,0.07769775390625,300,300,5.5799e-05,[10],,,1392.4578201446263,1,1,individuals,65427-dc148,chr5n-2601-2801.tar.gz,1,,,,1885.1648702818616,0.07408088235294118,3823.3226760670746,0.07408088235294118
1,1,27587.990291262136,2.709925651550293,10,10,0.000616023,[10],,,4399.065702985591,1,103,mutation_overlap,196135-dc273,sifted.SIFT.chr10.txt,3,sifting,,,24426.755035440874,0.022491565459618314,3785.111633302502,0.022491565459618314
1,0,27587.990291262136,2.709925651550293,10,10,0.000616023,[10],,,4399.065702985591,1,103,mutation_overlap,196135-dc273,columns.txt,3,initial_data,,,24426.755035440874,0.022491565459618314,3785.111633302502,0.022491565459618314
1,1,27587.990291262136,2.709925651550293,10,10,0.000616023,[10],,,4399.065702985591,1,103,mutation_overlap,196135-dc273,chr10n.tar.gz,3,individuals_merge,,,24426.755035440874,0.022491565459618314,3785.111633302502,0.022491565459618314
0,0,152447.5,1.1630821228027344,10,10,0.000426404,[10],,,2727.6529366580385,1,8,mutation_overlap,196135-dc273,chr10-EUR.tar.gz,3,initial_data,,,1893.6771232904784,0.14203383501838235,3873.852660875391,0.14203383501838235
0,0,80298.0,0.07657814025878906,300,300,3.8129e-05,[10],,,2008.396240624959,1,1,individuals,194655-dc273,chr10n-4201-4401.tar.gz,1,,,,1885.023463648719,0.07295687806372549,3822.4875986461916,0.07295687806372549
1,1,8191.928799979357,2422.0726985931396,300,300,20.217864013,[10],,,119.79864426013339,1,310028,individuals,194655-dc273,ALL.chr10.250000.vcf,1,initial_data,,,24820.218576395022,0.003921500459539059,3876.94674269422,0.003921500459539059
1,1,8191.928799979357,2422.0726985931396,300,300,20.217864013,[10],,,119.79864426013339,1,310028,individuals,194655-dc273,columns.txt,1,initial_data,,,24820.218576395022,0.003921500459539059,3876.94674269422,0.003921500459539059
0,0,87105.0,0.0830698013305664,300,300,6.3449e-05,[10],,,1309.2373611966527,1,1,individuals,6638-dc111,chr2n-3401-3601.tar.gz,1,,,,1885.8433571340702,0.07947399662990196,3827.329482806285,0.07947399662990196
1,1,8191.921474379654,2421.75803565979,300,300,19.47378143,[10],,,124.35992692867511,1,309988,individuals,6638-dc111,ALL.chr2.250000.vcf,1,initial_data,,,24820.15967517859,0.003921493445905765,3876.9329991014793,0.003921493445905765
1,1,8191.921474379654,2421.75803565979,300,300,19.47378143,[10],,,124.35992692867511,1,309988,individuals,6638-dc111,columns.txt,1,initial_data,,,24820.15967517859,0.003921493445905765,3876.9329991014793,0.003921493445905765
1,1,32765.21239619425,1136.3408222198486,10,10,0.167790207,[10],,,6772.390609303251,1,36366,sifting,31962-dc155,ALL.chr6.phase3_shapeit2_mvncall_integrated_v5.20130502.sites.annotation.vcf,2,initial_data,,,24654.68949093749,0.027448311500645535,3838.2890657597845,0.027448311500645535
1,1,8191.930583199192,2421.8310403823853,300,300,19.727525477,[10],,,122.76405589773327,1,309997,individuals,39721-dc146,columns.txt,1,initial_data,,,24820.173363437512,0.00392150216681908,3876.9361930125574,0.00392150216681908
0,0,81199.0,0.0774374008178711,300,300,3.6739e-05,[10],,,2107.7710557682867,1,1,individuals,39721-dc146,chr4n-3001-3201.tar.gz,1,,,,1885.1319878194697,0.07381950827205883,3823.1284885577898,0.07381950827205883
1,1,8191.930583199192,2421.8310403823853,300,300,19.727525477,[10],,,122.76405589773327,1,309997,individuals,39721-dc146,ALL.chr4.250000.vcf,1,initial_data,,,24820.173363437512,0.00392150216681908,3876.9361930125574,0.00392150216681908
1,1,8191.929237568348,2421.8150177001953,300,300,19.597828658,[10],,,123.57568075336702,1,309995,individuals,65344-dc148,ALL.chr5.250000.vcf,1,initial_data,,,24820.170361208417,0.00392150087849298,3876.9354924950358,0.00392150087849298
1,1,8191.929237568348,2421.8150177001953,300,300,19.597828658,[10],,,123.57568075336702,1,309995,individuals,65344-dc148,columns.txt,1,initial_data,,,24820.170361208417,0.00392150087849298,3876.9354924950358,0.00392150087849298
0,0,76369.0,0.0728311538696289,300,300,3.6689e-05,[10],,,1985.095093069555,1,1,individuals,65344-dc148,chr5n-1201-1401.tar.gz,1,,,,1884.5502211771532,0.06919519761029412,3819.6928633935104,0.06919519761029412
1,1,1306.0996270644646,2.337979316711426,10,10,0.013197863,[10],,,177.14832444551254,1,1877,individuals_merge,7296-dc111,chr2n-1-201.tar.gz,2,individuals,,,16311.3837774809,0.09182930568504706,2769.7720181765153,0.09182930568504706
1,1,1306.0996270644646,2.337979316711426,10,10,0.013197863,[10],,,177.14832444551254,1,1877,individuals_merge,7296-dc111,chr2n-401-601.tar.gz,2,individuals,,,16311.3837774809,0.09182930568504706,2769.7720181765153,0.09182930568504706
1,1,1306.0996270644646,2.337979316711426,10,10,0.013197863,[10],,,177.14832444551254,1,1877,individuals_merge,7296-dc111,chr2n-201-401.tar.gz,2,individuals,,,16311.3837774809,0.09182930568504706,2769.7720181765153,0.09182930568504706
1,1,1306.0996270644646,2.337979316711426,10,10,0.013197863,[10],,,177.14832444551254,1,1877,individuals_merge,7296-dc111,chr2n-2201-2401.tar.gz,2,individuals,,,16311.3837774809,0.09182930568504706,2769.7720181765153,0.09182930568504706
1,1,1306.0996270644646,2.337979316711426,10,10,0.013197863,[10],,,177.14832444551254,1,1877,individuals_merge,7296-dc111,chr2n-4401-4601.tar.gz,2,individuals,,,16311.3837774809,0.09182930568504706,2769.7720181765153,0.09182930568504706
1,1,1306.0996270644646,2.337979316711426,10,10,0.013197863,[10],,,177.14832444551254,1,1877,individuals_merge,7296-dc111,chr2n-1401-1601.tar.gz,2,individuals,,,16311.3837774809,0.09182930568504706,2769.7720181765153,0.09182930568504706
1,1,1306.0996270644646,2.337979316711426,10,10,0.013197863,[10],,,177.14832444551254,1,1877,individuals_merge,7296-dc111,chr2n-1801-2001.tar.gz,2,individuals,,,16311.3837774809,0.09182930568504706,2769.7720181765153,0.09182930568504706
1,1,1306.0996270644646,2.337979316711426,10,10,0.013197863,[10],,,177.14832444551254,1,1877,individuals_merge,7296-dc111,chr2n-5601-5801.tar.gz,2,individuals,,,16311.3837774809,0.09182930568504706,2769.7720181765153,0.09182930568504706
1,1,1306.0996270644646,2.337979316711426,10,10,0.013197863,[10],,,177.14832444551254,1,1877,individuals_merge,7296-dc111,chr2n-3401-3601.tar.gz,2,individuals,,,16311.3837774809,0.09182930568504706,2769.7720181765153,0.09182930568504706
1,1,1306.0996270644646,2.337979316711426,10,10,0.013197863,[10],,,177.14832444551254,1,1877,individuals_merge,7296-dc111,chr2n-4801-5001.tar.gz,2,individuals,,,16311.3837774809,0.09182930568504706,2769.7720181765153,0.09182930568504706
1,1,1306.0996270644646,2.337979316711426,10,10,0.013197863,[10],,,177.14832444551254,1,1877,individuals_merge,7296-dc111,chr2n-1001-1201.tar.gz,2,individuals,,,16311.3837774809,0.09182930568504706,2769.7720181765153,0.09182930568504706
1,1,1306.0996270644646,2.337979316711426,10,10,0.013197863,[10],,,177.14832444551254,1,1877,individuals_merge,7296-dc111,chr2n-5001-5201.tar.gz,2,individuals,,,16311.3837774809,0.09182930568504706,2769.7720181765153,0.09182930568504706
1,1,1306.0996270644646,2.337979316711426,10,10,0.013197863,[10],,,177.14832444551254,1,1877,individuals_merge,7296-dc111,chr2n-801-1001.tar.gz,2,individuals,,,16311.3837774809,0.09182930568504706,2769.7720181765153,0.09182930568504706
1,1,1306.0996270644646,2.337979316711426,10,10,0.013197863,[10],,,177.14832444551254,1,1877,individuals_merge,7296-dc111,chr2n-5401-5601.tar.gz,2,individuals,,,16311.3837774809,0.09182930568504706,2769.7720181765153,0.09182930568504706
1,1,1306.0996270644646,2.337979316711426,10,10,0.013197863,[10],,,177.14832444551254,1,1877,individuals_merge,7296-dc111,chr2n-3001-3201.tar.gz,2,individuals,,,16311.3837774809,0.09182930568504706,2769.7720181765153,0.09182930568504706
1,1,1306.0996270644646,2.337979316711426,10,10,0.013197863,[10],,,177.14832444551254,1,1877,individuals_merge,7296-dc111,chr2n-2601-2801.tar.gz,2,individuals,,,16311.3837774809,0.09182930568504706,2769.7720181765153,0.09182930568504706
1,1,1306.0996270644646,2.337979316711426,10,10,0.013197863,[10],,,177.14832444551254,1,1877,individuals_merge,7296-dc111,chr2n-4001-4201.tar.gz,2,individuals,,,16311.3837774809,0.09182930568504706,2769.7720181765153,0.09182930568504706
1,1,1306.0996270644646,2.337979316711426,10,10,0.013197863,[10],,,177.14832444551254,1,1877,individuals_merge,7296-dc111,chr2n-3801-4001.tar.gz,2,individuals,,,16311.3837774809,0.09182930568504706,2769.7720181765153,0.09182930568504706
1,1,1306.0996270644646,2.337979316711426,10,10,0.013197863,[10],,,177.14832444551254,1,1877,individuals_merge,7296-dc111,chr2n-1201-1401.tar.gz,2,individuals,,,16311.3837774809,0.09182930568504706,2769.7720181765153,0.09182930568504706
1,1,1306.0996270644646,2.337979316711426,10,10,0.013197863,[10],,,177.14832444551254,1,1877,individuals_merge,7296-dc111,chr2n-4201-4401.tar.gz,2,individuals,,,16311.3837774809,0.09182930568504706,2769.7720181765153,0.09182930568504706
1,1,1306.0996270644646,2.337979316711426,10,10,0.013197863,[10],,,177.14832444551254,1,1877,individuals_merge,7296-dc111,chr2n-2001-2201.tar.gz,2,individuals,,,16311.3837774809,0.09182930568504706,2769.7720181765153,0.09182930568504706
1,1,1306.0996270644646,2.337979316711426,10,10,0.013197863,[10],,,177.14832444551254,1,1877,individuals_merge,7296-dc111,chr2n-3601-3801.tar.gz,2,individuals,,,16311.3837774809,0.09182930568504706,2769.7720181765153,0.09182930568504706
1,1,1306.0996270644646,2.337979316711426,10,10,0.013197863,[10],,,177.14832444551254,1,1877,individuals_merge,7296-dc111,chr2n-5801-6001.tar.gz,2,individuals,,,16311.3837774809,0.09182930568504706,2769.7720181765153,0.09182930568504706
1,1,1306.0996270644646,2.337979316711426,10,10,0.013197863,[10],,,177.14832444551254,1,1877,individuals_merge,7296-dc111,chr2n-601-801.tar.gz,2,individuals,,,16311.3837774809,0.09182930568504706,2769.7720181765153,0.09182930568504706
1,1,1306.0996270644646,2.337979316711426,10,10,0.013197863,[10],,,177.14832444551254,1,1877,individuals_merge,7296-dc111,chr2n-2401-2601.tar.gz,2,individuals,,,16311.3837774809,0.09182930568504706,2769.7720181765153,0.09182930568504706
0,0,655235.5,1.2497625350952148,10,10,0.000444076,[10],,,2814.298757634312,1,2,individuals_merge,7296-dc111,chr2n.tar.gz,2,,,,1954.251368517621,0.6234102136948529,4231.473420256891,0.6234102136948529
1,1,1306.0996270644646,2.337979316711426,10,10,0.013197863,[10],,,177.14832444551254,1,1877,individuals_merge,7296-dc111,chr2n-4601-4801.tar.gz,2,individuals,,,16311.3837774809,0.09182930568504706,2769.7720181765153,0.09182930568504706
1,1,1306.0996270644646,2.337979316711426,10,10,0.013197863,[10],,,177.14832444551254,1,1877,individuals_merge,7296-dc111,chr2n-3201-3401.tar.gz,2,individuals,,,16311.3837774809,0.09182930568504706,2769.7720181765153,0.09182930568504706
1,1,1306.0996270644646,2.337979316711426,10,10,0.013197863,[10],,,177.14832444551254,1,1877,individuals_merge,7296-dc111,chr2n-5201-5401.tar.gz,2,individuals,,,16311.3837774809,0.09182930568504706,2769.7720181765153,0.09182930568504706
1,1,1306.0996270644646,2.337979316711426,10,10,0.013197863,[10],,,177.14832444551254,1,1877,individuals_merge,7296-dc111,chr2n-1601-1801.tar.gz,2,individuals,,,16311.3837774809,0.09182930568504706,2769.7720181765153,0.09182930568504706
1,1,1306.0996270644646,2.337979316711426,10,10,0.013197863,[10],,,177.14832444551254,1,1877,individuals_merge,7296-dc111,chr2n-2801-3001.tar.gz,2,individuals,,,16311.3837774809,0.09182930568504706,2769.7720181765153,0.09182930568504706
0,0,90713.0,0.08651065826416016,300,300,4.3251e-05,[10],,,2000.200186450259,1,1,individuals,15031-dc026,chr1n-3401-3601.tar.gz,1,,,,1886.277935611395,0.08292834712009804,3829.8958876909055,0.08292834712009804
1,1,8191.912280079227,2421.833441734314,300,300,19.859308686,[10],,,121.94953409640124,1,309998,individuals,15031-dc026,ALL.chr1.250000.vcf,1,initial_data,,,24820.17375686905,0.003921484643151833,3876.9362848386763,0.003921484643151833
1,1,8191.912280079227,2421.833441734314,300,300,19.859308686,[10],,,121.94953409640124,1,309998,individuals,15031-dc026,columns.txt,1,initial_data,,,24820.17375686905,0.003921484643151833,3876.9362848386763,0.003921484643151833
1,1,32765.820653789004,1051.4925622940063,10,10,0.129685607,[10],,,8108.012805877574,1,33650,sifting,29061-dc257,ALL.chr8.phase3_shapeit2_mvncall_integrated_v5.20130502.sites.annotation.vcf,2,initial_data,,,24638.814781235742,0.02744889385511355,3834.5849698116817,0.02744889385511355
1,1,8191.92760505042,2421.806722640991,300,300,19.776858034,[10],,,122.45659641574343,1,309994,individuals,31396-dc155,ALL.chr6.250000.vcf,1,initial_data,,,24820.168804074146,0.003921499315497109,3876.935129166358,0.003921499315497109
1,1,8191.92760505042,2421.806722640991,300,300,19.776858034,[10],,,122.45659641574343,1,309994,individuals,31396-dc155,columns.txt,1,initial_data,,,24820.168804074146,0.003921499315497109,3876.935129166358,0.003921499315497109
0,0,97332.0,0.09282302856445312,300,300,4.8629e-05,[10],,,1908.799863547536,1,1,individuals,31396-dc155,chr6n-1201-1401.tar.gz,1,,,,1887.0751847636704,0.08926547181372549,3834.6040456541277,0.08926547181372549
1,1,8191.911930553494,2421.802088737488,300,300,19.845305014,[10],,,122.03400688621372,1,309994,individuals,16009-dc177,ALL.chr7.250000.vcf,1,initial_data,,,24820.167889117023,0.003921484308510928,3876.934915698439,0.003921484308510928
0,0,79235.0,0.07556438446044922,300,300,4.5299e-05,[10],,,1668.1247811309127,1,1,individuals,16009-dc177,chr7n-5001-5201.tar.gz,1,,,,1884.8954268079774,0.07193914675245099,3821.7314765862275,0.07193914675245099
1,1,8191.911930553494,2421.802088737488,300,300,19.845305014,[10],,,122.03400688621372,1,309994,individuals,16009-dc177,columns.txt,1,initial_data,,,24820.167889117023,0.003921484308510928,3876.934915698439,0.003921484308510928
1,1,8191.922137163246,2421.703544616699,300,300,19.962364243,[10],,,121.3134634323634,1,309981,individuals,195111-dc260,ALL.chr9.250000.vcf,1,initial_data,,,24820.14948099236,0.003921494080464198,3876.9306204595614,0.003921494080464198
0,0,93072.0,0.0887603759765625,300,300,4.072e-05,[10],,,2179.7734768311025,1,1,individuals,195111-dc260,chr9n-3601-3801.tar.gz,1,,,,1886.5620738120622,0.08518688725490196,3831.573866937807,0.08518688725490196
1,1,8191.922137163246,2421.703544616699,300,300,19.962364243,[10],,,121.3134634323634,1,309981,individuals,195111-dc260,columns.txt,1,initial_data,,,24820.14948099236,0.003921494080464198,3876.9306204595614,0.003921494080464198
1,1,8191.911930553494,2421.802088737488,300,300,19.766242084,[10],,,122.52213032935794,1,309994,individuals,15985-dc177,ALL.chr7.250000.vcf,1,initial_data,,,24820.167889117023,0.003921484308510928,3876.934915698439,0.003921484308510928
0,0,108061.0,0.10305500030517578,300,300,5.438e-05,[10],,,1895.0901122687712,1,1,individuals,15985-dc177,chr7n-3601-3801.tar.gz,1,,,,1888.3674775805262,0.09953756893382353,3842.2356858999974,0.09953756893382353
1,1,8191.911930553494,2421.802088737488,300,300,19.766242084,[10],,,122.52213032935794,1,309994,individuals,15985-dc177,columns.txt,1,initial_data,,,24820.167889117023,0.003921484308510928,3876.934915698439,0.003921484308510928
1,0,24390.811475409835,2.8378286361694336,10,10,0.000699321,[10],,,4057.9771466457228,1,122,mutation_overlap,1970-dc148,columns.txt,3,initial_data,,,24417.013920939735,0.01943054101123031,3782.843166901962,0.01943054101123031
1,1,24390.811475409835,2.8378286361694336,10,10,0.000699321,[10],,,4057.9771466457228,1,122,mutation_overlap,1970-dc148,sifted.SIFT.chr5.txt,3,sifting,,,24417.013920939735,0.01943054101123031,3782.843166901962,0.01943054101123031
0,0,151358.22222222222,1.2991180419921875,10,10,0.000529704,[10],,,2452.5358350931606,1,9,mutation_overlap,1970-dc148,chr5-SAS.tar.gz,3,initial_data,,,1893.5409855461928,0.14099094498910675,3873.083831950402,0.14099094498910675
1,1,24390.811475409835,2.8378286361694336,10,10,0.000699321,[10],,,4057.9771466457228,1,122,mutation_overlap,1970-dc148,chr5n.tar.gz,3,individuals_merge,,,24417.013920939735,0.01943054101123031,3782.843166901962,0.01943054101123031
1,1,8191.922788330022,2421.789673805237,300,300,19.949933367,[10],,,121.39337155938667,1,309992,individuals,28374-dc257,columns.txt,1,initial_data,,,24820.165599232438,0.003921494703900527,3876.9343813774494,0.003921494703900527
1,1,8191.922788330022,2421.789673805237,300,300,19.949933367,[10],,,121.39337155938667,1,309992,individuals,28374-dc257,ALL.chr8.250000.vcf,1,initial_data,,,24820.165599232438,0.003921494703900527,3876.9343813774494,0.003921494703900527
0,0,103368.0,0.09857940673828125,300,300,4.8569e-05,[10],,,2029.6775049575087,1,1,individuals,28374-dc257,chr8n-5601-5801.tar.gz,1,,,,1887.8022123936958,0.09504442401960785,3838.89751014514,0.09504442401960785
0,0,82249.0,0.07843875885009766,300,300,4.476e-05,[10],,,1752.4298223882408,1,1,individuals,194563-dc273,chr10n-5201-5401.tar.gz,1,,,,1885.258458828669,0.07482479319852942,3823.875363593502,0.07482479319852942
1,1,8191.928799979357,2422.0726985931396,300,300,20.213179527,[10],,,119.82640807982864,1,310028,individuals,194563-dc273,columns.txt,1,initial_data,,,24820.218576395022,0.003921500459539059,3876.94674269422,0.003921500459539059
1,1,8191.928799979357,2422.0726985931396,300,300,20.213179527,[10],,,119.82640807982864,1,310028,individuals,194563-dc273,ALL.chr10.250000.vcf,1,initial_data,,,24820.218576395022,0.003921500459539059,3876.94674269422,0.003921500459539059
1,1,8191.912230276168,2421.794364929199,300,300,19.662218802,[10],,,123.16994278808754,1,309993,individuals,25026-dc135,ALL.chr3.250000.vcf,1,initial_data,,,24820.166444775197,0.003921484595469676,3876.9345786852778,0.003921484595469676
0,0,81110.0,0.07735252380371094,300,300,4.2949e-05,[10],,,1801.032010144845,1,1,individuals,25026-dc135,chr3n-2601-2801.tar.gz,1,,,,1885.121267895833,0.07373429840686274,3823.065182007143,0.07373429840686274
1,1,8191.912230276168,2421.794364929199,300,300,19.662218802,[10],,,123.16994278808754,1,309993,individuals,25026-dc135,columns.txt,1,initial_data,,,24820.166444775197,0.003921484595469676,3876.9345786852778,0.003921484595469676
0,0,113893.0,0.10861682891845703,300,300,5.5089e-05,[10],,,1971.6609290140868,1,1,individuals,16032-dc177,chr7n-2001-2201.tar.gz,1,,,,1889.0699337001927,0.10512120863970588,3846.384043241214,0.10512120863970588
1,1,8191.911930553494,2421.802088737488,300,300,19.109706031,[10],,,126.73151982604078,1,309994,individuals,16032-dc177,ALL.chr7.250000.vcf,1,initial_data,,,24820.167889117023,0.003921484308510928,3876.934915698439,0.003921484308510928
1,1,8191.911930553494,2421.802088737488,300,300,19.109706031,[10],,,126.73151982604078,1,309994,individuals,16032-dc177,columns.txt,1,initial_data,,,24820.167889117023,0.003921484308510928,3876.934915698439,0.003921484308510928
1,1,8191.930583199192,2421.8310403823853,300,300,19.725463886,[10],,,122.77688648434076,1,309997,individuals,39864-dc146,ALL.chr4.250000.vcf,1,initial_data,,,24820.173363437512,0.00392150216681908,3876.9361930125574,0.00392150216681908
1,1,8191.930583199192,2421.8310403823853,300,300,19.725463886,[10],,,122.77688648434076,1,309997,individuals,39864-dc146,columns.txt,1,initial_data,,,24820.173363437512,0.00392150216681908,3876.9361930125574,0.00392150216681908
0,0,88153.0,0.08406925201416016,300,300,4.1519e-05,[10],,,2024.838074475786,1,1,individuals,39864-dc146,chr4n-5601-5801.tar.gz,1,,,,1885.969587246109,0.08047736672794117,3828.074935222882,0.08047736672794117
1,1,8191.930583199192,2421.8310403823853,300,300,19.746531413,[10],,,122.64589611864636,1,309997,individuals,39745-dc146,columns.txt,1,initial_data,,,24820.173363437512,0.00392150216681908,3876.9361930125574,0.00392150216681908
0,0,100385.0,0.0957345962524414,300,300,5.3599e-05,[10],,,1786.1265369212374,1,1,individuals,39745-dc146,chr4n-601-801.tar.gz,1,,,,1887.4429142789897,0.09218845741421569,3836.775673734158,0.09218845741421569
1,1,8191.930583199192,2421.8310403823853,300,300,19.746531413,[10],,,122.64589611864636,1,309997,individuals,39745-dc146,ALL.chr4.250000.vcf,1,initial_data,,,24820.173363437512,0.00392150216681908,3876.9361930125574,0.00392150216681908
1,1,8191.911930553494,2421.802088737488,300,300,19.786678799,[10],,,122.39558307581581,1,309994,individuals,16003-dc177,ALL.chr7.250000.vcf,1,initial_data,,,24820.167889117023,0.003921484308510928,3876.934915698439,0.003921484308510928
0,0,94545.0,0.0901651382446289,300,300,5.013e-05,[10],,,1798.6263364178915,1,1,individuals,16003-dc177,chr7n-601-801.tar.gz,1,,,,1886.739494570682,0.08659715839460784,3832.6216259164785,0.08659715839460784
1,1,8191.911930553494,2421.802088737488,300,300,19.786678799,[10],,,122.39558307581581,1,309994,individuals,16003-dc177,columns.txt,1,initial_data,,,24820.167889117023,0.003921484308510928,3876.934915698439,0.003921484308510928
0,0,88456.0,0.08435821533203125,300,300,5.0141e-05,[10],,,1682.4198825717726,1,1,individuals,13973-dc026,chr1n-5601-5801.tar.gz,1,,,,1886.0060831659066,0.08076746323529412,3828.290462018902,0.08076746323529412
1,1,8191.912280079227,2421.833441734314,300,300,19.859705341,[10],,,121.94709841613222,1,309998,individuals,13973-dc026,columns.txt,1,initial_data,,,24820.17375686905,0.003921484643151833,3876.9362848386763,0.003921484643151833
1,1,8191.912280079227,2421.833441734314,300,300,19.859705341,[10],,,121.94709841613222,1,309998,individuals,13973-dc026,ALL.chr1.250000.vcf,1,initial_data,,,24820.17375686905,0.003921484643151833,3876.9362848386763,0.003921484643151833
1,1,8191.929237568348,2421.8150177001953,300,300,19.616224919,[10],,,123.45979043880452,1,309995,individuals,65535-dc148,columns.txt,1,initial_data,,,24820.170361208417,0.00392150087849298,3876.9354924950358,0.00392150087849298
0,0,81031.0,0.07727718353271484,300,300,4.5169e-05,[10],,,1710.8455695878777,1,1,individuals,65535-dc148,chr5n-2401-2601.tar.gz,1,,,,1885.1117524579977,0.07365866268382353,3823.008988552075,0.07365866268382353
1,1,8191.929237568348,2421.8150177001953,300,300,19.616224919,[10],,,123.45979043880452,1,309995,individuals,65535-dc148,ALL.chr5.250000.vcf,1,initial_data,,,24820.170361208417,0.00392150087849298,3876.9354924950358,0.00392150087849298
1,1,8191.930583199192,2421.8310403823853,300,300,19.749274996,[10],,,122.62885806556953,1,309997,individuals,39758-dc146,columns.txt,1,initial_data,,,24820.173363437512,0.00392150216681908,3876.9361930125574,0.00392150216681908
0,0,80748.0,0.07700729370117188,300,300,3.904e-05,[10],,,1972.522891935755,1,1,individuals,39758-dc146,chr4n-2401-2601.tar.gz,1,,,,1885.0776655098043,0.07338771446078432,3822.807687947212,0.07338771446078432
1,1,8191.930583199192,2421.8310403823853,300,300,19.749274996,[10],,,122.62885806556953,1,309997,individuals,39758-dc146,ALL.chr4.250000.vcf,1,initial_data,,,24820.173363437512,0.00392150216681908,3876.9361930125574,0.00392150216681908
1,1,8191.92760505042,2421.806722640991,300,300,19.811338251,[10],,,122.24346946974912,1,309994,individuals,31493-dc155,columns.txt,1,initial_data,,,24820.168804074146,0.003921499315497109,3876.935129166358,0.003921499315497109
0,0,93473.0,0.0891427993774414,300,300,4.7789e-05,[10],,,1865.3413835284564,1,1,individuals,31493-dc155,chr6n-3001-3201.tar.gz,1,,,,1886.6103736927184,0.08557081035539216,3831.8591020704935,0.08557081035539216
1,1,8191.92760505042,2421.806722640991,300,300,19.811338251,[10],,,122.24346946974912,1,309994,individuals,31493-dc155,ALL.chr6.250000.vcf,1,initial_data,,,24820.168804074146,0.003921499315497109,3876.935129166358,0.003921499315497109
1,0,39791.01818181818,4.174243927001953,10,10,0.000887601,[10],,,4702.838242635997,1,110,mutation_overlap,17538-dc177,columns.txt,3,initial_data,,,24464.300376569998,0.03417491783645276,3793.8551886256123,0.03417491783645276
1,1,39791.01818181818,4.174243927001953,10,10,0.000887601,[10],,,4702.838242635997,1,110,mutation_overlap,17538-dc177,chr7n.tar.gz,3,individuals_merge,,,24464.300376569998,0.03417491783645276,3793.8551886256123,0.03417491783645276
0,0,119787.875,0.9139089584350586,10,10,0.000374917,[10],,,2437.630084618885,1,8,mutation_overlap,17538-dc177,chr7-AMR.tar.gz,3,initial_data,,,1889.7511685213472,0.11076504576439951,3850.612038282593,0.11076504576439951
1,1,39791.01818181818,4.174243927001953,10,10,0.000887601,[10],,,4702.838242635997,1,110,mutation_overlap,17538-dc177,sifted.SIFT.chr7.txt,3,sifting,,,24464.300376569998,0.03417491783645276,3793.8551886256123,0.03417491783645276
0,0,84983.0,0.08104610443115234,300,300,4.8889e-05,[10],,,1657.7574593702539,1,1,individuals,31370-dc155,chr6n-1001-1201.tar.gz,1,,,,1885.5877652469076,0.07744236366421568,3825.820083924587,0.07744236366421568
1,1,8191.92760505042,2421.806722640991,300,300,19.791122714,[10],,,122.36833441125776,1,309994,individuals,31370-dc155,ALL.chr6.250000.vcf,1,initial_data,,,24820.168804074146,0.003921499315497109,3876.935129166358,0.003921499315497109
1,1,8191.92760505042,2421.806722640991,300,300,19.791122714,[10],,,122.36833441125776,1,309994,individuals,31370-dc155,columns.txt,1,initial_data,,,24820.168804074146,0.003921499315497109,3876.935129166358,0.003921499315497109
1,1,8191.930583199192,2421.8310403823853,300,300,19.746312924,[10],,,122.6472531709376,1,309997,individuals,39882-dc146,columns.txt,1,initial_data,,,24820.173363437512,0.00392150216681908,3876.9361930125574,0.00392150216681908
0,0,74261.0,0.07082080841064453,300,300,3.6419e-05,[10],,,1944.6115601923318,1,1,individuals,39882-dc146,chr4n-1201-1401.tar.gz,1,,,,1884.2963155701136,0.06717696844362746,3818.1934228456216,0.06717696844362746
1,1,8191.930583199192,2421.8310403823853,300,300,19.746312924,[10],,,122.6472531709376,1,309997,individuals,39882-dc146,ALL.chr4.250000.vcf,1,initial_data,,,24820.173363437512,0.00392150216681908,3876.9361930125574,0.00392150216681908
0,0,106475.0,0.10154247283935547,300,300,4.997e-05,[10],,,2032.0686980059131,1,1,individuals,15921-dc177,chr7n-5601-5801.tar.gz,1,,,,1888.176446132345,0.0980191099877451,3841.1075489412924,0.0980191099877451
1,1,8191.911930553494,2421.802088737488,300,300,19.759313579,[10],,,122.5650921047862,1,309994,individuals,15921-dc177,columns.txt,1,initial_data,,,24820.167889117023,0.003921484308510928,3876.934915698439,0.003921484308510928
1,1,8191.911930553494,2421.802088737488,300,300,19.759313579,[10],,,122.5650921047862,1,309994,individuals,15921-dc177,ALL.chr7.250000.vcf,1,initial_data,,,24820.167889117023,0.003921484308510928,3876.934915698439,0.003921484308510928
0,0,47794.0,0.04557991027832031,300,300,2.7299e-05,[10],,,1669.6549426103634,1,1,individuals,65416-dc148,chr5n-1-201.tar.gz,1,,,,1881.1084029982321,0.041837086397058826,3799.367192778753,0.041837086397058826
1,1,8191.929237568348,2421.8150177001953,300,300,19.578238446,[10],,,123.69933200987204,1,309995,individuals,65416-dc148,columns.txt,1,initial_data,,,24820.170361208417,0.00392150087849298,3876.9354924950358,0.00392150087849298
1,1,8191.929237568348,2421.8150177001953,300,300,19.578238446,[10],,,123.69933200987204,1,309995,individuals,65416-dc148,ALL.chr5.250000.vcf,1,initial_data,,,24820.170361208417,0.00392150087849298,3876.9354924950358,0.00392150087849298
1,1,32765.54525665478,1507.2620782852173,10,10,0.202901683,[10],,,7428.53413534878,1,48236,sifting,15950-dc026,ALL.chr1.phase3_shapeit2_mvncall_integrated_v5.20130502.sites.annotation.vcf,2,initial_data,,,24724.09624859156,0.027448630185982287,3854.4839586677153,0.027448630185982287
1,1,8191.911930553494,2421.802088737488,300,300,18.722214073,[10],,,129.35447053936096,1,309994,individuals,16040-dc177,columns.txt,1,initial_data,,,24820.167889117023,0.003921484308510928,3876.934915698439,0.003921484308510928
1,1,8191.911930553494,2421.802088737488,300,300,18.722214073,[10],,,129.35447053936096,1,309994,individuals,16040-dc177,ALL.chr7.250000.vcf,1,initial_data,,,24820.167889117023,0.003921484308510928,3876.934915698439,0.003921484308510928
0,0,94201.0,0.08983707427978516,300,300,4.997e-05,[10],,,1797.8201777023246,1,1,individuals,16040-dc177,chr7n-201-401.tar.gz,1,,,,1886.6980602590966,0.08626780790441177,3832.3769354285882,0.08626780790441177
0,0,3198.2787375415282,9.1808500289917,10,10,0.019489262,[10],,,471.07222577189935,1,3010,frequency,17851-dc026,chr1-EAS-freq.tar.gz,3,initial_data,,,1611.9031321902098,0.7077730265434662,2853.6696734312814,0.7077730265434662
1,1,1496.0711622125543,4.5913286209106445,10,10,0.011190254,[10],,,410.2970871716267,1,3218,frequency,17851-dc026,sifted.SIFT.chr1.txt,3,sifting,,,16515.490328465217,0.15366899811606585,2778.196165183086,0.15366899811606585
1,1,1496.0711622125543,4.5913286209106445,10,10,0.011190254,[10],,,410.2970871716267,1,3218,frequency,17851-dc026,chr1n.tar.gz,3,individuals_merge,,,16515.490328465217,0.15366899811606585,2778.196165183086,0.15366899811606585
1,0,1496.0711622125543,4.5913286209106445,10,10,0.011190254,[10],,,410.2970871716267,1,3218,frequency,17851-dc026,columns.txt,3,initial_data,,,16515.490328465217,0.15366899811606585,2778.196165183086,0.15366899811606585
1,0,1209.8152948801037,3.5605335235595703,10,10,0.009675043,[10],,,368.01216527508666,1,3086,frequency,30123-dc257,columns.txt,3,initial_data,,,16207.254432764541,0.06048674963545042,2765.5038197389936,0.06048674963545042
1,1,1209.8152948801037,3.5605335235595703,10,10,0.009675043,[10],,,368.01216527508666,1,3086,frequency,30123-dc257,sifted.SIFT.chr8.txt,3,sifting,,,16207.254432764541,0.06048674963545042,2765.5038197389936,0.06048674963545042
1,1,1209.8152948801037,3.5605335235595703,10,10,0.009675043,[10],,,368.01216527508666,1,3086,frequency,30123-dc257,chr8n.tar.gz,3,individuals_merge,,,16207.254432764541,0.06048674963545042,2765.5038197389936,0.06048674963545042
0,0,3521.413346613546,10.115143775939941,10,10,0.018407757,[10],,,549.5044168575205,1,3012,frequency,30123-dc257,chr8-EUR-freq.tar.gz,3,initial_data,,,1626.494972259371,0.8129600737674303,2867.9970499258707,0.8129600737674303
