operation,randomOffset,transferSize,aggregateFilesizeMB,numTasks,parallelism,totalTime,numNodesList,numNodes,tasksPerNode,trMiB,storageType,opCount,taskName,taskPID,fileName,stageOrder,prevTask,estimated_trMiB_ssd_p,estimated_trMiB_beegfs_p,estimated_trMiB_ssd_12p,estimated_ts_slope_ssd_12p,estimated_trMiB_beegfs_12p,estimated_ts_slope_beegfs_12p,estimated_trMiB_ssd_1p,estimated_ts_slope_ssd_1p,estimated_trMiB_beegfs_1p,estimated_ts_slope_beegfs_1p
0,1,776.3834196891191,0.2858009338378906,48,48,0.011130554,[4],4,12,25.67715262312106,1,386,run_gettracks,190069-dc001,tracknumbers_20160801.0000_20160802.2300.nc,2,run_tracksingle,,,2096.372977,0.7420660621761658,7219.234233609891,0.7420660621761658,,,,
0,1,776.3834196891191,0.2858009338378906,48,48,0.011130554,[4],4,12,25.67715262312106,1,386,run_gettracks,190069-dc001,track_20160801_011500.nc,2,run_tracksingle,,,2096.372977,0.7420660621761658,7219.234233609891,0.7420660621761658,,,,
1,1,563.8120332835502,5.040334701538086,48,48,1.772458597,[4],4,12,2.843696721643697,1,9374,run_gettracks,190069-dc001,track_20160802_091500.nc,2,run_tracksingle,,,42561.52428,0.5206375346703649,6813.945997416415,0.5206375346703649,,,,
1,1,563.8120332835502,5.040334701538086,48,48,1.772458597,[4],4,12,2.843696721643697,1,9374,run_gettracks,190069-dc001,track_20160802_041500.nc,2,run_tracksingle,,,42561.52428,0.5206375346703649,6813.945997416415,0.5206375346703649,,,,
1,1,563.8120332835502,5.040334701538086,48,48,1.772458597,[4],4,12,2.843696721643697,1,9374,run_gettracks,190069-dc001,cloudid_20160802_141500.nc,2,initial_data,,,42561.52428,0.5206375346703649,6813.945997416415,0.5206375346703649,,,,
1,1,563.8120332835502,5.040334701538086,48,48,1.772458597,[4],4,12,2.843696721643697,1,9374,run_gettracks,190069-dc001,cloudid_20160802_221500.nc,2,initial_data,,,42561.52428,0.5206375346703649,6813.945997416415,0.5206375346703649,,,,
1,1,563.8120332835502,5.040334701538086,48,48,1.772458597,[4],4,12,2.843696721643697,1,9374,run_gettracks,190069-dc001,track_20160801_211500.nc,2,run_tracksingle,,,42561.52428,0.5206375346703649,6813.945997416415,0.5206375346703649,,,,
1,1,563.8120332835502,5.040334701538086,48,48,1.772458597,[4],4,12,2.843696721643697,1,9374,run_gettracks,190069-dc001,cloudid_20160801_201500.nc,2,initial_data,,,42561.52428,0.5206375346703649,6813.945997416415,0.5206375346703649,,,,
1,1,563.8120332835502,5.040334701538086,48,48,1.772458597,[4],4,12,2.843696721643697,1,9374,run_gettracks,190069-dc001,track_20160801_171500.nc,2,run_tracksingle,,,42561.52428,0.5206375346703649,6813.945997416415,0.5206375346703649,,,,
1,1,563.8120332835502,5.040334701538086,48,48,1.772458597,[4],4,12,2.843696721643697,1,9374,run_gettracks,190069-dc001,track_20160801_191500.nc,2,run_tracksingle,,,42561.52428,0.5206375346703649,6813.945997416415,0.5206375346703649,,,,
1,1,563.8120332835502,5.040334701538086,48,48,1.772458597,[4],4,12,2.843696721643697,1,9374,run_gettracks,190069-dc001,track_20160802_111500.nc,2,run_tracksingle,,,42561.52428,0.5206375346703649,6813.945997416415,0.5206375346703649,,,,
1,1,563.8120332835502,5.040334701538086,48,48,1.772458597,[4],4,12,2.843696721643697,1,9374,run_gettracks,190069-dc001,cloudid_20160801_041500.nc,2,initial_data,,,42561.52428,0.5206375346703649,6813.945997416415,0.5206375346703649,,,,
1,1,563.8120332835502,5.040334701538086,48,48,1.772458597,[4],4,12,2.843696721643697,1,9374,run_gettracks,190069-dc001,track_20160802_161500.nc,2,run_tracksingle,,,42561.52428,0.5206375346703649,6813.945997416415,0.5206375346703649,,,,
1,1,563.8120332835502,5.040334701538086,48,48,1.772458597,[4],4,12,2.843696721643697,1,9374,run_gettracks,190069-dc001,cloudid_20160802_091500.nc,2,initial_data,,,42561.52428,0.5206375346703649,6813.945997416415,0.5206375346703649,,,,
1,1,563.8120332835502,5.040334701538086,48,48,1.772458597,[4],4,12,2.843696721643697,1,9374,run_gettracks,190069-dc001,track_20160802_211500.nc,2,run_tracksingle,,,42561.52428,0.5206375346703649,6813.945997416415,0.5206375346703649,,,,
1,1,563.8120332835502,5.040334701538086,48,48,1.772458597,[4],4,12,2.843696721643697,1,9374,run_gettracks,190069-dc001,cloudid_20160802_191500.nc,2,initial_data,,,42561.52428,0.5206375346703649,6813.945997416415,0.5206375346703649,,,,
1,1,563.8120332835502,5.040334701538086,48,48,1.772458597,[4],4,12,2.843696721643697,1,9374,run_gettracks,190069-dc001,track_20160801_131500.nc,2,run_tracksingle,,,42561.52428,0.5206375346703649,6813.945997416415,0.5206375346703649,,,,
1,1,563.8120332835502,5.040334701538086,48,48,1.772458597,[4],4,12,2.843696721643697,1,9374,run_gettracks,190069-dc001,track_20160801_011500.nc,2,run_tracksingle,,,42561.52428,0.5206375346703649,6813.945997416415,0.5206375346703649,,,,
1,1,563.8120332835502,5.040334701538086,48,48,1.772458597,[4],4,12,2.843696721643697,1,9374,run_gettracks,190069-dc001,cloudid_20160802_031500.nc,2,initial_data,,,42561.52428,0.5206375346703649,6813.945997416415,0.5206375346703649,,,,
1,1,563.8120332835502,5.040334701538086,48,48,1.772458597,[4],4,12,2.843696721643697,1,9374,run_gettracks,190069-dc001,cloudid_20160801_121500.nc,2,initial_data,,,42561.52428,0.5206375346703649,6813.945997416415,0.5206375346703649,,,,
1,1,563.8120332835502,5.040334701538086,48,48,1.772458597,[4],4,12,2.843696721643697,1,9374,run_gettracks,190069-dc001,track_20160802_181500.nc,2,run_tracksingle,,,42561.52428,0.5206375346703649,6813.945997416415,0.5206375346703649,,,,
1,1,563.8120332835502,5.040334701538086,48,48,1.772458597,[4],4,12,2.843696721643697,1,9374,run_gettracks,190069-dc001,track_20160802_151500.nc,2,run_tracksingle,,,42561.52428,0.5206375346703649,6813.945997416415,0.5206375346703649,,,,
1,1,563.8120332835502,5.040334701538086,48,48,1.772458597,[4],4,12,2.843696721643697,1,9374,run_gettracks,190069-dc001,cloudid_20160802_181500.nc,2,initial_data,,,42561.52428,0.5206375346703649,6813.945997416415,0.5206375346703649,,,,
1,1,563.8120332835502,5.040334701538086,48,48,1.772458597,[4],4,12,2.843696721643697,1,9374,run_gettracks,190069-dc001,track_20160802_021500.nc,2,run_tracksingle,,,42561.52428,0.5206375346703649,6813.945997416415,0.5206375346703649,,,,
1,1,563.8120332835502,5.040334701538086,48,48,1.772458597,[4],4,12,2.843696721643697,1,9374,run_gettracks,190069-dc001,cloudid_20160801_091500.nc,2,initial_data,,,42561.52428,0.5206375346703649,6813.945997416415,0.5206375346703649,,,,
1,1,563.8120332835502,5.040334701538086,48,48,1.772458597,[4],4,12,2.843696721643697,1,9374,run_gettracks,190069-dc001,cloudid_20160801_021500.nc,2,initial_data,,,42561.52428,0.5206375346703649,6813.945997416415,0.5206375346703649,,,,
1,1,563.8120332835502,5.040334701538086,48,48,1.772458597,[4],4,12,2.843696721643697,1,9374,run_gettracks,190069-dc001,cloudid_20160802_131500.nc,2,initial_data,,,42561.52428,0.5206375346703649,6813.945997416415,0.5206375346703649,,,,
1,1,563.8120332835502,5.040334701538086,48,48,1.772458597,[4],4,12,2.843696721643697,1,9374,run_gettracks,190069-dc001,track_20160801_061500.nc,2,run_tracksingle,,,42561.52428,0.5206375346703649,6813.945997416415,0.5206375346703649,,,,
1,1,563.8120332835502,5.040334701538086,48,48,1.772458597,[4],4,12,2.843696721643697,1,9374,run_gettracks,190069-dc001,cloudid_20160801_071500.nc,2,initial_data,,,42561.52428,0.5206375346703649,6813.945997416415,0.5206375346703649,,,,
1,1,563.8120332835502,5.040334701538086,48,48,1.772458597,[4],4,12,2.843696721643697,1,9374,run_gettracks,190069-dc001,cloudid_20160801_081500.nc,2,initial_data,,,42561.52428,0.5206375346703649,6813.945997416415,0.5206375346703649,,,,
1,1,563.8120332835502,5.040334701538086,48,48,1.772458597,[4],4,12,2.843696721643697,1,9374,run_gettracks,190069-dc001,track_20160801_201500.nc,2,run_tracksingle,,,42561.52428,0.5206375346703649,6813.945997416415,0.5206375346703649,,,,
1,1,563.8120332835502,5.040334701538086,48,48,1.772458597,[4],4,12,2.843696721643697,1,9374,run_gettracks,190069-dc001,track_20160802_001500.nc,2,run_tracksingle,,,42561.52428,0.5206375346703649,6813.945997416415,0.5206375346703649,,,,
1,1,563.8120332835502,5.040334701538086,48,48,1.772458597,[4],4,12,2.843696721643697,1,9374,run_gettracks,190069-dc001,cloudid_20160802_151500.nc,2,initial_data,,,42561.52428,0.5206375346703649,6813.945997416415,0.5206375346703649,,,,
1,1,563.8120332835502,5.040334701538086,48,48,1.772458597,[4],4,12,2.843696721643697,1,9374,run_gettracks,190069-dc001,track_20160801_051500.nc,2,run_tracksingle,,,42561.52428,0.5206375346703649,6813.945997416415,0.5206375346703649,,,,
1,1,563.8120332835502,5.040334701538086,48,48,1.772458597,[4],4,12,2.843696721643697,1,9374,run_gettracks,190069-dc001,track_20160801_141500.nc,2,run_tracksingle,,,42561.52428,0.5206375346703649,6813.945997416415,0.5206375346703649,,,,
1,1,563.8120332835502,5.040334701538086,48,48,1.772458597,[4],4,12,2.843696721643697,1,9374,run_gettracks,190069-dc001,cloudid_20160802_051500.nc,2,initial_data,,,42561.52428,0.5206375346703649,6813.945997416415,0.5206375346703649,,,,
1,1,563.8120332835502,5.040334701538086,48,48,1.772458597,[4],4,12,2.843696721643697,1,9374,run_gettracks,190069-dc001,track_20160802_011500.nc,2,run_tracksingle,,,42561.52428,0.5206375346703649,6813.945997416415,0.5206375346703649,,,,
1,1,563.8120332835502,5.040334701538086,48,48,1.772458597,[4],4,12,2.843696721643697,1,9374,run_gettracks,190069-dc001,cloudid_20160802_111500.nc,2,initial_data,,,42561.52428,0.5206375346703649,6813.945997416415,0.5206375346703649,,,,
1,1,563.8120332835502,5.040334701538086,48,48,1.772458597,[4],4,12,2.843696721643697,1,9374,run_gettracks,190069-dc001,track_20160802_121500.nc,2,run_tracksingle,,,42561.52428,0.5206375346703649,6813.945997416415,0.5206375346703649,,,,
1,1,563.8120332835502,5.040334701538086,48,48,1.772458597,[4],4,12,2.843696721643697,1,9374,run_gettracks,190069-dc001,track_20160801_231500.nc,2,run_tracksingle,,,42561.52428,0.5206375346703649,6813.945997416415,0.5206375346703649,,,,
1,1,563.8120332835502,5.040334701538086,48,48,1.772458597,[4],4,12,2.843696721643697,1,9374,run_gettracks,190069-dc001,cloudid_20160801_151500.nc,2,initial_data,,,42561.52428,0.5206375346703649,6813.945997416415,0.5206375346703649,,,,
1,1,563.8120332835502,5.040334701538086,48,48,1.772458597,[4],4,12,2.843696721643697,1,9374,run_gettracks,190069-dc001,track_20160801_161500.nc,2,run_tracksingle,,,42561.52428,0.5206375346703649,6813.945997416415,0.5206375346703649,,,,
1,1,563.8120332835502,5.040334701538086,48,48,1.772458597,[4],4,12,2.843696721643697,1,9374,run_gettracks,190069-dc001,track_20160802_201500.nc,2,run_tracksingle,,,42561.52428,0.5206375346703649,6813.945997416415,0.5206375346703649,,,,
1,1,563.8120332835502,5.040334701538086,48,48,1.772458597,[4],4,12,2.843696721643697,1,9374,run_gettracks,190069-dc001,cloudid_20160801_171500.nc,2,initial_data,,,42561.52428,0.5206375346703649,6813.945997416415,0.5206375346703649,,,,
1,1,563.8120332835502,5.040334701538086,48,48,1.772458597,[4],4,12,2.843696721643697,1,9374,run_gettracks,190069-dc001,cloudid_20160802_211500.nc,2,initial_data,,,42561.52428,0.5206375346703649,6813.945997416415,0.5206375346703649,,,,
1,1,563.8120332835502,5.040334701538086,48,48,1.772458597,[4],4,12,2.843696721643697,1,9374,run_gettracks,190069-dc001,cloudid_20160802_171500.nc,2,initial_data,,,42561.52428,0.5206375346703649,6813.945997416415,0.5206375346703649,,,,
1,1,563.8120332835502,5.040334701538086,48,48,1.772458597,[4],4,12,2.843696721643697,1,9374,run_gettracks,190069-dc001,track_20160801_181500.nc,2,run_tracksingle,,,42561.52428,0.5206375346703649,6813.945997416415,0.5206375346703649,,,,
1,1,563.8120332835502,5.040334701538086,48,48,1.772458597,[4],4,12,2.843696721643697,1,9374,run_gettracks,190069-dc001,track_20160801_221500.nc,2,run_tracksingle,,,42561.52428,0.5206375346703649,6813.945997416415,0.5206375346703649,,,,
1,1,563.8120332835502,5.040334701538086,48,48,1.772458597,[4],4,12,2.843696721643697,1,9374,run_gettracks,190069-dc001,track_20160801_101500.nc,2,run_tracksingle,,,42561.52428,0.5206375346703649,6813.945997416415,0.5206375346703649,,,,
1,1,563.8120332835502,5.040334701538086,48,48,1.772458597,[4],4,12,2.843696721643697,1,9374,run_gettracks,190069-dc001,cloudid_20160801_141500.nc,2,initial_data,,,42561.52428,0.5206375346703649,6813.945997416415,0.5206375346703649,,,,
1,1,563.8120332835502,5.040334701538086,48,48,1.772458597,[4],4,12,2.843696721643697,1,9374,run_gettracks,190069-dc001,track_20160801_081500.nc,2,run_tracksingle,,,42561.52428,0.5206375346703649,6813.945997416415,0.5206375346703649,,,,
1,1,563.8120332835502,5.040334701538086,48,48,1.772458597,[4],4,12,2.843696721643697,1,9374,run_gettracks,190069-dc001,cloudid_20160802_041500.nc,2,initial_data,,,42561.52428,0.5206375346703649,6813.945997416415,0.5206375346703649,,,,
1,1,563.8120332835502,5.040334701538086,48,48,1.772458597,[4],4,12,2.843696721643697,1,9374,run_gettracks,190069-dc001,cloudid_20160801_131500.nc,2,initial_data,,,42561.52428,0.5206375346703649,6813.945997416415,0.5206375346703649,,,,
1,1,563.8120332835502,5.040334701538086,48,48,1.772458597,[4],4,12,2.843696721643697,1,9374,run_gettracks,190069-dc001,cloudid_20160802_071500.nc,2,initial_data,,,42561.52428,0.5206375346703649,6813.945997416415,0.5206375346703649,,,,
1,1,563.8120332835502,5.040334701538086,48,48,1.772458597,[4],4,12,2.843696721643697,1,9374,run_gettracks,190069-dc001,cloudid_20160802_001500.nc,2,initial_data,,,42561.52428,0.5206375346703649,6813.945997416415,0.5206375346703649,,,,
1,1,563.8120332835502,5.040334701538086,48,48,1.772458597,[4],4,12,2.843696721643697,1,9374,run_gettracks,190069-dc001,cloudid_20160801_161500.nc,2,initial_data,,,42561.52428,0.5206375346703649,6813.945997416415,0.5206375346703649,,,,
1,1,563.8120332835502,5.040334701538086,48,48,1.772458597,[4],4,12,2.843696721643697,1,9374,run_gettracks,190069-dc001,cloudid_20160801_191500.nc,2,initial_data,,,42561.52428,0.5206375346703649,6813.945997416415,0.5206375346703649,,,,
1,1,563.8120332835502,5.040334701538086,48,48,1.772458597,[4],4,12,2.843696721643697,1,9374,run_gettracks,190069-dc001,track_20160802_171500.nc,2,run_tracksingle,,,42561.52428,0.5206375346703649,6813.945997416415,0.5206375346703649,,,,
1,1,563.8120332835502,5.040334701538086,48,48,1.772458597,[4],4,12,2.843696721643697,1,9374,run_gettracks,190069-dc001,cloudid_20160801_181500.nc,2,initial_data,,,42561.52428,0.5206375346703649,6813.945997416415,0.5206375346703649,,,,
1,1,563.8120332835502,5.040334701538086,48,48,1.772458597,[4],4,12,2.843696721643697,1,9374,run_gettracks,190069-dc001,cloudid_20160801_221500.nc,2,initial_data,,,42561.52428,0.5206375346703649,6813.945997416415,0.5206375346703649,,,,
1,1,563.8120332835502,5.040334701538086,48,48,1.772458597,[4],4,12,2.843696721643697,1,9374,run_gettracks,190069-dc001,track_20160801_111500.nc,2,run_tracksingle,,,42561.52428,0.5206375346703649,6813.945997416415,0.5206375346703649,,,,
1,1,563.8120332835502,5.040334701538086,48,48,1.772458597,[4],4,12,2.843696721643697,1,9374,run_gettracks,190069-dc001,track_20160802_061500.nc,2,run_tracksingle,,,42561.52428,0.5206375346703649,6813.945997416415,0.5206375346703649,,,,
1,1,563.8120332835502,5.040334701538086,48,48,1.772458597,[4],4,12,2.843696721643697,1,9374,run_gettracks,190069-dc001,cloudid_20160802_201500.nc,2,initial_data,,,42561.52428,0.5206375346703649,6813.945997416415,0.5206375346703649,,,,
1,1,563.8120332835502,5.040334701538086,48,48,1.772458597,[4],4,12,2.843696721643697,1,9374,run_gettracks,190069-dc001,cloudid_20160801_011500.nc,2,initial_data,,,42561.52428,0.5206375346703649,6813.945997416415,0.5206375346703649,,,,
1,1,563.8120332835502,5.040334701538086,48,48,1.772458597,[4],4,12,2.843696721643697,1,9374,run_gettracks,190069-dc001,cloudid_20160801_231500.nc,2,initial_data,,,42561.52428,0.5206375346703649,6813.945997416415,0.5206375346703649,,,,
1,1,563.8120332835502,5.040334701538086,48,48,1.772458597,[4],4,12,2.843696721643697,1,9374,run_gettracks,190069-dc001,track_20160801_091500.nc,2,run_tracksingle,,,42561.52428,0.5206375346703649,6813.945997416415,0.5206375346703649,,,,
1,1,563.8120332835502,5.040334701538086,48,48,1.772458597,[4],4,12,2.843696721643697,1,9374,run_gettracks,190069-dc001,track_20160802_191500.nc,2,run_tracksingle,,,42561.52428,0.5206375346703649,6813.945997416415,0.5206375346703649,,,,
1,1,563.8120332835502,5.040334701538086,48,48,1.772458597,[4],4,12,2.843696721643697,1,9374,run_gettracks,190069-dc001,cloudid_20160802_121500.nc,2,initial_data,,,42561.52428,0.5206375346703649,6813.945997416415,0.5206375346703649,,,,
1,1,563.8120332835502,5.040334701538086,48,48,1.772458597,[4],4,12,2.843696721643697,1,9374,run_gettracks,190069-dc001,cloudid_20160802_021500.nc,2,initial_data,,,42561.52428,0.5206375346703649,6813.945997416415,0.5206375346703649,,,,
1,1,563.8120332835502,5.040334701538086,48,48,1.772458597,[4],4,12,2.843696721643697,1,9374,run_gettracks,190069-dc001,cloudid_20160801_003000.nc,2,initial_data,,,42561.52428,0.5206375346703649,6813.945997416415,0.5206375346703649,,,,
1,1,563.8120332835502,5.040334701538086,48,48,1.772458597,[4],4,12,2.843696721643697,1,9374,run_gettracks,190069-dc001,cloudid_20160802_011500.nc,2,initial_data,,,42561.52428,0.5206375346703649,6813.945997416415,0.5206375346703649,,,,
1,1,563.8120332835502,5.040334701538086,48,48,1.772458597,[4],4,12,2.843696721643697,1,9374,run_gettracks,190069-dc001,track_20160801_071500.nc,2,run_tracksingle,,,42561.52428,0.5206375346703649,6813.945997416415,0.5206375346703649,,,,
1,1,563.8120332835502,5.040334701538086,48,48,1.772458597,[4],4,12,2.843696721643697,1,9374,run_gettracks,190069-dc001,track_20160801_021500.nc,2,run_tracksingle,,,42561.52428,0.5206375346703649,6813.945997416415,0.5206375346703649,,,,
1,1,563.8120332835502,5.040334701538086,48,48,1.772458597,[4],4,12,2.843696721643697,1,9374,run_gettracks,190069-dc001,track_20160801_041500.nc,2,run_tracksingle,,,42561.52428,0.5206375346703649,6813.945997416415,0.5206375346703649,,,,
1,1,563.8120332835502,5.040334701538086,48,48,1.772458597,[4],4,12,2.843696721643697,1,9374,run_gettracks,190069-dc001,track_20160801_151500.nc,2,run_tracksingle,,,42561.52428,0.5206375346703649,6813.945997416415,0.5206375346703649,,,,
1,1,563.8120332835502,5.040334701538086,48,48,1.772458597,[4],4,12,2.843696721643697,1,9374,run_gettracks,190069-dc001,cloudid_20160801_031500.nc,2,initial_data,,,42561.52428,0.5206375346703649,6813.945997416415,0.5206375346703649,,,,
1,1,563.8120332835502,5.040334701538086,48,48,1.772458597,[4],4,12,2.843696721643697,1,9374,run_gettracks,190069-dc001,track_20160802_141500.nc,2,run_tracksingle,,,42561.52428,0.5206375346703649,6813.945997416415,0.5206375346703649,,,,
1,1,563.8120332835502,5.040334701538086,48,48,1.772458597,[4],4,12,2.843696721643697,1,9374,run_gettracks,190069-dc001,cloudid_20160802_081500.nc,2,initial_data,,,42561.52428,0.5206375346703649,6813.945997416415,0.5206375346703649,,,,
1,1,563.8120332835502,5.040334701538086,48,48,1.772458597,[4],4,12,2.843696721643697,1,9374,run_gettracks,190069-dc001,track_20160802_071500.nc,2,run_tracksingle,,,42561.52428,0.5206375346703649,6813.945997416415,0.5206375346703649,,,,
1,1,563.8120332835502,5.040334701538086,48,48,1.772458597,[4],4,12,2.843696721643697,1,9374,run_gettracks,190069-dc001,cloudid_20160801_111500.nc,2,initial_data,,,42561.52428,0.5206375346703649,6813.945997416415,0.5206375346703649,,,,
1,1,563.8120332835502,5.040334701538086,48,48,1.772458597,[4],4,12,2.843696721643697,1,9374,run_gettracks,190069-dc001,track_20160802_081500.nc,2,run_tracksingle,,,42561.52428,0.5206375346703649,6813.945997416415,0.5206375346703649,,,,
1,1,563.8120332835502,5.040334701538086,48,48,1.772458597,[4],4,12,2.843696721643697,1,9374,run_gettracks,190069-dc001,track_20160801_031500.nc,2,run_tracksingle,,,42561.52428,0.5206375346703649,6813.945997416415,0.5206375346703649,,,,
1,1,563.8120332835502,5.040334701538086,48,48,1.772458597,[4],4,12,2.843696721643697,1,9374,run_gettracks,190069-dc001,track_20160802_131500.nc,2,run_tracksingle,,,42561.52428,0.5206375346703649,6813.945997416415,0.5206375346703649,,,,
1,1,563.8120332835502,5.040334701538086,48,48,1.772458597,[4],4,12,2.843696721643697,1,9374,run_gettracks,190069-dc001,cloudid_20160801_051500.nc,2,initial_data,,,42561.52428,0.5206375346703649,6813.945997416415,0.5206375346703649,,,,
1,1,563.8120332835502,5.040334701538086,48,48,1.772458597,[4],4,12,2.843696721643697,1,9374,run_gettracks,190069-dc001,cloudid_20160801_061500.nc,2,initial_data,,,42561.52428,0.5206375346703649,6813.945997416415,0.5206375346703649,,,,
1,1,563.8120332835502,5.040334701538086,48,48,1.772458597,[4],4,12,2.843696721643697,1,9374,run_gettracks,190069-dc001,cloudid_20160802_061500.nc,2,initial_data,,,42561.52428,0.5206375346703649,6813.945997416415,0.5206375346703649,,,,
1,1,563.8120332835502,5.040334701538086,48,48,1.772458597,[4],4,12,2.843696721643697,1,9374,run_gettracks,190069-dc001,track_20160801_121500.nc,2,run_tracksingle,,,42561.52428,0.5206375346703649,6813.945997416415,0.5206375346703649,,,,
1,1,563.8120332835502,5.040334701538086,48,48,1.772458597,[4],4,12,2.843696721643697,1,9374,run_gettracks,190069-dc001,track_20160802_051500.nc,2,run_tracksingle,,,42561.52428,0.5206375346703649,6813.945997416415,0.5206375346703649,,,,
1,1,563.8120332835502,5.040334701538086,48,48,1.772458597,[4],4,12,2.843696721643697,1,9374,run_gettracks,190069-dc001,cloudid_20160802_161500.nc,2,initial_data,,,42561.52428,0.5206375346703649,6813.945997416415,0.5206375346703649,,,,
1,1,563.8120332835502,5.040334701538086,48,48,1.772458597,[4],4,12,2.843696721643697,1,9374,run_gettracks,190069-dc001,track_20160802_101500.nc,2,run_tracksingle,,,42561.52428,0.5206375346703649,6813.945997416415,0.5206375346703649,,,,
1,1,563.8120332835502,5.040334701538086,48,48,1.772458597,[4],4,12,2.843696721643697,1,9374,run_gettracks,190069-dc001,track_20160802_031500.nc,2,run_tracksingle,,,42561.52428,0.5206375346703649,6813.945997416415,0.5206375346703649,,,,
1,1,563.8120332835502,5.040334701538086,48,48,1.772458597,[4],4,12,2.843696721643697,1,9374,run_gettracks,190069-dc001,cloudid_20160802_101500.nc,2,initial_data,,,42561.52428,0.5206375346703649,6813.945997416415,0.5206375346703649,,,,
1,1,563.8120332835502,5.040334701538086,48,48,1.772458597,[4],4,12,2.843696721643697,1,9374,run_gettracks,190069-dc001,cloudid_20160801_101500.nc,2,initial_data,,,42561.52428,0.5206375346703649,6813.945997416415,0.5206375346703649,,,,
1,1,563.8120332835502,5.040334701538086,48,48,1.772458597,[4],4,12,2.843696721643697,1,9374,run_gettracks,190069-dc001,track_20160802_221500.nc,2,run_tracksingle,,,42561.52428,0.5206375346703649,6813.945997416415,0.5206375346703649,,,,
1,1,563.8120332835502,5.040334701538086,48,48,1.772458597,[4],4,12,2.843696721643697,1,9374,run_gettracks,190069-dc001,cloudid_20160801_211500.nc,2,initial_data,,,42561.52428,0.5206375346703649,6813.945997416415,0.5206375346703649,,,,
0,1,150.79141935483872,2.2289915084838867,1,1,0.156316556,[4],1,1,14.259471712541355,1,15500,run_identifymcs,194282-dc001,mcs_tracks_20160801.0000_20160802.2300.nc,4,,,,,,,,524.4931455730951,0.090407728,756.6275491621433,0.090407728
1,1,2679.548512,1.975337028503418,1,1,0.054553822,[4],1,1,36.20895761443475,1,773,run_identifymcs,194282-dc001,trackstats_sparse_20160801.0000_20160802.2300.nc,4,trackstats,,,,,,,9406.212877770158,0.5389155313443293,1579.5376710458545,0.5389155313443293
0,1,5247.358544484664,26.26741886138916,48,48,0.125584164,[4],4,12,209.16187220380078,1,5249,run_idfeature,185762-dc001,cloudid_20160801_111500.nc,0,,,,4046.210638780827,0.001102327,11752.969195791244,0.001102327,,,,
0,1,5452.922270908744,27.29643726348877,48,48,0.08998683,[4],4,12,303.33813585264386,1,5249,run_idfeature,187189-dc003,cloudid_20160802_191500.nc,0,,,,4046.1418422694155,0.001299137,11753.359604039122,0.001299137,,,,
0,1,5375.016003048199,26.90645122528076,48,48,0.120419661,[4],4,12,223.43902151726505,1,5249,run_idfeature,101192-dc002,cloudid_20160801_231500.nc,0,,,,4046.1679153492287,0.001224548,11753.21164384175,0.001224548,,,,
0,1,5454.978662602401,27.30673122406006,48,48,0.110726295,[4],4,12,246.61469277970565,1,5249,run_idfeature,166668-dc004,cloudid_20160802_181500.nc,0,,,,4046.1411540518143,0.001301105,11753.363509554418,0.001301105,,,,
0,1,5454.702800533435,27.305350303649902,48,48,0.099401719,[4],4,12,274.6969628,1,5249,run_idfeature,166672-dc004,cloudid_20160802_151500.nc,0,,,,4046.1412463752426,0.001300841,11753.362985635005,0.001300841,,,,
0,1,5044.712326157363,25.253005027770996,48,48,0.109808438,[4],4,12,229.97326514899518,1,5249,run_idfeature,101198-dc002,cloudid_20160801_081500.nc,0,,,,4046.2784588827203,0.000908311,11752.584328497716,0.000908311,,,,
0,1,5441.714993332063,27.24033546447754,48,48,0.097976748,[4],4,12,278.0285733149414,1,5249,run_idfeature,101188-dc002,cloudid_20160802_061500.nc,0,,,,4046.1455930362117,0.001288407,11753.33832,0.001288407,,,,
0,1,5381.0110497237565,26.936461448669434,48,48,0.111813867,[4],4,12,240.90447966234308,1,5249,run_idfeature,185761-dc001,cloudid_20160801_161500.nc,0,,,,4046.1659089724026,0.001230288,11753.223029681603,0.001230288,,,,
0,1,4328.431891788912,21.66742229,48,48,0.115591674,[4],4,12,187.4479497080101,1,5249,run_idfeature,185767-dc001,cloudid_20160801_041500.nc,0,,,,4046.518178194752,0.000222534,11751.223963056622,0.000222534,,,,
0,1,5336.459516098304,26.713443756103516,48,48,0.129045458,[4],4,12,207.00801229364862,1,5249,run_idfeature,185763-dc001,cloudid_20160801_141500.nc,0,,,,4046.180819142328,0.001187634,11753.138417058133,0.001187634,,,,
0,1,5410.663555,27.08489704,48,48,0.115697909,[4],4,12,234.10014299671397,1,5249,run_idfeature,101189-dc002,cloudid_20160802_041500.nc,0,,,,4046.1559850964804,0.001258678,11753.279345953042,0.001258678,,,,
0,1,5446.673080586778,27.26515483856201,48,48,0.105255663,[4],4,12,259.0374148188303,1,5249,run_idfeature,187191-dc003,cloudid_20160802_231500.nc,0,,,,4046.143933701113,0.001293154,11753.347735527654,0.001293154,,,,
0,1,5437.385216231663,27.218661308288574,48,48,0.108909369,[4],4,12,249.92029205759675,1,5249,run_idfeature,185766-dc001,cloudid_20160802_121500.nc,0,,,,4046.1470420932264,0.001284261,11753.330095942536,0.001284261,,,,
0,1,3996.1076395503906,20.00386142730713,48,48,0.084037732,[4],4,12,238.03428473423256,1,5249,run_idfeature,101197-dc002,cloudid_20160801_031500.nc,0,,,,3578.1113875132405,0.9674829555828094,10488.146286134452,0.9674829555828094,,,,
0,1,4770.616117355687,23.880924224853516,48,48,0.091384085,[4],4,12,261.3247615802414,1,5249,run_idfeature,166669-dc004,cloudid_20160801_061500.nc,0,,,,4046.3701913264003,0.000645887,11752.06376281967,0.000645887,,,,
0,1,5330.582777671938,26.684025764465332,48,48,0.133533085,[4],4,12,199.83081918960633,1,5249,run_idfeature,185765-dc001,cloudid_20160801_151500.nc,0,,,,4046.182785924646,0.001182007,11753.12725591024,0.001182007,,,,
0,1,5375.184797104211,26.907296180725098,48,48,0.117903872,[4],4,12,228.21384679143614,1,5249,run_idfeature,187188-dc003,cloudid_20160801_211500.nc,0,,,,4046.1678588585123,0.00122471,11753.211964416752,0.00122471,,,,
0,1,5454.719756144027,27.305435180664062,48,48,0.110269026,[4],4,12,247.6256132040566,1,5249,run_idfeature,187183-dc003,cloudid_20160802_221500.nc,0,,,,4046.141240700667,0.001300858,11753.363017837233,0.001300858,,,,
0,1,5360.520480091446,26.83388900756836,48,48,0.109136999,[4],4,12,245.8734366295738,1,5249,run_idfeature,187186-dc003,cloudid_20160801_221500.nc,0,,,,4046.172766601091,0.00121067,11753.18411383041,0.00121067,,,,
0,1,5437.864545627739,27.221060752868652,48,48,0.106131086,[4],4,12,256.4852747560564,1,5249,run_idfeature,101191-dc002,cloudid_20160802_111500.nc,0,,,,4046.1468816748934,0.00128472,11753.33101,0.00128472,,,,
0,1,5443.649457039436,27.250019073486328,48,48,0.086513519,[4],4,12,314.9798943386678,1,5249,run_idfeature,185759-dc001,cloudid_20160802_131500.nc,0,,,,4046.1449456245464,0.001290259,11753.341993038004,0.001290259,,,,
0,1,4276.380358163459,42.813721656799316,48,48,0.200276521,[4],4,12,213.77304460366233,1,10498,run_idfeature,101190-dc002,cloudid_20160801_011500.nc,0,,,,4044.735049951879,0.000172699,11756.931879462134,0.000172699,,,,
0,1,4276.380358163459,42.813721656799316,48,48,0.200276521,[4],4,12,213.77304460366233,1,10498,run_idfeature,101190-dc002,cloudid_20160801_131500.nc,0,,,,4044.735049951879,0.000172699,11756.931879462134,0.000172699,,,,
0,1,5425.9679939036005,27.161508560180664,48,48,0.10742284,[4],4,12,252.8466810240789,1,5249,run_idfeature,166671-dc004,cloudid_20160802_051500.nc,0,,,,4046.1508631227425,0.00127333,11753.30841226399,0.00127333,,,,
0,1,5401.479329396076,27.03892230987549,48,48,0.127904853,[4],4,12,211.39872081222347,1,5249,run_idfeature,185758-dc001,cloudid_20160802_021500.nc,0,,,,4046.1590588035497,0.001249884,11753.26190319953,0.001249884,,,,
0,1,5429.289959992379,27.17813777923584,48,48,0.09039926,[4],4,12,300.6455780637567,1,5249,run_idfeature,101195-dc002,cloudid_20160801_201500.nc,0,,,,4046.149751352287,0.001276511,11753.314721368142,0.001276511,,,,
0,1,5631.422747189941,28.18998146057129,48,48,0.117910133,[4],4,12,239.08022782546848,1,5249,run_idfeature,187190-dc003,cloudid_20160801_191500.nc,0,,,,4046.082103081635,0.001470036,11753.698613549226,0.001470036,,,,
0,1,1300.3900709219859,0.17486095428466797,48,48,0.043308345,[4],4,12,4.037581077842342,1,141,run_idfeature,189218-dc003,track_20160801_161500.nc,1,,,,3398.8447547617316,0.089970726,10165.680837904629,0.089970726,,,,
0,1,4189.704229377025,41.94594860076904,48,48,0.235732503,[4],4,12,177.93875713765718,1,10498,run_idfeature,185764-dc001,cloudid_20160801_003000.nc,0,,,,4044.8005526107186,8.971376127549078e-05,11756.649568469813,8.971376127549078e-05,,,,
0,1,3167.3946140797284,28.49089241027832,48,48,0.166721059,[4],4,12,170.88958396238544,1,9432,run_idfeature,179713-dc004,mcstrack_20160802_211500.nc,7,trackstats,,,3521.839893528656,0.6977196009374116,10393.255506267511,0.6977196009374116,,,,
0,1,3104.617260390161,27.926206588745117,48,48,0.1589999,[4],4,12,175.63662988935917,1,9432,run_idfeature,199714-dc001,mcstrack_20160801_231500.nc,7,trackstats,,,3517.673364350035,0.6772842644499222,10385.716063683663,0.6772842644499222,,,,
0,1,1260.9290780141844,0.1695547103881836,48,48,0.013048865,[4],4,12,12.993828228599469,1,141,run_idfeature,168701-dc004,track_20160801_061500.nc,1,,,,3396.1978787188823,0.077125351,10161.043331932748,0.077125351,,,,
0,1,5146.973899790436,25.764909744262695,48,48,0.103664761,[4],4,12,248.54067569077498,1,5249,run_idfeature,187182-dc003,cloudid_20160802_001500.nc,0,,,,4046.244234753591,0.001006217,11752.778544483592,0.001006217,,,,
1,1,6632.008785332315,33.11652946472168,48,48,0.15322372,[4],4,12,216.13187217176085,1,5236,run_idfeature,185762-dc001,pr_rlut_mean_sam_2016080111.nc,0,initial_data,,,124402.99512919829,0.002428011,11755.576631066184,0.002428011,,,,
1,1,6632.008785332315,33.11652946472168,48,48,0.180106168,[4],4,12,183.87226729915034,1,5236,run_idfeature,187189-dc003,pr_rlut_mean_sam_2016080219.nc,0,initial_data,,,124402.99512919829,0.002428011,11755.576631066184,0.002428011,,,,
1,1,6632.008785332315,33.11652946472168,48,48,0.18236907,[4],4,12,181.59071307827406,1,5236,run_idfeature,101192-dc002,pr_rlut_mean_sam_2016080123.nc,0,initial_data,,,124402.99512919829,0.002428011,11755.576631066184,0.002428011,,,,
1,1,6632.008785332315,33.11652946472168,48,48,0.188947382,[4],4,12,175.26852774663837,1,5236,run_idfeature,166668-dc004,pr_rlut_mean_sam_2016080218.nc,0,initial_data,,,124402.99512919829,0.002428011,11755.576631066184,0.002428011,,,,
1,1,6632.008785332315,33.11652946472168,48,48,0.199286522,[4],4,12,166.17545999785014,1,5236,run_idfeature,166672-dc004,pr_rlut_mean_sam_2016080215.nc,0,initial_data,,,124402.99512919829,0.002428011,11755.576631066184,0.002428011,,,,
1,1,6632.008785332315,33.11652946472168,48,48,0.195179311,[4],4,12,169.6723351212244,1,5236,run_idfeature,101198-dc002,pr_rlut_mean_sam_2016080108.nc,0,initial_data,,,124402.99512919829,0.002428011,11755.576631066184,0.002428011,,,,
1,1,6632.008785332315,33.11652946472168,48,48,0.18862309,[4],4,12,175.5698597914056,1,5236,run_idfeature,101188-dc002,pr_rlut_mean_sam_2016080206.nc,0,initial_data,,,124402.99512919829,0.002428011,11755.576631066184,0.002428011,,,,
1,1,6632.008785332315,33.11652946472168,48,48,0.176739832,[4],4,12,187.37445368128266,1,5236,run_idfeature,185761-dc001,pr_rlut_mean_sam_2016080116.nc,0,initial_data,,,124402.99512919829,0.002428011,11755.576631066184,0.002428011,,,,
1,1,6627.774212034384,33.08906364440918,48,48,0.146466496,[4],4,12,225.91558170688523,1,5235,run_idfeature,185767-dc001,pr_rlut_mean_sam_2016080104.nc,0,initial_data,,,124402.9537222729,0.002423957,11755.566888423999,0.002423957,,,,
1,1,6632.008785332315,33.11652946472168,48,48,0.212965418,[4],4,12,155.5019109474463,1,5236,run_idfeature,185763-dc001,pr_rlut_mean_sam_2016080114.nc,0,initial_data,,,124402.99512919829,0.002428011,11755.576631066184,0.002428011,,,,
1,1,6632.008785332315,33.11652946472168,48,48,0.214328429,[4],4,12,154.5130042674912,1,5236,run_idfeature,101189-dc002,pr_rlut_mean_sam_2016080204.nc,0,initial_data,,,124402.99512919829,0.002428011,11755.576631066184,0.002428011,,,,
1,1,6632.008785332315,33.11652946472168,48,48,0.208520845,[4],4,12,158.81639777894472,1,5236,run_idfeature,187191-dc003,pr_rlut_mean_sam_2016080223.nc,0,initial_data,,,124402.99512919829,0.002428011,11755.576631066184,0.002428011,,,,
1,1,6627.774212034384,33.08906364440918,48,48,0.250720413,[4],4,12,131.97594582938558,1,5235,run_idfeature,185766-dc001,pr_rlut_mean_sam_2016080212.nc,0,initial_data,,,124402.9537222729,0.002423957,11755.566888423999,0.002423957,,,,
1,1,6632.008785332315,33.11652946472168,48,48,0.19246599,[4],4,12,172.06431881664744,1,5236,run_idfeature,101197-dc002,pr_rlut_mean_sam_2016080103.nc,0,initial_data,,,124402.99512919829,0.002428011,11755.576631066184,0.002428011,,,,
1,1,6632.008785332315,33.11652946472168,48,48,0.153335185,[4],4,12,215.97475794431446,1,5236,run_idfeature,166669-dc004,pr_rlut_mean_sam_2016080106.nc,0,initial_data,,,124402.99512919829,0.002428011,11755.576631066184,0.002428011,,,,
1,1,6632.008785332315,33.11652946472168,48,48,0.1827052,[4],4,12,181.2566334440491,1,5236,run_idfeature,185765-dc001,pr_rlut_mean_sam_2016080115.nc,0,initial_data,,,124402.99512919829,0.002428011,11755.576631066184,0.002428011,,,,
1,1,6632.008785332315,33.11652946472168,48,48,0.231237033,[4],4,12,143.21464444980003,1,5236,run_idfeature,187188-dc003,pr_rlut_mean_sam_2016080121.nc,0,initial_data,,,124402.99512919829,0.002428011,11755.576631066184,0.002428011,,,,
1,1,6632.008785332315,33.11652946472168,48,48,0.202962325,[4],4,12,163.16589527007872,1,5236,run_idfeature,187183-dc003,pr_rlut_mean_sam_2016080222.nc,0,initial_data,,,124402.99512919829,0.002428011,11755.576631066184,0.002428011,,,,
1,1,6632.008785332315,33.11652946472168,48,48,0.231261582,[4],4,12,143.19944185421028,1,5236,run_idfeature,187186-dc003,pr_rlut_mean_sam_2016080122.nc,0,initial_data,,,124402.99512919829,0.002428011,11755.576631066184,0.002428011,,,,
1,1,6632.008785332315,33.11652946472168,48,48,0.222863949,[4],4,12,148.59527354386813,1,5236,run_idfeature,101191-dc002,pr_rlut_mean_sam_2016080211.nc,0,initial_data,,,124402.99512919829,0.002428011,11755.576631066184,0.002428011,,,,
1,1,6632.008785332315,33.11652946472168,48,48,0.19696883,[4],4,12,168.1308127012872,1,5236,run_idfeature,185759-dc001,pr_rlut_mean_sam_2016080213.nc,0,initial_data,,,124402.99512919829,0.002428011,11755.576631066184,0.002428011,,,,
1,1,6878.920804836951,66.18636322021484,48,48,0.352152301,[4],4,12,187.94812083370383,1,10089,run_idfeature,101190-dc002,pr_rlut_mean_sam_2016080101.nc,0,initial_data,,,124413.63902706878,0.002664408,11764.680736438766,0.002664408,,,,
1,1,6878.920804836951,66.18636322021484,48,48,0.352152301,[4],4,12,187.94812083370383,1,10089,run_idfeature,101190-dc002,pr_rlut_mean_sam_2016080113.nc,0,initial_data,,,124413.63902706878,0.002664408,11764.680736438766,0.002664408,,,,
1,1,6632.008785332315,33.11652946472168,48,48,0.1809914,[4],4,12,182.97294492844236,1,5236,run_idfeature,166671-dc004,pr_rlut_mean_sam_2016080205.nc,0,initial_data,,,124402.99512919829,0.002428011,11755.576631066184,0.002428011,,,,
1,1,6627.774212034384,33.08906364440918,48,48,0.196920381,[4],4,12,168.03270172633466,1,5235,run_idfeature,185758-dc001,pr_rlut_mean_sam_2016080202.nc,0,initial_data,,,124402.9537222729,0.002423957,11755.566888423999,0.002423957,,,,
1,1,6632.008785332315,33.11652946472168,48,48,0.244579773,[4],4,12,135.4017507601566,1,5236,run_idfeature,101195-dc002,pr_rlut_mean_sam_2016080120.nc,0,initial_data,,,124402.99512919829,0.002428011,11755.576631066184,0.002428011,,,,
1,1,7284.130383,23.229724884033203,48,48,0.626977747,[4],4,12,37.050317966122655,1,3344,run_idfeature,116190-dc002,mcstrack_20160802_211500.nc,8,trackstats,,,124405.68005303713,0.003052361,11753.24777789725,0.003052361,,,,
1,1,7284.130383,23.229724884033203,48,48,0.626977747,[4],4,12,37.050317966122655,1,3344,run_idfeature,116190-dc002,mcstrack_20160802_221500.nc,8,trackstats,,,124405.68005303713,0.003052361,11753.24777789725,0.003052361,,,,
1,1,7223.018552,23.02105712890625,48,48,0.441976854,[4],4,12,52.08656725020775,1,3342,run_idfeature,201613-dc001,mcstrack_20160802_181500.nc,8,trackstats,,,124405.13157243532,0.002993852,11753.158093104175,0.002993852,,,,
1,1,7223.018552,23.02105712890625,48,48,0.441976854,[4],4,12,52.08656725020775,1,3342,run_idfeature,201613-dc001,mcstrack_20160802_191500.nc,8,trackstats,,,124405.13157243532,0.002993852,11753.158093104175,0.002993852,,,,
1,1,479.03575638506874,1.162668228149414,48,48,0.220687833,[4],4,12,5.268383908366231,1,2545,run_idfeature,168691-dc004,cloudid_20160801_231500.nc,1,initial_data,,,41192.89589796534,0.43232891290111325,6650.071176,0.43232891290111325,,,,
1,1,479.03575638506874,1.162668228149414,48,48,0.220687833,[4],4,12,5.268383908366231,1,2545,run_idfeature,168691-dc004,cloudid_20160802_031500.nc,1,initial_data,,,41192.89589796534,0.43232891290111325,6650.071176,0.43232891290111325,,,,
1,1,2870.8842048371844,20.263113021850586,48,48,0.499405818,[4],4,12,40.574443251381155,1,7401,run_idfeature,172549-dc004,tracknumbers_20160801.0000_20160802.2300.nc,7,trackstats,,,92559.5371,0.601199285,10356.027999444388,0.601199285,,,,
1,1,2870.8842048371844,20.263113021850586,48,48,0.499405818,[4],4,12,40.574443251381155,1,7401,run_idfeature,172549-dc004,cloudid_20160802_111500.nc,7,trackstats,,,92559.5371,0.601199285,10356.027999444388,0.601199285,,,,
1,1,6632.008785332315,33.11652946472168,48,48,0.22036215,[4],4,12,150.28229423574638,1,5236,run_idfeature,187190-dc003,pr_rlut_mean_sam_2016080119.nc,0,initial_data,,,124402.99512919829,0.002428011,11755.576631066184,0.002428011,,,,
1,1,7183.733552631579,22.909550666809082,48,48,0.35747517,[4],4,12,64.08711034897635,1,3344,run_idfeature,201608-dc001,mcstrack_20160801_141500.nc,8,trackstats,,,124404.7849072769,0.00295624,11753.106579715364,0.00295624,,,,
1,1,557.3393829401089,0.5857353210449219,48,48,0.181889022,[4],4,12,3.220289573,1,1102,run_idfeature,187858-dc001,cloudid_20160801_011500.nc,1,initial_data,,,42448.76665839035,0.5138951905626133,6799.820482141817,0.5138951905626133,,,,
1,1,7232.713217703349,23.06575107574463,48,48,0.438962067,[4],4,12,52.54611459569382,1,3344,run_idfeature,201612-dc001,mcstrack_20160802_161500.nc,8,trackstats,,,124405.22161368949,0.003003134,11753.175464755335,0.003003134,,,,
1,1,6878.6449950445985,66.19026947021484,48,48,0.399654814,[4],4,12,165.61859672786235,1,10090,run_idfeature,185764-dc001,pr_rlut_mean_sam_2016080100.nc,0,initial_data,,,124413.63781950588,0.002664144,11764.68164673266,0.002664144,,,,
1,1,6878.6449950445985,66.19026947021484,48,48,0.399654814,[4],4,12,165.61859672786235,1,10090,run_idfeature,185764-dc001,pr_rlut_mean_sam_2016080207.nc,0,initial_data,,,124413.63781950588,0.002664144,11764.68164673266,0.002664144,,,,
1,1,7288.940789473684,23.245065689086914,48,48,0.463596444,[4],4,12,50.14073336828035,1,3344,run_idfeature,202238-dc003,mcstrack_20160802_211500.nc,8,trackstats,,,124405.72294298848,0.003056967,11753.254543257062,0.003056967,,,,
1,1,7288.940789473684,23.245065689086914,48,48,0.463596444,[4],4,12,50.14073336828035,1,3344,run_idfeature,202238-dc003,mcstrack_20160802_201500.nc,8,trackstats,,,124405.72294298848,0.003056967,11753.254543257062,0.003056967,,,,
1,1,7367.787297527707,16.484097480773926,48,48,0.228610304,[4],4,12,72.10566274726587,1,2346,run_idfeature,176112-dc004,IMERG_landmask_180W-180E_60S-60N.nc,7,trackstats,,,124404.59207556318,0.003132456,11751.463261956154,0.003132456,,,,
1,1,5274.547605943863,27.419623374938965,48,48,1.056169247,[4],4,12,25.961391559944715,1,5451,run_idfeature,199714-dc001,cloudid_20160801_231500.nc,7,trackstats,,,124390.53418715889,0.001128358,11753.296458429979,0.001128358,,,,
1,1,7214.258074,23.006896018981934,48,48,0.459542984,[4],4,12,50.06473130918681,1,3344,run_idfeature,202235-dc003,mcstrack_20160802_191500.nc,8,trackstats,,,124405.05706622846,0.002985465,11753.14950942676,0.002985465,,,,
1,1,7382.356777493606,16.51669406890869,48,48,0.200955524,[4],4,12,82.19079396348762,1,2346,run_idfeature,176116-dc004,cloudid_20160802_111500.nc,7,trackstats,,,124404.71835175654,0.003146405,11751.479991023514,0.003146405,,,,
1,1,2681.863168858222,19.64511013031006,48,48,0.55478327,[4],4,12,35.410422758981284,1,7681,run_idfeature,193177-dc003,tracknumbers_20160801.0000_20160802.2300.nc,7,trackstats,,,91933.44880979693,0.539669,10333.64167021316,0.539669,,,,
1,1,7329.948863636364,23.37584400177002,48,48,0.252243555,[4],4,12,92.67171960754366,1,3344,run_idfeature,181582-dc004,mcstrack_20160802_101500.nc,8,trackstats,,,124406.08857409126,0.003096229,11753.31221704523,0.003096229,,,,
1,1,2712.0507969418168,19.95935059,48,48,0.576112433,[4],4,12,34.64488777303909,1,7717,run_idfeature,172540-dc004,tracknumbers_20160801.0000_20160802.2300.nc,7,trackstats,,,92033.48036266814,0.5494957021294976,10337.279566219695,0.5494957021294976,,,,
1,1,526.2865065,0.8145933151245117,48,48,0.182159974,[4],4,12,4.4718567819103425,1,1623,run_idfeature,168701-dc004,cloudid_20160801_051500.nc,1,initial_data,,,41950.726000534516,0.4815484442390635,6740.434410599464,0.4815484442390635,,,,
1,1,6627.774212034384,33.08906364440918,48,48,0.243953513,[4],4,12,135.63675815731818,1,5235,run_idfeature,166665-dc004,pr_rlut_mean_sam_2016080214.nc,0,initial_data,,,124402.9537222729,0.002423957,11755.566888423999,0.002423957,,,,
1,1,7307.875959079284,16.350056648254395,48,48,0.280738905,[4],4,12,58.239368883533956,1,2346,run_idfeature,196054-dc001,cloudid_20160801_151500.nc,7,trackstats,,,124404.0728136694,0.003075096,11751.394470151725,0.003075096,,,,
1,1,5351.299028,27.81861400604248,48,48,0.533319337,[4],4,12,52.16127013606199,1,5451,run_idfeature,114321-dc002,cloudid_20160802_201500.nc,7,trackstats,,,124391.2588408359,0.001201841,11753.446236030632,0.001201841,,,,
1,1,6632.008785332315,33.11652946472168,48,48,0.236380774,[4],4,12,140.0982360127211,1,5236,run_idfeature,187185-dc003,pr_rlut_mean_sam_2016080112.nc,0,initial_data,,,124402.99512919829,0.002428011,11755.576631066184,0.002428011,,,,
1,1,4039.159162790698,41.40945529937744,48,48,1.18051947,[4],4,12,35.077316682779866,1,10750,run_idfeature,200348-dc003,cloudid_20160802_001500.nc,7,trackstats,,,96432.55645831442,0.9814971233042636,10499.429298573275,0.9814971233042636,,,,
1,1,529.3995446784292,0.8870649337768555,48,48,0.145078303,[4],4,12,6.114387302812989,1,1757,run_idfeature,168692-dc004,cloudid_20160801_121500.nc,1,initial_data,,,42000.843964913634,0.4847911923733637,6746.424865370868,0.4847911923733637,,,,
1,1,529.3995446784292,0.8870649337768555,48,48,0.145078303,[4],4,12,6.114387302812989,1,1757,run_idfeature,168692-dc004,cloudid_20160802_001500.nc,1,initial_data,,,42000.843964913634,0.4847911923733637,6746.424865370868,0.4847911923733637,,,,
1,1,7236.296052631579,23.077177047729492,48,48,0.318417377,[4],4,12,72.47461575481005,1,3344,run_idfeature,181587-dc004,mcstrack_20160802_111500.nc,8,trackstats,,,124405.25355851772,0.003006564,11753.180503657235,0.003006564,,,,
1,1,7236.296052631579,23.077177047729492,48,48,0.318417377,[4],4,12,72.47461575481005,1,3344,run_idfeature,181587-dc004,mcstrack_20160802_121500.nc,8,trackstats,,,124405.25355851772,0.003006564,11753.180503657235,0.003006564,,,,
1,1,7145.208133971292,22.78668975830078,48,48,0.451132647,[4],4,12,50.509955131446695,1,3344,run_idfeature,116192-dc002,mcstrack_20160802_021500.nc,8,trackstats,,,124404.44141171909,0.002919355,11753.052397535874,0.002919355,,,,
1,1,7275.105562200957,23.20094394683838,48,48,0.228343415,[4],4,12,101.60548727379933,1,3344,run_idfeature,116185-dc002,mcstrack_20160802_151500.nc,8,trackstats,,,124405.59958705166,0.003043721,11753.235085382406,0.003043721,,,,
0,1,3146.7608142493636,28.30529022216797,48,48,0.110590209,[4],4,12,255.94752445189764,1,9432,run_mapfeature,179706-dc004,mcstrack_20160802_171500.nc,7,trackstats,,,3520.470429478225,0.6910028692217981,10390.77742555903,0.6910028692217981,,,,
0,1,3096.8325911789652,27.85618305206299,48,48,0.141990287,[4],4,12,196.18372242647126,1,9432,run_mapfeature,179714-dc004,mcstrack_20160802_011500.nc,7,trackstats,,,3517.1566963239384,0.6747501924410694,10384.781139493607,0.6747501924410694,,,,
0,1,2834.234415,25.49409770965576,48,48,0.176342748,[4],4,12,144.5712851750261,1,9432,run_mapfeature,200352-dc003,mcstrack_20160801_071500.nc,7,trackstats,,,3499.728071190745,0.589269015,10353.243590403259,0.589269015,,,,
0,1,3160.5896946564885,28.42968178,48,48,0.149243313,[4],4,12,190.49216481782406,1,9432,run_mapfeature,179710-dc004,mcstrack_20160802_101500.nc,7,trackstats,,,3521.3882514369025,0.6955044578959924,10392.438248191726,0.6955044578959924,,,,
0,1,3144.503287,28.28498363494873,48,48,0.153345115,[4],4,12,184.45311176002397,1,9432,run_mapfeature,200347-dc003,mcstrack_20160802_071500.nc,7,trackstats,,,3520.3205975098263,0.6902679969673274,10390.506300727175,0.6902679969673274,,,,
0,1,3099.135072094996,27.876893997192383,48,48,0.171264952,[4],4,12,162.77057081236552,1,9432,run_mapfeature,114314-dc002,mcstrack_20160801_161500.nc,7,trackstats,,,3517.3095118434853,0.6754996979475898,10385.057663138625,0.6754996979475898,,,,
0,1,3154.312095833775,28.376222610473633,48,48,0.137663171,[4],4,12,206.12791645249573,1,9433,run_mapfeature,114320-dc002,mcstrack_20160802_141500.nc,7,trackstats,,,3520.971367954679,0.6934609686958902,10391.685195180313,0.6934609686958902,,,,
0,1,2939.57623,26.44165325164795,48,48,0.130684275,[4],4,12,202.33232538228452,1,9432,run_mapfeature,199715-dc001,mcstrack_20160801_091500.nc,7,trackstats,,,3506.7196011061847,0.6235599706561882,10365.894945070639,0.6235599706561882,,,,
0,1,2635.4000212044107,23.705571174621582,48,48,0.14762833,[4],4,12,160.5760302,1,9432,run_mapfeature,114317-dc002,mcstrack_20160801_051500.nc,7,trackstats,,,3486.5314444811816,0.5245442777358108,10329.363952193173,0.5245442777358108,,,,
0,1,1842.4807039864293,16.573217391967773,48,48,0.092285122,[4],4,12,179.5870996,1,9432,run_mapfeature,179707-dc004,mcstrack_20160801_011500.nc,7,trackstats,,,3433.9054372140163,0.2664325208289158,10234.135827488357,0.2664325208289158,,,,
0,1,3115.5288379983035,28.024356842041016,48,48,0.16237446,[4],4,12,172.59091634263797,1,9432,run_mapfeature,200349-dc003,mcstrack_20160802_031500.nc,7,trackstats,,,3518.3975650978705,0.6808362102859061,10387.026523714881,0.6808362102859061,,,,
0,1,3099.1270144189994,27.876821517944336,48,48,0.178446004,[4],4,12,156.21992587709804,1,9432,run_mapfeature,114310-dc002,mcstrack_20160801_211500.nc,7,trackstats,,,3517.3089770560155,0.6754970750061847,10385.056695426832,0.6754970750061847,,,,
0,1,3145.066899915182,28.290053367614746,48,48,0.102207964,[4],4,12,276.7891293443116,1,9432,run_mapfeature,179708-dc004,mcstrack_20160802_151500.nc,7,trackstats,,,3520.3580044860164,0.6904514648161401,10390.573989620527,0.6904514648161401,,,,
0,1,3237.940945716709,29.125460624694824,48,48,0.152261947,[4],4,12,191.28522390886556,1,9432,run_mapfeature,179712-dc004,mcstrack_20160801_191500.nc,7,trackstats,,,3526.522049305142,0.7206839016004912,10401.727988550027,0.7206839016004912,,,,
0,1,3070.2161789652246,27.616766929626465,48,48,0.11714528,[4],4,12,235.7480124647486,1,9432,run_mapfeature,200344-dc003,mcstrack_20160801_151500.nc,7,trackstats,,,3515.3901666504016,0.6660859957569091,10381.584558244485,0.6660859957569091,,,,
0,1,3155.077608142494,28.38010025024414,48,48,0.148099038,[4],4,12,191.62920052353172,1,9432,run_mapfeature,179711-dc004,mcstrack_20160802_081500.nc,7,trackstats,,,3521.022414587372,0.6937101589005513,10391.776256926612,0.6937101589005513,,,,
0,1,2491.886874,22.41466236114502,48,48,0.10817729,[4],4,12,207.20303088702832,1,9432,run_mapfeature,114312-dc002,mcstrack_20160801_041500.nc,7,trackstats,,,3477.0064855868977,0.47782775861650056,10312.128292098569,0.47782775861650056,,,,
0,1,3119.2114079728585,28.05748176574707,48,48,0.127142588,[4],4,12,220.67729001825157,1,9432,run_mapfeature,179709-dc004,mcstrack_20160802_041500.nc,7,trackstats,,,3518.6419770450066,0.6820349635328316,10387.46879347065,0.6820349635328316,,,,
0,1,3140.1166242578456,28.245525360107422,48,48,0.189832671,[4],4,12,148.79169750557543,1,9432,run_mapfeature,200346-dc003,mcstrack_20160802_131500.nc,7,trackstats,,,3520.0294549891623,0.6888400469589341,10389.979470786917,0.6888400469589341,,,,
0,1,3136.3702290076335,28.21182632446289,48,48,0.175251687,[4],4,12,160.97891442530246,1,9432,run_mapfeature,199719-dc001,mcstrack_20160802_061500.nc,7,trackstats,,,3519.780807,0.687620517,10389.529535735097,0.687620517,,,,
0,1,3015.8437234944868,27.127683639526367,48,48,0.114586258,[4],4,12,236.74465082476442,1,9432,run_mapfeature,114316-dc002,mcstrack_20160801_101500.nc,7,trackstats,,,3511.781470059712,0.648386629,10375.05453,0.648386629,,,,
0,1,3164.3153095843936,28.463193893432617,48,48,0.121853381,[4],4,12,233.58558999222694,1,9432,run_mapfeature,200343-dc003,mcstrack_20160801_181500.nc,7,trackstats,,,3521.635520274996,0.6967172231720031,10392.885687565762,0.6967172231720031,,,,
0,1,3032.0752756573365,27.27368736,48,48,0.149496881,[4],4,12,182.4364975391754,1,9432,run_mapfeature,179717-dc004,mcstrack_20160801_121500.nc,7,trackstats,,,3512.8587571979247,0.6536703371280392,10377.003907202585,0.6536703371280392,,,,
0,1,2070.8364079728585,18.62728977203369,48,48,0.130467953,[4],4,12,142.77291352945264,1,9432,run_mapfeature,200351-dc003,mcstrack_20160801_021500.nc,7,trackstats,,,3449.0613915167223,0.34076705988699824,10261.560919782203,0.34076705988699824,,,,
0,1,3142.7161331354673,28.27490234,48,48,0.120268959,[4],4,12,235.0972568387326,1,9434,run_mapfeature,199716-dc001,mcstrack_20160802_181500.nc,7,trackstats,,,3520.2015067445986,0.689686241,10390.29341,0.689686241,,,,
0,1,3128.970949957591,28.14526939,48,48,0.131368704,[4],4,12,214.24638088780185,1,9432,run_mapfeature,114315-dc002,mcstrack_20160802_051500.nc,7,trackstats,,,3519.2897172579887,0.6852118977726533,10388.640896181485,0.6852118977726533,,,,
0,1,2305.3282094773667,20.738755226135254,48,48,0.106174932,[4],4,12,195.32628686906298,1,9433,run_mapfeature,199717-dc001,mcstrack_20160801_031500.nc,7,trackstats,,,3464.6244231103888,0.4170990265225803,10289.723585276319,0.4170990265225803,,,,
0,1,3019.8818914334183,27.16400718688965,48,48,0.136454329,[4],4,12,199.07032181360583,1,9432,run_mapfeature,200345-dc003,mcstrack_20160801_111500.nc,7,trackstats,,,3512.0494830222992,0.6497011365343158,10375.539504597888,0.6497011365343158,,,,
0,1,1269.900709219858,0.1707611083984375,48,48,0.013300644,[4],4,12,12.838559426027604,1,141,run_mapfeature,168698-dc004,track_20160802_091500.nc,1,,,,3396.799657689803,0.080045804,10162.097689419164,0.080045804,,,,
0,1,5111.4021718422555,25.586843490600586,48,48,0.113926465,[4],4,12,224.59086649094735,1,5249,run_mapfeature,166676-dc004,cloudid_20160801_091500.nc,0,,,,4046.256139630149,0.00097216,11752.710986377771,0.00097216,,,,
0,1,1293.5177304964539,0.1739368438720703,48,48,0.012860484,[4],4,12,13.524906517676186,1,141,run_mapfeature,168697-dc004,track_20160801_191500.nc,1,,,,3398.383787,0.087733636,10164.87319173519,0.087733636,,,,
0,1,4189.704229377025,41.94594860076904,48,48,0.235732503,[4],4,12,177.93875713765718,1,10498,run_mapfeature,185764-dc001,cloudid_20160802_071500.nc,0,,,,4044.8005526107186,8.971376127549078e-05,11756.649568469813,8.971376127549078e-05,,,,
0,1,298.67022710774654,2.7466554641723633,48,48,0.162231364,[4],4,12,16.930483702105615,1,9643,run_mapfeature,196051-dc001,mcs_tracks_pf_20160801.0000_20160802.2300.nc,5,,,,1818.8216886666908,0.24444815323723598,6305.235776685433,0.24444815323723598,,,,
0,1,5454.739569441798,27.30553436279297,48,48,0.103087918,[4],4,12,264.87618425655825,1,5249,run_mapfeature,166674-dc004,cloudid_20160802_201500.nc,0,,,,4046.1412340697025,0.001300877,11753.363055466805,0.001300877,,,,
0,1,3176.540606446141,28.573161125183105,48,48,0.111785574,[4],4,12,255.60687397090348,1,9432,run_mapfeature,179715-dc004,mcstrack_20160801_171500.nc,7,trackstats,,,3522.446912,0.7006968119941864,10394.353922818482,0.7006968119941864,,,,
0,1,3135.3394826123836,28.20255470275879,48,48,0.122752978,[4],4,12,229.75047255276192,1,9432,run_mapfeature,200353-dc003,mcstrack_20160802_121500.nc,7,trackstats,,,3519.712396386236,0.6872849878295519,10389.405745023818,0.6872849878295519,,,,
0,1,3143.937977099237,28.279898643493652,48,48,0.153358628,[4],4,12,184.4037013913143,1,9432,run_mapfeature,114311-dc002,mcstrack_20160802_161500.nc,7,trackstats,,,3520.283077946801,0.6900839769203245,10390.438408105027,0.6900839769203245,,,,
0,1,1299.4184397163122,0.1747303009033203,48,48,0.039244077,[4],4,12,4.452399298455161,1,141,run_mapfeature,103223-dc002,track_20160801_201500.nc,1,,,,3398.7795818613235,0.08965444,10165.56665057211,0.08965444,,,,
0,1,1272.3829787234042,0.1710948944091797,48,48,0.011539008,[4],4,12,14.827521950689322,1,141,run_mapfeature,168694-dc004,track_20160802_081500.nc,1,,,,3396.9661578003347,0.080853834,10162.38940888181,0.080853834,,,,
0,1,5469.919032196609,27.38152027130127,48,48,0.107936554,[4],4,12,253.68162366292765,1,5249,run_mapfeature,166665-dc004,cloudid_20160802_141500.nc,0,,,,4046.136153922048,0.00131541,11753.391884421997,0.00131541,,,,
0,1,2900.2305979643766,26.08773708343506,48,48,0.163642802,[4],4,12,159.41878753356386,1,9432,run_mapfeature,179716-dc004,mcstrack_20160801_081500.nc,7,trackstats,,,3504.1082338902684,0.6107521477748622,10361.169608382546,0.6107521477748622,,,,
0,1,3141.791878710772,28.260594367980957,48,48,0.140707247,[4],4,12,200.84675786444004,1,9432,run_mapfeature,114321-dc002,mcstrack_20160802_201500.nc,7,trackstats,,,3520.1406415261777,0.6893853771844961,10390.180665708633,0.6893853771844961,,,,
0,1,5267.315298152029,26.367319107055664,48,48,0.112546865,[4],4,12,234.2785745925101,1,5249,run_mapfeature,187185-dc003,cloudid_20160801_121500.nc,0,,,,4046.2039598056235,0.001121434,11753.007097814952,0.001121434,,,,
0,1,1296.1063829787233,0.1742849349975586,48,48,0.012086851,[4],4,12,14.419383096354759,1,141,run_mapfeature,187863-dc001,track_20160801_121500.nc,1,,,,3398.5574231424143,0.088576297,10165.17741346052,0.088576297,,,,
0,1,2337.4466528859916,42.05761528015137,48,48,0.285692483,[4],4,12,147.2128872223473,1,18867,run_mapfeature,200348-dc003,mcstrack_20160801_003000.nc,7,trackstats,,,3465.0809125966634,0.4275542489863254,10299.69693171139,0.4275542489863254,,,,
0,1,2337.4466528859916,42.05761528015137,48,48,0.285692483,[4],4,12,147.2128872223473,1,18867,run_mapfeature,200348-dc003,mcstrack_20160802_001500.nc,7,trackstats,,,3465.0809125966634,0.4275542489863254,10299.69693171139,0.4275542489863254,,,,
0,1,5403.415888740713,27.048616409301758,48,48,0.129028214,[4],4,12,209.6333474,1,5249,run_mapfeature,187193-dc003,cloudid_20160802_031500.nc,0,,,,4046.158410690532,0.001251739,11753.265581128286,0.001251739,,,,
0,1,1281.1489361702127,0.1722736358642578,48,48,0.01478776,[4],4,12,11.649745185495153,1,141,run_mapfeature,168692-dc004,track_20160802_071500.nc,1,,,,3397.5541410478118,0.083707336,10163.41959532704,0.083707336,,,,
0,1,5452.872357,27.29618740081787,48,48,0.093017058,[4],4,12,293.4535663428301,1,5249,run_mapfeature,187192-dc003,cloudid_20160802_161500.nc,0,,,,4046.1418589743444,0.001299089,11753.359509241547,0.001299089,,,,
0,1,4580.977900552486,22.931626319885254,48,48,0.122740082,[4],4,12,186.8307886570033,1,5249,run_mapfeature,187187-dc003,cloudid_20160801_051500.nc,0,,,,4046.4336580088416,0.000464325,11751.703600425068,0.000464325,,,,
1,1,7211.530264279625,16.13450050354004,48,48,0.303766519,[4],4,12,53.114808559728196,1,2346,run_mapfeature,196755-dc003,cloudid_20160801_111500.nc,7,trackstats,,,124403.23776893102,0.002982853,11751.283843442898,0.002982853,,,,
1,1,7211.530264279625,16.13450050354004,48,48,0.303766519,[4],4,12,53.114808559728196,1,2346,run_mapfeature,196755-dc003,IMERG_landmask_180W-180E_60S-60N.nc,7,trackstats,,,124403.23776893102,0.002982853,11751.283843442898,0.002982853,,,,
1,1,2814.286402081978,20.625868797302246,48,48,0.471795305,[4],4,12,43.71783393923822,1,7685,run_mapfeature,107131-dc002,cloudid_20160802_161500.nc,7,trackstats,,,92372.17688,0.5827755215110605,10349.484264669376,0.5827755215110605,,,,
1,1,2814.286402081978,20.625868797302246,48,48,0.471795305,[4],4,12,43.71783393923822,1,7685,run_mapfeature,107131-dc002,tracknumbers_20160801.0000_20160802.2300.nc,7,trackstats,,,92372.17688,0.5827755215110605,10349.484264669376,0.5827755215110605,,,,
1,1,2702.108572928975,19.628487586975098,48,48,0.695450624,[4],4,12,28.22412822649951,1,7617,run_mapfeature,107126-dc002,cloudid_20160802_211500.nc,7,trackstats,,,92000.49085473096,0.5462593010836506,10336.015309864215,0.5462593010836506,,,,
1,1,2702.108572928975,19.628487586975098,48,48,0.695450624,[4],4,12,28.22412822649951,1,7617,run_mapfeature,107126-dc002,tracknumbers_20160801.0000_20160802.2300.nc,7,trackstats,,,92000.49085473096,0.5462593010836506,10336.015309864215,0.5462593010836506,,,,
1,1,5355.121078701156,27.83848285675049,48,48,0.452609016,[4],4,12,61.50669092449208,1,5451,run_mapfeature,179706-dc004,cloudid_20160802_171500.nc,7,trackstats,,,124391.29492698579,0.0012055,11753.453694623777,0.0012055,,,,
1,1,7377.994884910486,16.506935119628906,48,48,0.15675582,[4],4,12,105.30349124918557,1,2346,run_mapfeature,110701-dc002,cloudid_20160802_161500.nc,7,trackstats,,,124404.68054648192,0.003142229,11751.47498258155,0.003142229,,,,
1,1,7377.994884910486,16.506935119628906,48,48,0.15675582,[4],4,12,105.30349124918557,1,2346,run_mapfeature,110701-dc002,IMERG_landmask_180W-180E_60S-60N.nc,7,trackstats,,,124404.68054648192,0.003142229,11751.47498258155,0.003142229,,,,
1,1,5265.613648871767,27.373180389404297,48,48,1.229972995,[4],4,12,22.255106819970706,1,5451,run_mapfeature,179714-dc004,cloudid_20160802_011500.nc,7,trackstats,,,124390.44983660623,0.001119805,11753.279024138548,0.001119805,,,,
1,1,7207.283034953111,16.124998092651367,48,48,0.179089658,[4],4,12,90.03868940690793,1,2346,run_mapfeature,110699-dc002,IMERG_landmask_180W-180E_60S-60N.nc,7,trackstats,,,124403.20095746258,0.002978787,11751.27896666036,0.002978787,,,,
1,1,7207.283034953111,16.124998092651367,48,48,0.179089658,[4],4,12,90.03868940690793,1,2346,run_mapfeature,110699-dc002,cloudid_20160801_101500.nc,7,trackstats,,,124403.20095746258,0.002978787,11751.27896666036,0.002978787,,,,
1,1,2771.2811646951773,20.33182716369629,48,48,0.670408188,[4],4,12,30.32753407196794,1,7693,run_mapfeature,172544-dc004,tracknumbers_20160801.0000_20160802.2300.nc,7,trackstats,,,92229.70208344891,0.5687764207992113,10344.346402468685,0.5687764207992113,,,,
1,1,2771.2811646951773,20.33182716369629,48,48,0.670408188,[4],4,12,30.32753407196794,1,7693,run_mapfeature,172544-dc004,cloudid_20160802_011500.nc,7,trackstats,,,92229.70208344891,0.5687764207992113,10344.346402468685,0.5687764207992113,,,,
1,1,3693.0461403892414,16.105937957763672,48,48,0.424859576,[4],4,12,37.90885004734758,1,4573,run_mapfeature,172545-dc004,tracknumbers_20160801.0000_20160802.2300.nc,7,trackstats,,,95281.42229,0.8688301238246229,10451.408362226475,0.8688301238246229,,,,
1,1,3693.0461403892414,16.105937957763672,48,48,0.424859576,[4],4,12,37.90885004734758,1,4573,run_mapfeature,172545-dc004,cloudid_20160801_011500.nc,7,trackstats,,,95281.42229,0.8688301238246229,10451.408362226475,0.8688301238246229,,,,
1,1,4847.203815813612,25.19808578491211,48,48,0.607248902,[4],4,12,41.495481839359684,1,5451,run_mapfeature,200352-dc003,cloudid_20160801_071500.nc,7,trackstats,,,124386.49939220953,0.000719213,11752.462512607552,0.000719213,,,,
1,1,2634.371088306094,19.82983684539795,48,48,0.596187051,[4],4,12,33.26109954,1,7893,run_mapfeature,193175-dc003,tracknumbers_20160801.0000_20160802.2300.nc,7,trackstats,,,91776.20864534035,0.5242093386413066,10328.115920537217,0.5242093386413066,,,,
1,1,2634.371088306094,19.82983684539795,48,48,0.596187051,[4],4,12,33.26109954,1,7893,run_mapfeature,193175-dc003,cloudid_20160801_101500.nc,7,trackstats,,,91776.20864534035,0.5242093386413066,10328.115920537217,0.5242093386413066,,,,
1,1,7368.884057971014,16.48655128479004,48,48,0.219512286,[4],4,12,75.1053692,1,2346,run_mapfeature,110702-dc002,IMERG_landmask_180W-180E_60S-60N.nc,7,trackstats,,,124404.60158137493,0.003133506,11751.464521285889,0.003133506,,,,
1,1,7368.884057971014,16.48655128479004,48,48,0.219512286,[4],4,12,75.1053692,1,2346,run_mapfeature,110702-dc002,cloudid_20160802_051500.nc,7,trackstats,,,124404.60158137493,0.003133506,11751.464521285889,0.003133506,,,,
1,1,5377.917446340121,27.956989288330078,48,48,0.882879864,[4],4,12,31.665677775985703,1,5451,run_mapfeature,179710-dc004,cloudid_20160802_101500.nc,7,trackstats,,,124391.51016041411,0.001227326,11753.498180903905,0.001227326,,,,
1,1,6713.897271952259,15.021136283874512,48,48,0.186085271,[4],4,12,80.72179062401189,1,2346,run_mapfeature,176106-dc004,cloudid_20160802_001500.nc,7,trackstats,,,124398.92469803826,0.002506412,11750.712447904565,0.002506412,,,,
1,1,6713.897271952259,15.021136283874512,48,48,0.186085271,[4],4,12,80.72179062401189,1,2346,run_mapfeature,176106-dc004,IMERG_landmask_180W-180E_60S-60N.nc,7,trackstats,,,124398.92469803826,0.002506412,11750.712447904565,0.002506412,,,,
1,1,5352.9123096679505,27.827000617980957,48,48,0.953902081,[4],4,12,29.171757953194945,1,5451,run_mapfeature,200347-dc003,cloudid_20160802_071500.nc,7,trackstats,,,124391.27407274538,0.001203386,11753.449384291558,0.001203386,,,,
1,1,2845.9558105790793,20.575705528259277,48,48,0.505586007,[4],4,12,40.69674643558574,1,7581,run_mapfeature,192416-dc001,tracknumbers_20160801.0000_20160802.2300.nc,7,trackstats,,,92477.04445365057,0.5930845737562107,10353.19026667485,0.5930845737562107,,,,
1,1,2845.9558105790793,20.575705528259277,48,48,0.505586007,[4],4,12,40.69674643558574,1,7581,run_mapfeature,192416-dc001,cloudid_20160802_141500.nc,7,trackstats,,,92477.04445365057,0.5930845737562107,10353.19026667485,0.5930845737562107,,,,
1,1,2713.2138153647516,20.04036045074463,48,48,0.67063815,[4],4,12,29.882523758519593,1,7745,run_mapfeature,192419-dc001,tracknumbers_20160801.0000_20160802.2300.nc,7,trackstats,,,92037.34765176455,0.5498742888557134,10337.439759623543,0.5498742888557134,,,,
1,1,2713.2138153647516,20.04036045074463,48,48,0.67063815,[4],4,12,29.882523758519593,1,7745,run_mapfeature,192419-dc001,cloudid_20160801_171500.nc,7,trackstats,,,92037.34765176455,0.5498742888557134,10337.439759623543,0.5498742888557134,,,,
1,1,5824.933077578858,13.032238960266113,48,48,0.255365577,[4],4,12,51.033655801878545,1,2346,run_mapfeature,196060-dc001,IMERG_landmask_180W-180E_60S-60N.nc,7,trackstats,,,124391.21989218617,0.001655305,11749.691715392382,0.001655305,,,,
1,1,5824.933077578858,13.032238960266113,48,48,0.255365577,[4],4,12,51.033655801878545,1,2346,run_mapfeature,196060-dc001,cloudid_20160801_051500.nc,7,trackstats,,,124391.21989218617,0.001655305,11749.691715392382,0.001655305,,,,
1,1,5280.320308,27.44963264465332,48,48,0.708776565,[4],4,12,38.72818882584432,1,5451,run_mapfeature,114314-dc002,cloudid_20160801_161500.nc,7,trackstats,,,124390.58869051297,0.001133885,11753.307723647917,0.001133885,,,,
1,1,7336.922421,16.415042877197266,48,48,0.351642691,[4],4,12,46.68102962844539,1,2346,run_mapfeature,196055-dc001,IMERG_landmask_180W-180E_60S-60N.nc,7,trackstats,,,124404.32456436116,0.003102905,11751.427822077912,0.003102905,,,,
1,1,7336.922421,16.415042877197266,48,48,0.351642691,[4],4,12,46.68102962844539,1,2346,run_mapfeature,196055-dc001,cloudid_20160802_031500.nc,7,trackstats,,,124404.32456436116,0.003102905,11751.427822077912,0.003102905,,,,
1,1,7341.983375959079,16.426365852355957,48,48,0.204493146,[4],4,12,80.32721963383534,1,2346,run_mapfeature,110703-dc002,IMERG_landmask_180W-180E_60S-60N.nc,7,trackstats,,,124404.36842852861,0.003107751,11751.433633201865,0.003107751,,,,
1,1,7341.983375959079,16.426365852355957,48,48,0.204493146,[4],4,12,80.32721963383534,1,2346,run_mapfeature,110703-dc002,cloudid_20160802_041500.nc,7,trackstats,,,124404.36842852861,0.003107751,11751.433633201865,0.003107751,,,,
1,1,5365.926435516419,27.894654273986816,48,48,0.746332249,[4],4,12,37.37565181105663,1,5451,run_mapfeature,114320-dc002,cloudid_20160802_141500.nc,7,trackstats,,,124391.39694648418,0.001215846,11753.474780883564,0.001215846,,,,
1,1,5020.710695285269,26.10005760192871,48,48,0.628948146,[4],4,12,41.497948229787305,1,5451,run_mapfeature,199715-dc001,cloudid_20160801_091500.nc,7,trackstats,,,124388.13756900569,0.000885331,11752.801104955539,0.000885331,,,,
1,1,7312.135123614663,16.359585762023926,48,48,0.292389282,[4],4,12,55.95138662443833,1,2346,run_mapfeature,196057-dc001,cloudid_20160801_231500.nc,7,trackstats,,,124404.10972858232,0.003079173,11751.399360638592,0.003079173,,,,
1,1,7312.135123614663,16.359585762023926,48,48,0.292389282,[4],4,12,55.95138662443833,1,2346,run_mapfeature,196057-dc001,IMERG_landmask_180W-180E_60S-60N.nc,7,trackstats,,,124404.10972858232,0.003079173,11751.399360638592,0.003079173,,,,
1,1,2829.967992743294,20.827162742614746,48,48,0.691121189,[4],4,12,30.13532658830801,1,7717,run_mapfeature,193181-dc003,cloudid_20160801_231500.nc,7,trackstats,,,92424.14776764426,0.5878802059711243,10351.38511264814,0.5878802059711243,,,,
1,1,2829.967992743294,20.827162742614746,48,48,0.691121189,[4],4,12,30.13532658830801,1,7717,run_mapfeature,193181-dc003,tracknumbers_20160801.0000_20160802.2300.nc,7,trackstats,,,92424.14776764426,0.5878802059711243,10351.38511264814,0.5878802059711243,,,,
1,1,2822.7618463425856,17.554502487182617,48,48,0.531292835,[4],4,12,33.041105263884496,1,6521,run_mapfeature,193183-dc003,cloudid_20160801_041500.nc,7,trackstats,,,92399.64528713848,0.5855344551896438,10349.586756044026,0.5855344551896438,,,,
1,1,2822.7618463425856,17.554502487182617,48,48,0.531292835,[4],4,12,33.041105263884496,1,6521,run_mapfeature,193183-dc003,tracknumbers_20160801.0000_20160802.2300.nc,7,trackstats,,,92399.64528713848,0.5855344551896438,10349.586756044026,0.5855344551896438,,,,
1,1,2696.7505524502794,19.785024642944336,48,48,0.704451938,[4],4,12,28.085698364484212,1,7693,run_mapfeature,193176-dc003,cloudid_20160801_111500.nc,7,trackstats,,,91982.77760868537,0.5445151537924087,10335.431362513167,0.5445151537924087,,,,
1,1,2696.7505524502794,19.785024642944336,48,48,0.704451938,[4],4,12,28.085698364484212,1,7693,run_mapfeature,193176-dc003,tracknumbers_20160801.0000_20160802.2300.nc,7,trackstats,,,91982.77760868537,0.5445151537924087,10335.431362513167,0.5445151537924087,,,,
1,1,4509.972298660796,23.444994926452637,48,48,0.825984244,[4],4,12,28.38431252987997,1,5451,run_mapfeature,114317-dc002,cloudid_20160801_051500.nc,7,trackstats,,,124383.31539830673,0.000396343,11751.804417599706,0.000396343,,,,
1,1,7462.5912190963345,16.69620418548584,48,48,0.291562954,[4],4,12,57.26449110364632,1,2346,run_mapfeature,176110-dc004,cloudid_20160802_081500.nc,7,trackstats,,,124405.4137574873,0.003223222,11751.57211835964,0.003223222,,,,
1,1,7462.5912190963345,16.69620418548584,48,48,0.291562954,[4],4,12,57.26449110364632,1,2346,run_mapfeature,176110-dc004,IMERG_landmask_180W-180E_60S-60N.nc,7,trackstats,,,124405.4137574873,0.003223222,11751.57211835964,0.003223222,,,,
1,1,2690.8201373590773,19.80310344696045,48,48,0.566106202,[4],4,12,34.98125153,1,7717,run_mapfeature,172541-dc004,cloudid_20160801_121500.nc,7,trackstats,,,91963.14179475406,0.54258468,10334.739902242653,0.54258468,,,,
1,1,2690.8201373590773,19.80310344696045,48,48,0.566106202,[4],4,12,34.98125153,1,7717,run_mapfeature,172541-dc004,tracknumbers_20160801.0000_20160802.2300.nc,7,trackstats,,,91963.14179475406,0.54258468,10334.739902242653,0.54258468,,,,
1,1,3155.852871032838,16.40563393,48,48,0.721172093,[4],4,12,22.748570120268926,1,5451,run_mapfeature,179707-dc004,cloudid_20160801_011500.nc,7,trackstats,,,93502.49540973961,0.6939625231226686,10388.384893347138,0.6939625231226686,,,,
1,1,2831.104863424384,20.263139724731445,48,48,0.458745381,[4],4,12,44.17077656577308,1,7505,run_mapfeature,172548-dc004,tracknumbers_20160801.0000_20160802.2300.nc,7,trackstats,,,92427.80264009189,0.588250281,10351.354644142008,0.588250281,,,,
1,1,2831.104863424384,20.263139724731445,48,48,0.458745381,[4],4,12,44.17077656577308,1,7505,run_mapfeature,172548-dc004,cloudid_20160802_061500.nc,7,trackstats,,,92427.80264009189,0.588250281,10351.354644142008,0.588250281,,,,
1,1,2832.7265204255878,20.566508293151855,48,48,0.472266556,[4],4,12,43.548517319002904,1,7613,run_mapfeature,193178-dc003,cloudid_20160802_131500.nc,7,trackstats,,,92433.23214543646,0.5887781642010377,10351.63338629183,0.5887781642010377,,,,
1,1,2832.7265204255878,20.566508293151855,48,48,0.472266556,[4],4,12,43.548517319002904,1,7613,run_mapfeature,193178-dc003,tracknumbers_20160801.0000_20160802.2300.nc,7,trackstats,,,92433.23214543646,0.5887781642010377,10351.63338629183,0.5887781642010377,,,,
1,1,5301.888644285452,27.561755180358887,48,48,0.820612627,[4],4,12,33.58680365560459,1,5451,run_mapfeature,200349-dc003,cloudid_20160802_031500.nc,7,trackstats,,,124390.79232939931,0.001154535,11753.349813469253,0.001154535,,,,
1,1,7288.079710144928,16.305766105651855,48,48,0.209803033,[4],4,12,77.71940125218235,1,2346,run_mapfeature,110696-dc002,IMERG_landmask_180W-180E_60S-60N.nc,7,trackstats,,,124403.90123616873,0.003056142,11751.371739568162,0.003056142,,,,
1,1,7288.079710144928,16.305766105651855,48,48,0.209803033,[4],4,12,77.71940125218235,1,2346,run_mapfeature,110696-dc002,cloudid_20160801_221500.nc,7,trackstats,,,124403.90123616873,0.003056142,11751.371739568162,0.003056142,,,,
1,1,2904.582292381606,20.179636001586914,48,48,0.648135759,[4],4,12,31.134890678955603,1,7285,run_mapfeature,193180-dc003,cloudid_20160802_101500.nc,7,trackstats,,,92671.11640917328,0.6121687149679707,10359.962646666807,0.6121687149679707,,,,
1,1,2904.582292381606,20.179636001586914,48,48,0.648135759,[4],4,12,31.134890678955603,1,7285,run_mapfeature,193180-dc003,tracknumbers_20160801.0000_20160802.2300.nc,7,trackstats,,,92671.11640917328,0.6121687149679707,10359.962646666807,0.6121687149679707,,,,
1,1,5274.705008255366,27.42044162750244,48,48,0.743325925,[4],4,12,36.888854142282796,1,5451,run_mapfeature,114310-dc002,cloudid_20160801_211500.nc,7,trackstats,,,124390.53567328333,0.001128509,11753.296765594849,0.001128509,,,,
1,1,5351.267840763163,27.81845188140869,48,48,0.49407228,[4],4,12,56.304417405098484,1,5451,run_mapfeature,179708-dc004,cloudid_20160802_151500.nc,7,trackstats,,,124391.25854638233,0.001201811,11753.446175170458,0.001201811,,,,
1,1,7367.857203751066,16.484253883361816,48,48,0.152722711,[4],4,12,107.93583858894317,1,2346,run_mapfeature,196752-dc003,IMERG_landmask_180W-180E_60S-60N.nc,7,trackstats,,,124404.59268145246,0.003132523,11751.463342224353,0.003132523,,,,
1,1,7367.857203751066,16.484253883361816,48,48,0.152722711,[4],4,12,107.93583858894317,1,2346,run_mapfeature,196752-dc003,cloudid_20160802_191500.nc,7,trackstats,,,124404.59268145246,0.003132523,11751.463342224353,0.003132523,,,,
1,1,7459.425831202046,16.689122200012207,48,48,0.138058386,[4],4,12,120.88452345091305,1,2346,run_mapfeature,196756-dc003,IMERG_landmask_180W-180E_60S-60N.nc,7,trackstats,,,124405.38632252498,0.003220192,11751.568483776427,0.003220192,,,,
1,1,7459.425831202046,16.689122200012207,48,48,0.138058386,[4],4,12,120.88452345091305,1,2346,run_mapfeature,196756-dc003,cloudid_20160801_201500.nc,7,trackstats,,,124405.38632252498,0.003220192,11751.568483776427,0.003220192,,,,
1,1,7386.327791986359,16.525578498840332,48,48,0.166060975,[4],4,12,99.51512388049228,1,2346,run_mapfeature,176111-dc004,IMERG_landmask_180W-180E_60S-60N.nc,7,trackstats,,,124404.7527692234,0.003150207,11751.484550648776,0.003150207,,,,
1,1,7386.327791986359,16.525578498840332,48,48,0.166060975,[4],4,12,99.51512388049228,1,2346,run_mapfeature,176111-dc004,cloudid_20160802_171500.nc,7,trackstats,,,124404.7527692234,0.003150207,11751.484550648776,0.003150207,,,,
1,1,7274.630009,16.27567481994629,48,48,0.354307252,[4],4,12,45.93661216,1,2346,run_mapfeature,176108-dc004,IMERG_landmask_180W-180E_60S-60N.nc,7,trackstats,,,124403.78466528725,0.003043266,11751.356296260312,0.003043266,,,,
1,1,7274.630009,16.27567481994629,48,48,0.354307252,[4],4,12,45.93661216,1,2346,run_mapfeature,176108-dc004,cloudid_20160802_011500.nc,7,trackstats,,,124403.78466528725,0.003043266,11751.356296260312,0.003043266,,,,
1,1,6545.928388746803,14.645336151123047,48,48,0.177376074,[4],4,12,82.56658196,1,2346,run_mapfeature,196747-dc003,cloudid_20160801_071500.nc,7,trackstats,,,124397.4688827844,0.002345596,11750.519581531309,0.002345596,,,,
1,1,6545.928388746803,14.645336151123047,48,48,0.177376074,[4],4,12,82.56658196,1,2346,run_mapfeature,196747-dc003,IMERG_landmask_180W-180E_60S-60N.nc,7,trackstats,,,124397.4688827844,0.002345596,11750.519581531309,0.002345596,,,,
1,1,2805.8551459503906,19.525837898254395,48,48,0.506974462,[4],4,12,38.51444078903997,1,7297,run_mapfeature,192421-dc001,tracknumbers_20160801.0000_20160802.2300.nc,7,trackstats,,,92344.04109456838,0.5800309719890594,10348.173828827179,0.5800309719890594,,,,
1,1,2805.8551459503906,19.525837898254395,48,48,0.506974462,[4],4,12,38.51444078903997,1,7297,run_mapfeature,192421-dc001,cloudid_20160801_061500.nc,7,trackstats,,,92344.04109456838,0.5800309719890594,10348.173828827179,0.5800309719890594,,,,
1,1,5521.446890478811,28.703124046325684,48,48,0.687967432,[4],4,12,41.72163202970585,1,5451,run_mapfeature,179712-dc004,cloudid_20160801_191500.nc,7,trackstats,,,124392.86530325148,0.001364743,11753.778273380034,0.001364743,,,,
1,1,5231.767015226564,27.197229385375977,48,48,0.853013433,[4],4,12,31.883705851764677,1,5451,run_mapfeature,200344-dc003,cloudid_20160801_151500.nc,7,trackstats,,,124390.13027135306,0.001087399,11753.21297366728,0.001087399,,,,
1,1,7426.627024722932,16.61574077606201,48,48,0.234842422,[4],4,12,70.75272276,1,2346,run_mapfeature,196757-dc003,cloudid_20160802_071500.nc,7,trackstats,,,124405.10204961758,0.00318879,11751.530823307821,0.00318879,,,,
1,1,7426.627024722932,16.61574077606201,48,48,0.234842422,[4],4,12,70.75272276,1,2346,run_mapfeature,196757-dc003,IMERG_landmask_180W-180E_60S-60N.nc,7,trackstats,,,124405.10204961758,0.00318879,11751.530823307821,0.00318879,,,,
1,1,7329.752770673486,16.399002075195312,48,48,0.219524042,[4],4,12,74.70253337989882,1,2346,run_mapfeature,176113-dc004,cloudid_20160801_211500.nc,7,trackstats,,,124404.26242376512,0.003096041,11751.419589693096,0.003096041,,,,
1,1,7329.752770673486,16.399002075195312,48,48,0.219524042,[4],4,12,74.70253337989882,1,2346,run_mapfeature,176113-dc004,IMERG_landmask_180W-180E_60S-60N.nc,7,trackstats,,,124404.26242376512,0.003096041,11751.419589693096,0.003096041,,,,
1,1,5370.072096862961,27.916205406188965,48,48,0.860301023,[4],4,12,32.44934582181587,1,5451,run_mapfeature,179711-dc004,cloudid_20160802_081500.nc,7,trackstats,,,124391.4360880228,0.001219815,11753.48287,0.001219815,,,,
1,1,2748.4964675658316,20.40581226348877,48,48,0.570772929,[4],4,12,35.75119145759061,1,7785,run_mapfeature,172546-dc004,tracknumbers_20160801.0000_20160802.2300.nc,7,trackstats,,,92154.26202902193,0.5613595272024191,10341.691123493696,0.5613595272024191,,,,
1,1,2748.4964675658316,20.40581226348877,48,48,0.570772929,[4],4,12,35.75119145759061,1,7785,run_mapfeature,172546-dc004,cloudid_20160802_041500.nc,7,trackstats,,,92154.26202902193,0.5613595272024191,10341.691123493696,0.5613595272024191,,,,
1,1,2872.760454241817,20.506488800048828,48,48,0.650215913,[4],4,12,31.537968219564057,1,7485,run_mapfeature,172551-dc004,cloudid_20160802_121500.nc,7,trackstats,,,92565.79801376475,0.6018100436985082,10356.31920441266,0.6018100436985082,,,,
1,1,2872.760454241817,20.506488800048828,48,48,0.650215913,[4],4,12,31.537968219564057,1,7485,run_mapfeature,172551-dc004,tracknumbers_20160801.0000_20160802.2300.nc,7,trackstats,,,92565.79801376475,0.6018100436985082,10356.31920441266,0.6018100436985082,,,,
1,1,4266.791047514218,22.180822372436523,48,48,0.68612669,[4],4,12,32.327590072959445,1,5451,run_mapfeature,114312-dc002,cloudid_20160801_041500.nc,7,trackstats,,,124381.01938627481,0.000163518,11751.32985825622,0.000163518,,,,
1,1,2765.1115857605178,20.37094783782959,48,48,0.662724007,[4],4,12,30.73820719132269,1,7725,run_mapfeature,193182-dc003,cloudid_20160802_031500.nc,7,trackstats,,,92209.27835194569,0.5667680943230852,10343.632964159904,0.5667680943230852,,,,
1,1,2765.1115857605178,20.37094783782959,48,48,0.662724007,[4],4,12,30.73820719132269,1,7725,run_mapfeature,193182-dc003,tracknumbers_20160801.0000_20160802.2300.nc,7,trackstats,,,92209.27835194569,0.5667680943230852,10343.632964159904,0.5667680943230852,,,,
1,1,5308.8651623555315,27.59802246,48,48,0.800528864,[4],4,12,34.47473751669434,1,5451,run_mapfeature,179709-dc004,cloudid_20160802_041500.nc,7,trackstats,,,124390.85819866082,0.001161214,11753.363427889852,0.001161214,,,,
1,1,7410.154731,16.57888698577881,48,48,0.331404681,[4],4,12,50.02610987796763,1,2346,run_mapfeature,196053-dc001,IMERG_landmask_180W-180E_60S-60N.nc,7,trackstats,,,124404.95928141347,0.003173019,11751.511909379238,0.003173019,,,,
1,1,7410.154731,16.57888698577881,48,48,0.331404681,[4],4,12,50.02610987796763,1,2346,run_mapfeature,196053-dc001,cloudid_20160802_091500.nc,7,trackstats,,,124404.95928141347,0.003173019,11751.511909379238,0.003173019,,,,
1,1,2715.882609269774,19.61458110809326,48,48,0.6352097,[4],4,12,30.878906773768193,1,7573,run_mapfeature,193174-dc003,cloudid_20160802_181500.nc,7,trackstats,,,92046.10265397499,0.5507430368716713,10337.62947,0.5507430368716713,,,,
1,1,2715.882609269774,19.61458110809326,48,48,0.6352097,[4],4,12,30.878906773768193,1,7573,run_mapfeature,193174-dc003,tracknumbers_20160801.0000_20160802.2300.nc,7,trackstats,,,92046.10265397499,0.5507430368716713,10337.62947,0.5507430368716713,,,,
1,1,5340.625206384149,27.763126373291016,48,48,0.38901927,[4],4,12,71.36696949,1,5451,run_mapfeature,200346-dc003,cloudid_20160802_131500.nc,7,trackstats,,,124391.1580632387,0.001191622,11753.425406457576,0.001191622,,,,
1,1,2879.1958790836384,20.255878448486328,48,48,0.651408532,[4],4,12,31.095506818578677,1,7377,run_mapfeature,192422-dc001,tracknumbers_20160801.0000_20160802.2300.nc,7,trackstats,,,92587.06087376986,0.6039049085558719,10357.002368936184,0.6039049085558719,,,,
1,1,2879.1958790836384,20.255878448486328,48,48,0.651408532,[4],4,12,31.095506818578677,1,7377,run_mapfeature,192422-dc001,cloudid_20160802_081500.nc,7,trackstats,,,92587.06087376986,0.6039049085558719,10357.002368936184,0.6039049085558719,,,,
1,1,5338.771968446156,27.75349235534668,48,48,0.469224916,[4],4,12,59.14752479884653,1,5451,run_mapfeature,199719-dc001,cloudid_20160802_061500.nc,7,trackstats,,,124391.14056576889,0.001189848,11753.42178993132,0.001189848,,,,
1,1,5148.067143643369,26.762117385864258,48,48,0.675994433,[4],4,12,39.589257069908825,1,5451,run_mapfeature,114316-dc002,cloudid_20160801_101500.nc,7,trackstats,,,124389.34001342274,0.001007264,11753.049636420183,0.001007264,,,,
1,1,2864.1863582599553,20.78399085998535,48,48,0.526998344,[4],4,12,39.438436755287704,1,7609,run_mapfeature,192415-dc001,tracknumbers_20160801.0000_20160802.2300.nc,7,trackstats,,,92537.45791195569,0.5990189968294125,10355.392604889266,0.5990189968294125,,,,
1,1,2864.1863582599553,20.78399085998535,48,48,0.526998344,[4],4,12,39.438436755287704,1,7609,run_mapfeature,192415-dc001,cloudid_20160801_221500.nc,7,trackstats,,,92537.45791195569,0.5990189968294125,10355.392604889266,0.5990189968294125,,,,
1,1,2834.7568488661686,20.62450408935547,48,48,0.494462851,[4],4,12,41.71092741880314,1,7629,run_mapfeature,107127-dc002,cloudid_20160802_171500.nc,7,trackstats,,,92439.96716,0.589439078,10351.888780145595,0.589439078,,,,
1,1,2834.7568488661686,20.62450408935547,48,48,0.494462851,[4],4,12,41.71092741880314,1,7629,run_mapfeature,107127-dc002,tracknumbers_20160801.0000_20160802.2300.nc,7,trackstats,,,92439.96716,0.589439078,10351.888780145595,0.589439078,,,,
1,1,6216.970161977834,13.909351348876953,48,48,0.177747084,[4],4,12,78.25361202,1,2346,run_mapfeature,110704-dc002,cloudid_20160801_061500.nc,7,trackstats,,,124394.61774514946,0.002030647,11750.141862879267,0.002030647,,,,
1,1,6216.970161977834,13.909351348876953,48,48,0.177747084,[4],4,12,78.25361202,1,2346,run_mapfeature,110704-dc002,IMERG_landmask_180W-180E_60S-60N.nc,7,trackstats,,,124394.61774514946,0.002030647,11750.141862879267,0.002030647,,,,
1,1,7346.599317988065,16.43669319152832,48,48,0.277775703,[4],4,12,59.17253746101876,1,2346,run_mapfeature,196052-dc001,IMERG_landmask_180W-180E_60S-60N.nc,7,trackstats,,,124404.40843569356,0.00311217,11751.438933350211,0.00311217,,,,
1,1,7346.599317988065,16.43669319152832,48,48,0.277775703,[4],4,12,59.17253746101876,1,2346,run_mapfeature,196052-dc001,cloudid_20160802_021500.nc,7,trackstats,,,124404.40843569356,0.00311217,11751.438933350211,0.00311217,,,,
1,1,7377.428815004263,16.50566864013672,48,48,0.222843238,[4],4,12,74.06851914499967,1,2346,run_mapfeature,176117-dc004,cloudid_20160802_181500.nc,7,trackstats,,,124404.6756402565,0.003141687,11751.474332604914,0.003141687,,,,
1,1,7377.428815004263,16.50566864013672,48,48,0.222843238,[4],4,12,74.06851914499967,1,2346,run_mapfeature,176117-dc004,IMERG_landmask_180W-180E_60S-60N.nc,7,trackstats,,,124404.6756402565,0.003141687,11751.474332604914,0.003141687,,,,
1,1,2773.9156129375747,19.874980926513672,48,48,0.6896933,[4],4,12,28.817129188457642,1,7513,run_mapfeature,107123-dc002,tracknumbers_20160801.0000_20160802.2300.nc,7,trackstats,,,92238.33728538878,0.5696339885864501,10344.52304202311,0.5696339885864501,,,,
1,1,2773.9156129375747,19.874980926513672,48,48,0.6896933,[4],4,12,28.817129188457642,1,7513,run_mapfeature,107123-dc002,cloudid_20160801_141500.nc,7,trackstats,,,92238.33728538878,0.5696339885864501,10344.52304202311,0.5696339885864501,,,,
1,1,3774.0669224211424,8.443795204162598,48,48,0.214943301,[4],4,12,39.28382585,1,2346,run_mapfeature,196058-dc001,IMERG_landmask_180W-180E_60S-60N.nc,7,trackstats,,,95548.23851123726,0.8952040763089656,10458.698536127631,0.8952040763089656,,,,
1,1,3774.0669224211424,8.443795204162598,48,48,0.214943301,[4],4,12,39.28382585,1,2346,run_mapfeature,196058-dc001,cloudid_20160801_021500.nc,7,trackstats,,,95548.23851123726,0.8952040763089656,10458.698536127631,0.8952040763089656,,,,
1,1,7921.244671781757,17.72235870361328,48,48,0.161022759,[4],4,12,110.06120385512263,1,2346,run_mapfeature,196753-dc003,cloudid_20160801_191500.nc,7,trackstats,,,124409.38898599334,0.003662344,11752.098756545909,0.003662344,,,,
1,1,7921.244671781757,17.72235870361328,48,48,0.161022759,[4],4,12,110.06120385512263,1,2346,run_mapfeature,196753-dc003,IMERG_landmask_180W-180E_60S-60N.nc,7,trackstats,,,124409.38898599334,0.003662344,11752.098756545909,0.003662344,,,,
1,1,2698.590808488478,19.767642974853516,48,48,0.545026459,[4],4,12,36.26914372399949,1,7681,run_mapfeature,193179-dc003,cloudid_20160801_081500.nc,7,trackstats,,,91988.86846518655,0.5451141954715099,10335.642504794254,0.5451141954715099,,,,
1,1,2698.590808488478,19.767642974853516,48,48,0.545026459,[4],4,12,36.26914372399949,1,7681,run_mapfeature,193179-dc003,tracknumbers_20160801.0000_20160802.2300.nc,7,trackstats,,,91988.86846518655,0.5451141954715099,10335.642504794254,0.5451141954715099,,,,
1,1,5393.826820766832,28.03969383239746,48,48,0.991051542,[4],4,12,28.292871403854253,1,5451,run_mapfeature,200343-dc003,cloudid_20160801_181500.nc,7,trackstats,,,124391.66036983581,0.001242558,11753.52922746793,0.001242558,,,,
1,1,3465.0645354645353,16.53923797607422,48,48,0.349745128,[4],4,12,47.28940205873066,1,5005,run_mapfeature,172543-dc004,tracknumbers_20160801.0000_20160802.2300.nc,7,trackstats,,,94526.51609538916,0.7946173618048618,10424.750603532075,0.7946173618048618,,,,
1,1,3465.0645354645353,16.53923797607422,48,48,0.349745128,[4],4,12,47.28940205873066,1,5005,run_mapfeature,172543-dc004,cloudid_20160801_021500.nc,7,trackstats,,,94526.51609538916,0.7946173618048618,10424.750603532075,0.7946173618048618,,,,
1,1,2743.4330563250232,19.83448600769043,48,48,0.497039472,[4],4,12,39.90525325,1,7581,run_mapfeature,192424-dc001,tracknumbers_20160801.0000_20160802.2300.nc,7,trackstats,,,92137.38243723268,0.5597112813558018,10340.930108511506,0.5597112813558018,,,,
1,1,2743.4330563250232,19.83448600769043,48,48,0.497039472,[4],4,12,39.90525325,1,7581,run_mapfeature,192424-dc001,cloudid_20160801_131500.nc,7,trackstats,,,92137.38243723268,0.5597112813558018,10340.930108511506,0.5597112813558018,,,,
1,1,2704.803390721514,19.627427101135254,48,48,0.485780976,[4],4,12,40.40386114489435,1,7609,run_mapfeature,172547-dc004,tracknumbers_20160801.0000_20160802.2300.nc,7,trackstats,,,92009.41488730692,0.5471365204171595,10336.331594474075,0.5471365204171595,,,,
1,1,2704.803390721514,19.627427101135254,48,48,0.485780976,[4],4,12,40.40386114489435,1,7609,run_mapfeature,172547-dc004,cloudid_20160802_201500.nc,7,trackstats,,,92009.41488730692,0.5471365204171595,10336.331594474075,0.5471365204171595,,,,
1,1,2874.8569163694015,20.751754760742188,48,48,0.529421013,[4],4,12,39.197074258822795,1,7569,run_mapfeature,192418-dc001,tracknumbers_20160801.0000_20160802.2300.nc,7,trackstats,,,92572.78856407429,0.6024924857973312,10356.636830155352,0.6024924857973312,,,,
1,1,2874.8569163694015,20.751754760742188,48,48,0.529421013,[4],4,12,39.197074258822795,1,7569,run_mapfeature,192418-dc001,cloudid_20160801_211500.nc,7,trackstats,,,92572.78856407429,0.6024924857973312,10356.636830155352,0.6024924857973312,,,,
1,1,7394.427962489343,16.54370117,48,48,0.235026869,[4],4,12,70.39068019016584,1,2346,run_mapfeature,176114-dc004,IMERG_landmask_180W-180E_60S-60N.nc,7,trackstats,,,124404.82297479692,0.003157962,11751.493851481633,0.003157962,,,,
1,1,7394.427962489343,16.54370117,48,48,0.235026869,[4],4,12,70.39068019016584,1,2346,run_mapfeature,176114-dc004,cloudid_20160801_161500.nc,7,trackstats,,,124404.82297479692,0.003157962,11751.493851481633,0.003157962,,,,
1,1,7245.307757885763,16.210071563720703,48,48,0.283489407,[4],4,12,57.180519495462846,1,2346,run_mapfeature,196758-dc003,IMERG_landmask_180W-180E_60S-60N.nc,7,trackstats,,,124403.53052428838,0.003015192,11751.32262766629,0.003015192,,,,
1,1,7245.307757885763,16.210071563720703,48,48,0.283489407,[4],4,12,57.180519495462846,1,2346,run_mapfeature,196758-dc003,cloudid_20160801_121500.nc,7,trackstats,,,124403.53052428838,0.003015192,11751.32262766629,0.003015192,,,,
1,1,5170.845349,26.880529403686523,48,48,0.717885886,[4],4,12,37.44401433138988,1,5451,run_mapfeature,179717-dc004,cloudid_20160801_121500.nc,7,trackstats,,,124389.55507537514,0.001029072,11753.09408725821,0.001029072,,,,
1,1,7429.907075873828,16.623079299926758,48,48,0.186641264,[4],4,12,89.06433091841232,1,2346,run_mapfeature,196754-dc003,cloudid_20160802_141500.nc,7,trackstats,,,124405.1304783861,0.00319193,11751.534589550458,0.00319193,,,,
1,1,7429.907075873828,16.623079299926758,48,48,0.186641264,[4],4,12,89.06433091841232,1,2346,run_mapfeature,196754-dc003,IMERG_landmask_180W-180E_60S-60N.nc,7,trackstats,,,124405.1304783861,0.00319193,11751.534589550458,0.00319193,,,,
1,1,3544.3276463034304,18.425111770629883,48,48,0.630997524,[4],4,12,29.19997475,1,5451,run_mapfeature,200351-dc003,cloudid_20160801_021500.nc,7,trackstats,,,94789.37406385547,0.8204191556977313,10434.611059591796,0.8204191556977313,,,,
1,1,2850.3686537173476,20.29228401184082,48,48,0.560466568,[4],4,12,36.206056115448476,1,7465,run_mapfeature,107125-dc002,tracknumbers_20160801.0000_20160802.2300.nc,7,trackstats,,,92491.60287101721,0.5945210461319491,10353.626271703186,0.5945210461319491,,,,
1,1,2850.3686537173476,20.29228401184082,48,48,0.560466568,[4],4,12,36.206056115448476,1,7465,run_mapfeature,107125-dc002,cloudid_20160802_021500.nc,7,trackstats,,,92491.60287101721,0.5945210461319491,10353.626271703186,0.5945210461319491,,,,
1,1,2842.745088,20.281387329101562,48,48,0.651708304,[4],4,12,31.120345106269447,1,7481,run_mapfeature,107129-dc002,tracknumbers_20160801.0000_20160802.2300.nc,7,trackstats,,,92466.35431502905,0.5920394165218554,10352.727469661864,0.5920394165218554,,,,
1,1,2842.745088,20.281387329101562,48,48,0.651708304,[4],4,12,31.120345106269447,1,7481,run_mapfeature,107129-dc002,cloudid_20160802_071500.nc,7,trackstats,,,92466.35431502905,0.5920394165218554,10352.727469661864,0.5920394165218554,,,,
1,1,5351.532195927352,27.819826126098633,48,48,0.708022575,[4],4,12,39.29228686825223,1,5451,run_mapfeature,199716-dc001,cloudid_20160802_181500.nc,7,trackstats,,,124391.26104230928,0.001202064,11753.446691049921,0.001202064,,,,
1,1,6776.7276214833755,15.161707878112793,48,48,0.183904175,[4],4,12,82.44352189455618,1,2346,run_mapfeature,110694-dc002,cloudid_20160801_081500.nc,7,trackstats,,,124399.46925950405,0.002566567,11750.784591395746,0.002566567,,,,
1,1,6776.7276214833755,15.161707878112793,48,48,0.183904175,[4],4,12,82.44352189455618,1,2346,run_mapfeature,110694-dc002,IMERG_landmask_180W-180E_60S-60N.nc,7,trackstats,,,124399.46925950405,0.002566567,11750.784591395746,0.002566567,,,,
1,1,7340.062659846547,16.42206859588623,48,48,0.284325344,[4],4,12,57.758018911906184,1,2346,run_mapfeature,196749-dc003,cloudid_20160801_141500.nc,7,trackstats,,,124404.3517813511,0.003105912,11751.431427784151,0.003105912,,,,
1,1,7340.062659846547,16.42206859588623,48,48,0.284325344,[4],4,12,57.758018911906184,1,2346,run_mapfeature,196749-dc003,IMERG_landmask_180W-180E_60S-60N.nc,7,trackstats,,,124404.3517813511,0.003105912,11751.431427784151,0.003105912,,,,
1,1,7379.609974424552,16.51054859161377,48,48,0.178896705,[4],4,12,92.29095969997753,1,2346,run_mapfeature,196061-dc001,cloudid_20160802_131500.nc,7,trackstats,,,124404.69454474104,0.003143775,11751.476837070615,0.003143775,,,,
1,1,7379.609974424552,16.51054859161377,48,48,0.178896705,[4],4,12,92.29095969997753,1,2346,run_mapfeature,196061-dc001,IMERG_landmask_180W-180E_60S-60N.nc,7,trackstats,,,124404.69454474104,0.003143775,11751.476837070615,0.003143775,,,,
1,1,5323.6028251696935,27.674635887145996,48,48,0.560757291,[4],4,12,49.35225333904039,1,5451,run_mapfeature,114315-dc002,cloudid_20160802_051500.nc,7,trackstats,,,124390.99734528904,0.001175324,11753.392187901392,0.001175324,,,,
1,1,2676.030921904214,17.744486808776855,48,48,0.490509798,[4],4,12,36.175601142175054,1,6953,run_mapfeature,107124-dc002,cloudid_20160801_051500.nc,7,trackstats,,,91913.76381583614,0.5377704823906947,10332.403741373768,0.5377704823906947,,,,
1,1,2676.030921904214,17.744486808776855,48,48,0.490509798,[4],4,12,36.175601142175054,1,6953,run_mapfeature,107124-dc002,tracknumbers_20160801.0000_20160802.2300.nc,7,trackstats,,,91913.76381583614,0.5377704823906947,10332.403741373768,0.5377704823906947,,,,
1,1,7462.293691389599,16.69553852081299,48,48,0.194666748,[4],4,12,85.76471684220557,1,2346,run_mapfeature,196751-dc003,cloudid_20160801_131500.nc,7,trackstats,,,124405.41117876337,0.003222937,11751.571776730354,0.003222937,,,,
1,1,7462.293691389599,16.69553852081299,48,48,0.194666748,[4],4,12,85.76471684220557,1,2346,run_mapfeature,196751-dc003,IMERG_landmask_180W-180E_60S-60N.nc,7,trackstats,,,124405.41117876337,0.003222937,11751.571776730354,0.003222937,,,,
1,1,3946.7888460832874,20.517297744750977,48,48,0.599796606,[4],4,12,34.20709210340376,1,5451,run_mapfeature,199717-dc001,cloudid_20160801_031500.nc,7,trackstats,,,96122.58476,0.9514286608344035,10482.50152639261,0.9514286608344035,,,,
1,1,5151.6290588882775,26.78063393,48,48,0.844523729,[4],4,12,31.71093127,1,5451,run_mapfeature,200345-dc003,cloudid_20160801_111500.nc,7,trackstats,,,124389.37364348353,0.001010674,11753.05658736789,0.001010674,,,,
1,1,7228.178229665072,23.051288604736328,48,48,0.26076125,[4],4,12,88.39997739210227,1,3344,run_mapfeature,202234-dc003,mcstrack_20160801_131500.nc,8,trackstats,,,124405.1811793918,0.002998792,11753.169086744547,0.002998792,,,,
1,1,7228.178229665072,23.051288604736328,48,48,0.26076125,[4],4,12,88.39997739210227,1,3344,run_mapfeature,202234-dc003,mcstrack_20160801_121500.nc,8,trackstats,,,124405.1811793918,0.002998792,11753.169086744547,0.002998792,,,,
1,1,479.03575638506874,1.162668228149414,48,48,0.220687833,[4],4,12,5.268383908366231,1,2545,run_mapfeature,168691-dc004,cloudid_20160802_041500.nc,1,initial_data,,,41192.89589796534,0.43232891290111325,6650.071176,0.43232891290111325,,,,
1,1,479.03575638506874,1.162668228149414,48,48,0.220687833,[4],4,12,5.268383908366231,1,2545,run_mapfeature,168691-dc004,cloudid_20160801_061500.nc,1,initial_data,,,41192.89589796534,0.43232891290111325,6650.071176,0.43232891290111325,,,,
1,1,7485.803827751196,23.872879028320312,48,48,0.384922636,[4],4,12,62.019940620796106,1,3344,run_mapfeature,202239-dc003,mcstrack_20160801_161500.nc,8,trackstats,,,124407.47818878462,0.003245446,11753.53141159091,0.003245446,,,,
1,1,7485.803827751196,23.872879028320312,48,48,0.384922636,[4],4,12,62.019940620796106,1,3344,run_mapfeature,202239-dc003,mcstrack_20160801_171500.nc,8,trackstats,,,124407.47818878462,0.003245446,11753.53141159091,0.003245446,,,,
1,1,6915.900255754475,15.473081588745117,48,48,0.264020725,[4],4,12,58.60555677492786,1,2346,run_mapfeature,110705-dc002,IMERG_landmask_180W-180E_60S-60N.nc,7,trackstats,,,124400.67549270645,0.002699813,11750.944393144238,0.002699813,,,,
1,1,7183.733552631579,22.909550666809082,48,48,0.35747517,[4],4,12,64.08711034897635,1,3344,run_mapfeature,201608-dc001,mcstrack_20160801_151500.nc,8,trackstats,,,124404.7849072769,0.00295624,11753.106579715364,0.00295624,,,,
1,1,557.3393829401089,0.5857353210449219,48,48,0.181889022,[4],4,12,3.220289573,1,1102,run_mapfeature,187858-dc001,cloudid_20160801_021500.nc,1,initial_data,,,42448.76665839035,0.5138951905626133,6799.820482141817,0.5138951905626133,,,,
1,1,557.3393829401089,0.5857353210449219,48,48,0.181889022,[4],4,12,3.220289573,1,1102,run_mapfeature,187858-dc001,cloudid_20160802_001500.nc,1,initial_data,,,42448.76665839035,0.5138951905626133,6799.820482141817,0.5138951905626133,,,,
1,1,563.9247506799637,0.5931940078735352,48,48,0.19138152,[4],4,12,3.0995365063122873,1,1103,run_mapfeature,168698-dc004,cloudid_20160801_181500.nc,1,initial_data,,,42554.49714640059,0.5207549486249622,6812.436184,0.5207549486249622,,,,
1,1,563.9247506799637,0.5931940078735352,48,48,0.19138152,[4],4,12,3.0995365063122873,1,1103,run_mapfeature,168698-dc004,cloudid_20160802_091500.nc,1,initial_data,,,42554.49714640059,0.5207549486249622,6812.436184,0.5207549486249622,,,,
1,1,7636.2506393861895,17.084735870361328,48,48,0.31007364,[4],4,12,55.09896252503544,1,2346,run_mapfeature,176107-dc004,IMERG_landmask_180W-180E_60S-60N.nc,7,trackstats,,,124406.91889360659,0.003389486,11751.771518760082,0.003389486,,,,
1,1,7636.2506393861895,17.084735870361328,48,48,0.31007364,[4],4,12,55.09896252503544,1,2346,run_mapfeature,176107-dc004,cloudid_20160801_181500.nc,7,trackstats,,,124406.91889360659,0.003389486,11751.771518760082,0.003389486,,,,
1,1,7177.8083133971295,22.89065456390381,48,48,0.337002361,[4],4,12,67.92431511749501,1,3344,run_mapfeature,181581-dc004,mcstrack_20160802_031500.nc,8,trackstats,,,124404.73207739402,0.002950567,11753.098246454188,0.002950567,,,,
1,1,7177.8083133971295,22.89065456390381,48,48,0.337002361,[4],4,12,67.92431511749501,1,3344,run_mapfeature,181581-dc004,mcstrack_20160802_041500.nc,8,trackstats,,,124404.73207739402,0.002950567,11753.098246454188,0.002950567,,,,
1,1,580.5019305019305,0.5735397338867188,48,48,0.129036208,[4],4,12,4.444796873500178,1,1036,run_mapfeature,168697-dc004,cloudid_20160801_191500.nc,1,initial_data,,,42820.573471230906,0.5380228442728442,6844.1784585093865,0.5380228442728442,,,,
1,1,528.8745562130177,0.8523921966552734,48,48,0.090035026,[4],4,12,9.467339928965794,1,1690,run_mapfeature,189218-dc003,cloudid_20160801_141500.nc,1,initial_data,,,41992.347368840754,0.48424432938856016,6745.4059120713355,0.48424432938856016,,,,
1,1,528.8745562130177,0.8523921966552734,48,48,0.090035026,[4],4,12,9.467339928965794,1,1690,run_mapfeature,189218-dc003,cloudid_20160802_101500.nc,1,initial_data,,,41992.347368840754,0.48424432938856016,6745.4059120713355,0.48424432938856016,,,,
1,1,5300.031737295909,27.552102088928223,48,48,1.021940733,[4],4,12,26.960567476400044,1,5451,run_mapfeature,199718-dc001,cloudid_20160802_021500.nc,7,trackstats,,,124390.77479728789,0.001152757,11753.346189782977,0.001152757,,,,
1,1,2805.6101891161716,20.79773712158203,48,48,0.506367174,[4],4,12,41.07244345,1,7773,run_mapfeature,107121-dc002,tracknumbers_20160801.0000_20160802.2300.nc,7,trackstats,,,92343.47799446945,0.5799512334362538,10348.514947564383,0.5799512334362538,,,,
1,1,460.46153846153845,0.48523902893066406,48,48,0.066869358,[4],4,12,7.256522919371591,1,1105,run_mapfeature,187861-dc001,cloudid_20160801_041500.nc,1,initial_data,,,40893.37576540626,0.4129807692307692,6614.233518066416,0.4129807692307692,,,,
1,1,7686.839114832536,24.51399803161621,48,48,0.675343235,[4],4,12,36.298576429237805,1,3344,run_mapfeature,116182-dc002,mcstrack_20160801_201500.nc,8,trackstats,,,124409.27063466788,0.00343792,11753.814147778792,0.00343792,,,,
1,1,7686.839114832536,24.51399803161621,48,48,0.675343235,[4],4,12,36.298576429237805,1,3344,run_mapfeature,116182-dc002,mcstrack_20160801_191500.nc,8,trackstats,,,124409.27063466788,0.00343792,11753.814147778792,0.00343792,,,,
1,1,6632.008785332315,33.11652946472168,48,48,0.260055409,[4],4,12,127.3441286688318,1,5236,run_mapfeature,166674-dc004,pr_rlut_mean_sam_2016080220.nc,0,initial_data,,,124402.99512919829,0.002428011,11755.576631066184,0.002428011,,,,
1,1,7293.534988038277,23.259716987609863,48,48,0.258043292,[4],4,12,90.13881666,1,3344,run_mapfeature,202243-dc003,mcstrack_20160801_141500.nc,8,trackstats,,,124405.76390521169,0.003061365,11753.261004541586,0.003061365,,,,
1,1,2681.863168858222,19.64511013031006,48,48,0.55478327,[4],4,12,35.410422758981284,1,7681,run_mapfeature,193177-dc003,cloudid_20160802_221500.nc,7,trackstats,,,91933.44880979693,0.539669,10333.64167021316,0.539669,,,,
1,1,5413.7272060172445,28.14314556121826,48,48,0.912551747,[4],4,12,30.840054444844828,1,5451,run_mapfeature,179715-dc004,cloudid_20160801_171500.nc,7,trackstats,,,124391.84826065289,0.001261611,11753.568062344037,0.001261611,,,,
1,1,2856.402469460134,20.73840332,48,48,0.493256479,[4],4,12,42.04385386352421,1,7613,run_mapfeature,107128-dc002,cloudid_20160801_191500.nc,7,trackstats,,,92511.67166,0.5964851788607207,10354.46487891914,0.5964851788607207,,,,
1,1,526.2865065,0.8145933151245117,48,48,0.182159974,[4],4,12,4.4718567819103425,1,1623,run_mapfeature,168701-dc004,cloudid_20160802_031500.nc,1,initial_data,,,41950.726000534516,0.4815484442390635,6740.434410599464,0.4815484442390635,,,,
1,1,526.2865065,0.8145933151245117,48,48,0.182159974,[4],4,12,4.4718567819103425,1,1623,run_mapfeature,168701-dc004,cloudid_20160801_211500.nc,1,initial_data,,,41950.726000534516,0.4815484442390635,6740.434410599464,0.4815484442390635,,,,
1,1,526.2865065,0.8145933151245117,48,48,0.182159974,[4],4,12,4.4718567819103425,1,1623,run_mapfeature,168701-dc004,cloudid_20160801_171500.nc,1,initial_data,,,41950.726000534516,0.4815484442390635,6740.434410599464,0.4815484442390635,,,,
1,1,7316.466806220095,23.33284854888916,48,48,0.456179869,[4],4,12,51.14835207445149,1,3344,run_mapfeature,181584-dc004,mcstrack_20160802_081500.nc,8,trackstats,,,124405.9683670437,0.003083321,11753.293255868943,0.003083321,,,,
1,1,7316.466806220095,23.33284854888916,48,48,0.456179869,[4],4,12,51.14835207445149,1,3344,run_mapfeature,181584-dc004,mcstrack_20160802_091500.nc,8,trackstats,,,124405.9683670437,0.003083321,11753.293255868943,0.003083321,,,,
1,1,5334.594936708861,27.731778144836426,48,48,0.756751926,[4],4,12,36.64579790555621,1,5451,run_mapfeature,200353-dc003,cloudid_20160802_121500.nc,7,trackstats,,,124391.10112804464,0.001185848,11753.41363860621,0.001185848,,,,
1,1,3673.6848017621146,15.905884742736816,48,48,0.406852774,[4],4,12,39.094939887854416,1,4540,run_mapfeature,110695-dc002,cloudid_20160801_003000.nc,7,trackstats,,,95217.26568088247,0.8625276047402717,10449.075570329907,0.8625276047402717,,,,
1,1,5349.504127682994,27.80928325653076,48,48,0.425196207,[4],4,12,65.40341329180944,1,5451,run_mapfeature,114311-dc002,cloudid_20160802_161500.nc,7,trackstats,,,124391.24189416744,0.001200123,11753.442733348698,0.001200123,,,,
1,1,576.0126926563917,0.6059093475341797,48,48,0.094500663,[4],4,12,6.411694143713888,1,1103,run_mapfeature,103223-dc002,cloudid_20160802_091500.nc,1,initial_data,,,42748.57154,0.5333465548504079,6835.592882684888,0.5333465548504079,,,,
1,1,589.6398348813209,0.5448923110961914,48,48,0.103074333,[4],4,12,5.286401524385235,1,969,run_mapfeature,168694-dc004,cloudid_20160802_041500.nc,1,initial_data,,,42967.20838025413,0.5475414946680426,6861.668965664838,0.5475414946680426,,,,
1,1,589.6398348813209,0.5448923110961914,48,48,0.103074333,[4],4,12,5.286401524385235,1,969,run_mapfeature,168694-dc004,cloudid_20160802_081500.nc,1,initial_data,,,42967.20838025413,0.5475414946680426,6861.668965664838,0.5475414946680426,,,,
1,1,589.6398348813209,0.5448923110961914,48,48,0.103074333,[4],4,12,5.286401524385235,1,969,run_mapfeature,168694-dc004,cloudid_20160802_071500.nc,1,initial_data,,,42967.20838025413,0.5475414946680426,6861.668965664838,0.5475414946680426,,,,
1,1,7308.584928229665,23.30771255493164,48,48,0.301423374,[4],4,12,77.32549817099333,1,3344,run_mapfeature,181588-dc004,mcstrack_20160802_111500.nc,8,trackstats,,,124405.8980916211,0.003075774,11753.282170789458,0.003075774,,,,
1,1,7308.584928229665,23.30771255493164,48,48,0.301423374,[4],4,12,77.32549817099333,1,3344,run_mapfeature,181588-dc004,mcstrack_20160802_101500.nc,8,trackstats,,,124405.8980916211,0.003075774,11753.282170789458,0.003075774,,,,
1,1,7373.063086104007,16.495901107788086,48,48,0.174635243,[4],4,12,94.45917573343478,1,2346,run_mapfeature,196748-dc003,cloudid_20160802_201500.nc,7,trackstats,,,124404.63780173185,0.003137507,11751.469319757987,0.003137507,,,,
1,1,7373.063086104007,16.495901107788086,48,48,0.174635243,[4],4,12,94.45917573343478,1,2346,run_mapfeature,196748-dc003,IMERG_landmask_180W-180E_60S-60N.nc,7,trackstats,,,124404.63780173185,0.003137507,11751.469319757987,0.003137507,,,,
1,1,493.53399818676337,0.5191497802734375,48,48,0.076483924,[4],4,12,6.787698030156475,1,1103,run_mapfeature,187863-dc001,cloudid_20160801_191500.nc,1,initial_data,,,41424.35915508398,0.4474312481112118,6677.589618772664,0.4474312481112118,,,,
1,1,493.53399818676337,0.5191497802734375,48,48,0.076483924,[4],4,12,6.787698030156475,1,1103,run_mapfeature,187863-dc001,cloudid_20160801_111500.nc,1,initial_data,,,41424.35915508398,0.4474312481112118,6677.589618772664,0.4474312481112118,,,,
1,1,493.53399818676337,0.5191497802734375,48,48,0.076483924,[4],4,12,6.787698030156475,1,1103,run_mapfeature,187863-dc001,cloudid_20160801_121500.nc,1,initial_data,,,41424.35915508398,0.4474312481112118,6677.589618772664,0.4474312481112118,,,,
1,1,493.53399818676337,0.5191497802734375,48,48,0.076483924,[4],4,12,6.787698030156475,1,1103,run_mapfeature,187863-dc001,cloudid_20160801_171500.nc,1,initial_data,,,41424.35915508398,0.4474312481112118,6677.589618772664,0.4474312481112118,,,,
1,1,493.53399818676337,0.5191497802734375,48,48,0.076483924,[4],4,12,6.787698030156475,1,1103,run_mapfeature,187863-dc001,cloudid_20160801_061500.nc,1,initial_data,,,41424.35915508398,0.4474312481112118,6677.589618772664,0.4474312481112118,,,,
1,1,2961.1815856777494,6.625110626220703,48,48,0.191697345,[4],4,12,34.56026282586597,1,2346,run_mapfeature,196750-dc003,cloudid_20160801_011500.nc,7,trackstats,,,92855.90827830629,0.6305929640878091,10362.670094342127,0.6305929640878091,,,,
1,1,2961.1815856777494,6.625110626220703,48,48,0.191697345,[4],4,12,34.56026282586597,1,2346,run_mapfeature,196750-dc003,IMERG_landmask_180W-180E_60S-60N.nc,7,trackstats,,,92855.90827830629,0.6305929640878091,10362.670094342127,0.6305929640878091,,,,
1,1,7476.141091219097,16.72651958465576,48,48,0.328386497,[4],4,12,50.93546701055666,1,2346,run_mapfeature,176115-dc004,IMERG_landmask_180W-180E_60S-60N.nc,7,trackstats,,,124405.5311965638,0.003236195,11751.58767668595,0.003236195,,,,
1,1,7476.141091219097,16.72651958465576,48,48,0.328386497,[4],4,12,50.93546701055666,1,2346,run_mapfeature,176115-dc004,cloudid_20160802_211500.nc,7,trackstats,,,124405.5311965638,0.003236195,11751.58767668595,0.003236195,,,,
1,1,5355.020633971292,17.07762622833252,48,48,0.305250389,[4],4,12,55.946288174369926,1,3344,run_mapfeature,181585-dc004,mcstrack_20160801_061500.nc,8,trackstats,,,124388.47996404878,0.001205404,11750.534676409901,0.001205404,,,,
1,1,5355.020633971292,17.07762622833252,48,48,0.305250389,[4],4,12,55.946288174369926,1,3344,run_mapfeature,181585-dc004,mcstrack_20160801_051500.nc,8,trackstats,,,124388.47996404878,0.001205404,11750.534676409901,0.001205404,,,,
1,1,4039.159162790698,41.40945529937744,48,48,1.18051947,[4],4,12,35.077316682779866,1,10750,run_mapfeature,200348-dc003,cloudid_20160801_003000.nc,7,trackstats,,,96432.55645831442,0.9814971233042636,10499.429298573275,0.9814971233042636,,,,
1,1,553.6478149100257,0.8215675354003906,48,48,0.186554994,[4],4,12,4.4038892649552475,1,1556,run_mapfeature,168696-dc004,cloudid_20160802_141500.nc,1,initial_data,,,42389.97409668613,0.5100498071979434,6792.841618466266,0.5100498071979434,,,,
1,1,553.6478149100257,0.8215675354003906,48,48,0.186554994,[4],4,12,4.4038892649552475,1,1556,run_mapfeature,168696-dc004,cloudid_20160802_101500.nc,1,initial_data,,,42389.97409668613,0.5100498071979434,6792.841618466266,0.5100498071979434,,,,
1,1,6632.008785332315,33.11652946472168,48,48,0.22145756,[4],4,12,149.5389431036885,1,5236,run_mapfeature,187193-dc003,pr_rlut_mean_sam_2016080203.nc,0,initial_data,,,124402.99512919829,0.002428011,11755.576631066184,0.002428011,,,,
1,1,529.3995446784292,0.8870649337768555,48,48,0.145078303,[4],4,12,6.114387302812989,1,1757,run_mapfeature,168692-dc004,cloudid_20160801_141500.nc,1,initial_data,,,42000.843964913634,0.4847911923733637,6746.424865370868,0.4847911923733637,,,,
1,1,529.3995446784292,0.8870649337768555,48,48,0.145078303,[4],4,12,6.114387302812989,1,1757,run_mapfeature,168692-dc004,cloudid_20160801_041500.nc,1,initial_data,,,42000.843964913634,0.4847911923733637,6746.424865370868,0.4847911923733637,,,,
1,1,529.3995446784292,0.8870649337768555,48,48,0.145078303,[4],4,12,6.114387302812989,1,1757,run_mapfeature,168692-dc004,cloudid_20160801_171500.nc,1,initial_data,,,42000.843964913634,0.4847911923733637,6746.424865370868,0.4847911923733637,,,,
1,1,529.3995446784292,0.8870649337768555,48,48,0.145078303,[4],4,12,6.114387302812989,1,1757,run_mapfeature,168692-dc004,cloudid_20160802_061500.nc,1,initial_data,,,42000.843964913634,0.4847911923733637,6746.424865370868,0.4847911923733637,,,,
1,1,529.3995446784292,0.8870649337768555,48,48,0.145078303,[4],4,12,6.114387302812989,1,1757,run_mapfeature,168692-dc004,cloudid_20160802_071500.nc,1,initial_data,,,42000.843964913634,0.4847911923733637,6746.424865370868,0.4847911923733637,,,,
1,1,504.3199315654405,0.5622386932373047,48,48,0.085278825,[4],4,12,6.592946059438608,1,1169,run_mapfeature,103228-dc002,cloudid_20160801_221500.nc,1,initial_data,,,41597.59260575258,0.45866659538066723,6698.264396031976,0.45866659538066723,,,,
1,1,504.3199315654405,0.5622386932373047,48,48,0.085278825,[4],4,12,6.592946059438608,1,1169,run_mapfeature,103228-dc002,cloudid_20160802_211500.nc,1,initial_data,,,41597.59260575258,0.45866659538066723,6698.264396031976,0.45866659538066723,,,,
1,1,7381.338022165388,16.51441478729248,48,48,0.296725737,[4],4,12,55.65548494127586,1,2346,run_mapfeature,110697-dc002,cloudid_20160802_121500.nc,7,trackstats,,,124404.70952202857,0.003145429,11751.478821261342,0.003145429,,,,
1,1,2807.1546498129755,20.755643844604492,48,48,0.703989048,[4],4,12,29.482907303132496,1,7753,run_mapfeature,107130-dc002,cloudid_20160801_181500.nc,7,trackstats,,,92348.58446581094,0.580453988,10348.684152479362,0.580453988,,,,
1,1,2807.1546498129755,20.755643844604492,48,48,0.703989048,[4],4,12,29.482907303132496,1,7753,run_mapfeature,107130-dc002,tracknumbers_20160801.0000_20160802.2300.nc,7,trackstats,,,92348.58446581094,0.580453988,10348.684152479362,0.580453988,,,,
1,1,7233.722188995215,23.068968772888184,48,48,0.454623631,[4],4,12,50.74300410241584,1,3344,run_mapfeature,181586-dc004,mcstrack_20160802_131500.nc,8,trackstats,,,124405.23060975411,0.0030041,11753.176883773365,0.0030041,,,,
1,1,7145.208133971292,22.78668975830078,48,48,0.451132647,[4],4,12,50.509955131446695,1,3344,run_mapfeature,116192-dc002,mcstrack_20160802_011500.nc,8,trackstats,,,124404.44141171909,0.002919355,11753.052397535874,0.002919355,,,,
1,1,7275.105562200957,23.20094394683838,48,48,0.228343415,[4],4,12,101.60548727379933,1,3344,run_mapfeature,116185-dc002,mcstrack_20160802_141500.nc,8,trackstats,,,124405.59958705166,0.003043721,11753.235085382406,0.003043721,,,,
1,1,7266.697966507177,23.174131393432617,48,48,0.457933765,[4],4,12,50.60585867354118,1,3344,run_matchpf,201615-dc001,mcstrack_20160802_141500.nc,8,trackstats,,,124405.52462429012,0.003035671,11753.223260933126,0.003035671,,,,
1,1,7329.948863636364,23.37584400177002,48,48,0.252243555,[4],4,12,92.67171960754366,1,3344,run_matchpf,181582-dc004,mcstrack_20160802_091500.nc,8,trackstats,,,124406.08857409126,0.003096229,11753.31221704523,0.003096229,,,,
0,1,242.7581971,2.5065832138061523,1,1,0.216807229,[4],1,1,11.56134518838462,1,10827,run_robustmcs,197951-dc001,mcs_tracks_robust_20160801.0000_20160802.2300.nc,6,,,,,,,,546.1431442,0.18620645531233646,784.7394824195089,0.18620645531233646
1,1,345.2113272195908,3.2668418884277344,1,1,1.532682679,[4],1,1,2.131453518192812,1,9923,run_robustmcs,197951-dc001,mcs_tracks_pf_20160801.0000_20160802.2300.nc,6,trackstats,,,,,,,2934.914706,0.29292846585374044,816.0778864911066,0.29292846585374044
0,1,235.42665220293725,2.6906518936157227,48,48,0.235005854,[4],4,12,11.44929731672013,1,11984,run_speed,201606-dc001,mcs_tracks_final_20160801.0000_20160802.2300.nc,8,trackstats,,,1782.0744928224647,0.17856942937805964,6184.085041441972,0.17856942937805964,,,,
0,1,5458.708515907792,27.32540225982666,48,48,0.099119285,[4],4,12,275.68199528302347,1,5249,run_speed,101196-dc002,cloudid_20160802_171500.nc,0,,,,4046.1399057727526,0.001304677,11753.370593321188,0.001304677,,,,
0,1,1083.1702127659576,0.14565181732177734,48,48,0.044503459,[4],4,12,3.2728201491434032,1,141,run_speed,187858-dc001,track_20160801_021500.nc,1,,,,3384.2745679464206,0.019261137,10140.152884470626,0.019261137,,,,
0,1,3092.646098388465,27.818525314331055,48,48,0.199429728,[4],4,12,139.49036381542402,1,9432,run_speed,199720-dc001,mcstrack_20160801_221500.nc,7,trackstats,,,3516.8788390498976,0.6733874018191618,10384.278349551589,0.6733874018191618,,,,
0,1,5474.222899599924,27.403064727783203,48,48,0.113964825,[4],4,12,240.45195285284913,1,5249,run_speed,166675-dc004,cloudid_20160802_081500.nc,0,,,,4046.134713536295,0.00131953,11753.400058360858,0.00131953,,,,
0,1,3140.6309372349447,28.25015163421631,48,48,0.176243246,[4],4,12,160.29069070945454,1,9432,run_speed,199711-dc001,mcstrack_20160802_221500.nc,7,trackstats,,,3520.0635899104373,0.6890074665478335,10390.041238812057,0.6890074665478335,,,,
1,1,7653.158791866029,24.406588554382324,48,48,0.260764405,[4],4,12,93.59631946078808,1,3344,run_speed,116191-dc002,mcstrack_20160801_171500.nc,8,trackstats,,,124408.97033835112,0.003405674,11753.766779745745,0.003405674,,,,
1,1,7653.158791866029,24.406588554382324,48,48,0.260764405,[4],4,12,93.59631946078808,1,3344,run_speed,116191-dc002,mcstrack_20160801_181500.nc,8,trackstats,,,124408.97033835112,0.003405674,11753.766779745745,0.003405674,,,,
1,1,761.8941387559809,2.429746627807617,48,48,0.268486354,[4],4,12,9.049795610124816,1,3344,run_speed,201610-dc001,mcstrack_20160801_003000.nc,8,trackstats,,,45736.17183481425,0.7269730612041467,7192.315189,0.7269730612041467,,,,
1,1,761.8941387559809,2.429746627807617,48,48,0.268486354,[4],4,12,9.049795610124816,1,3344,run_speed,201610-dc001,mcstrack_20160801_011500.nc,8,trackstats,,,45736.17183481425,0.7269730612041467,7192.315189,0.7269730612041467,,,,
1,1,7025.495514354067,22.404915809631348,48,48,0.218066314,[4],4,12,102.7435893176575,1,3344,run_speed,202245-dc003,mcstrack_20160801_101500.nc,8,trackstats,,,124403.37404491338,0.002804741,11752.884033612287,0.002804741,,,,
1,1,7025.495514354067,22.404915809631348,48,48,0.218066314,[4],4,12,102.7435893176575,1,3344,run_speed,202245-dc003,mcstrack_20160801_111500.nc,8,trackstats,,,124403.37404491338,0.002804741,11752.884033612287,0.002804741,,,,
1,1,7237.688098086124,23.081616401672363,48,48,0.402881849,[4],4,12,57.29127896668376,1,3344,run_speed,201614-dc001,mcstrack_20160802_161500.nc,8,trackstats,,,124405.26597010068,0.003007897,11753.182461431068,0.003007897,,,,
1,1,7237.688098086124,23.081616401672363,48,48,0.402881849,[4],4,12,57.29127896668376,1,3344,run_speed,201614-dc001,mcstrack_20160802_151500.nc,8,trackstats,,,124405.26597010068,0.003007897,11753.182461431068,0.003007897,,,,
1,1,7148.431818181818,22.79697036743164,48,48,0.482355409,[4],4,12,47.261769935768754,1,3344,run_speed,116187-dc002,mcstrack_20160801_211500.nc,8,trackstats,,,124404.47015433226,0.002922442,11753.056931327914,0.002922442,,,,
1,1,7148.431818181818,22.79697036743164,48,48,0.482355409,[4],4,12,47.261769935768754,1,3344,run_speed,116187-dc002,mcstrack_20160801_221500.nc,8,trackstats,,,124404.47015433226,0.002922442,11753.056931327914,0.002922442,,,,
1,1,4717.467703349283,15.044414520263672,48,48,0.306748645,[4],4,12,49.04476275767632,1,3344,run_speed,116184-dc002,mcstrack_20160801_051500.nc,8,trackstats,,,124382.79549371303,0.000595002,11749.638021460432,0.000595002,,,,
1,1,4717.467703349283,15.044414520263672,48,48,0.306748645,[4],4,12,49.04476275767632,1,3344,run_speed,116184-dc002,mcstrack_20160801_041500.nc,8,trackstats,,,124382.79549371303,0.000595002,11749.638021460432,0.000595002,,,,
1,1,201.8474103968483,2.0033130645751953,48,48,0.071202386,[4],4,12,28.135476591686057,1,10407,run_speed,201606-dc001,mcs_tracks_robust_20160801.0000_20160802.2300.nc,8,trackstats,,,36744.82981537191,0.14359105249671697,6119.5047516961695,0.14359105249671697,,,,
1,1,7185.107356,22.913931846618652,48,48,0.378353811,[4],4,12,60.562180637368165,1,3344,run_speed,116193-dc002,mcstrack_20160802_021500.nc,8,trackstats,,,124404.79715621614,0.002957555,11753.108511834163,0.002957555,,,,
1,1,7185.107356,22.913931846618652,48,48,0.378353811,[4],4,12,60.562180637368165,1,3344,run_speed,116193-dc002,mcstrack_20160802_031500.nc,8,trackstats,,,124404.79715621614,0.002957555,11753.108511834163,0.002957555,,,,
1,1,6816.109150717703,21.73716449737549,48,48,0.236069594,[4],4,12,92.07947592511846,1,3344,run_speed,116186-dc002,mcstrack_20160801_101500.nc,8,trackstats,,,124401.50714019749,0.002604271,11752.589552463684,0.002604271,,,,
1,1,6816.109150717703,21.73716449737549,48,48,0.236069594,[4],4,12,92.07947592511846,1,3344,run_speed,116186-dc002,mcstrack_20160801_091500.nc,8,trackstats,,,124401.50714019749,0.002604271,11752.589552463684,0.002604271,,,,
1,1,200.21892738304953,1.9510622024536133,48,48,0.038548517,[4],4,12,50.61315854131596,1,10218,run_speed,199710-dc001,mcs_tracks_robust_20160801.0000_20160802.2300.nc,8,trackstats,,,36718.583765880714,0.14189471602400994,6116.365478856158,0.14189471602400994,,,,
1,1,7199.514055023923,22.95987606048584,48,48,0.386312571,[4],4,12,59.43341683407409,1,3344,run_speed,202244-dc003,mcstrack_20160802_041500.nc,8,trackstats,,,124404.92560743439,0.002971348,11753.12877,0.002971348,,,,
1,1,7199.514055023923,22.95987606048584,48,48,0.386312571,[4],4,12,59.43341683407409,1,3344,run_speed,202244-dc003,mcstrack_20160802_051500.nc,8,trackstats,,,124404.92560743439,0.002971348,11753.12877,0.002971348,,,,
1,1,3881.5750598086124,12.378680229187012,48,48,0.302896164,[4],4,12,40.86773521894787,1,3344,run_speed,181580-dc004,mcstrack_20160801_031500.nc,8,trackstats,,,95905.03325259051,0.9302002147814493,10472.473177379381,0.9302002147814493,,,,
1,1,3881.5750598086124,12.378680229187012,48,48,0.302896164,[4],4,12,40.86773521894787,1,3344,run_speed,181580-dc004,mcstrack_20160801_041500.nc,8,trackstats,,,95905.03325259051,0.9302002147814493,10472.473177379381,0.9302002147814493,,,,
1,1,6700.459006582884,21.355566024780273,48,48,0.426961991,[4],4,12,50.01748744604358,1,3342,run_speed,181583-dc004,mcstrack_20160802_011500.nc,8,trackstats,,,124400.47265251027,0.002493546,11752.423435306886,0.002493546,,,,
1,1,6700.459006582884,21.355566024780273,48,48,0.426961991,[4],4,12,50.01748744604358,1,3342,run_speed,181583-dc004,mcstrack_20160802_001500.nc,8,trackstats,,,124400.47265251027,0.002493546,11752.423435306886,0.002493546,,,,
1,1,1654.3890550239234,5.2759904861450195,48,48,0.380599486,[4],4,12,13.86231637250561,1,3344,run_speed,202237-dc003,mcstrack_20160801_011500.nc,8,trackstats,,,88528.03176232372,0.20520477051560007,10208.752927001822,0.20520477051560007,,,,
1,1,1654.3890550239234,5.2759904861450195,48,48,0.380599486,[4],4,12,13.86231637250561,1,3344,run_speed,202237-dc003,mcstrack_20160801_021500.nc,8,trackstats,,,88528.03176232372,0.20520477051560007,10208.752927001822,0.20520477051560007,,,,
1,1,7269.287679425837,23.182390213012695,48,48,0.481628489,[4],4,12,48.13334498,1,3344,run_speed,202236-dc003,mcstrack_20160801_201500.nc,8,trackstats,,,124405.54771436713,0.003038151,11753.226903107437,0.003038151,,,,
1,1,7269.287679425837,23.182390213012695,48,48,0.481628489,[4],4,12,48.13334498,1,3344,run_speed,202236-dc003,mcstrack_20160801_211500.nc,8,trackstats,,,124405.54771436713,0.003038151,11753.226903107437,0.003038151,,,,
1,1,7236.458707360862,23.06389331817627,48,48,0.260308563,[4],4,12,88.60213068817207,1,3342,run_speed,181579-dc004,mcstrack_20160802_171500.nc,8,trackstats,,,124405.25139917905,0.00300672,11753.176988396006,0.00300672,,,,
1,1,7236.458707360862,23.06389331817627,48,48,0.260308563,[4],4,12,88.60213068817207,1,3342,run_speed,181579-dc004,mcstrack_20160802_181500.nc,8,trackstats,,,124405.25139917905,0.00300672,11753.176988396006,0.00300672,,,,
1,1,7242.739234449761,23.09772491455078,48,48,0.422904122,[4],4,12,54.616930204692544,1,3344,run_speed,202242-dc003,mcstrack_20160802_051500.nc,8,trackstats,,,124405.31100641601,0.003012733,11753.189565353274,0.003012733,,,,
1,1,7242.739234449761,23.09772491455078,48,48,0.422904122,[4],4,12,54.616930204692544,1,3344,run_speed,202242-dc003,mcstrack_20160802_061500.nc,8,trackstats,,,124405.31100641601,0.003012733,11753.189565353274,0.003012733,,,,
1,1,7052.358552631579,22.49058437347412,48,48,0.282272494,[4],4,12,79.67685428631995,1,3344,run_speed,181590-dc004,mcstrack_20160801_111500.nc,8,trackstats,,,124403.61355780224,0.00283046,11752.921813810719,0.00283046,,,,
1,1,7052.358552631579,22.49058437347412,48,48,0.282272494,[4],4,12,79.67685428631995,1,3344,run_speed,181590-dc004,mcstrack_20160801_121500.nc,8,trackstats,,,124403.61355780224,0.00283046,11752.921813810719,0.00283046,,,,
1,1,7137.4814593301435,22.762048721313477,48,48,0.610262441,[4],4,12,37.298786869489604,1,3344,run_speed,116189-dc002,mcstrack_20160801_221500.nc,8,trackstats,,,124404.37252010133,0.002911958,11753.041530734503,0.002911958,,,,
1,1,7137.4814593301435,22.762048721313477,48,48,0.610262441,[4],4,12,37.298786869489604,1,3344,run_speed,116189-dc002,mcstrack_20160801_231500.nc,8,trackstats,,,124404.37252010133,0.002911958,11753.041530734503,0.002911958,,,,
1,1,6511.827153110048,20.766782760620117,48,48,0.370562024,[4],4,12,56.04131404630961,1,3344,run_speed,181589-dc004,mcstrack_20160801_091500.nc,8,trackstats,,,124398.79413880417,0.002312947,11752.16161001987,0.002312947,,,,
1,1,6511.827153110048,20.766782760620117,48,48,0.370562024,[4],4,12,56.04131404630961,1,3344,run_speed,181589-dc004,mcstrack_20160801_081500.nc,8,trackstats,,,124398.79413880417,0.002312947,11752.16161001987,0.002312947,,,,
1,1,5859.723983253589,18.687169075012207,48,48,0.417548349,[4],4,12,44.754503567710685,1,3344,run_speed,202241-dc003,mcstrack_20160801_061500.nc,8,trackstats,,,124392.97993743066,0.001688614,11751.244491602354,0.001688614,,,,
1,1,5859.723983253589,18.687169075012207,48,48,0.417548349,[4],4,12,44.754503567710685,1,3344,run_speed,202241-dc003,mcstrack_20160801_071500.nc,8,trackstats,,,124392.97993743066,0.001688614,11751.244491602354,0.001688614,,,,
1,1,6632.008785332315,33.11652946472168,48,48,0.260941635,[4],4,12,126.91163472138771,1,5236,run_speed,101196-dc002,pr_rlut_mean_sam_2016080217.nc,0,initial_data,,,124402.99512919829,0.002428011,11755.576631066184,0.002428011,,,,
1,1,479.03575638506874,1.162668228149414,48,48,0.220687833,[4],4,12,5.268383908366231,1,2545,run_speed,168691-dc004,cloudid_20160802_071500.nc,1,initial_data,,,41192.89589796534,0.43232891290111325,6650.071176,0.43232891290111325,,,,
1,1,479.03575638506874,1.162668228149414,48,48,0.220687833,[4],4,12,5.268383908366231,1,2545,run_speed,168691-dc004,cloudid_20160801_171500.nc,1,initial_data,,,41192.89589796534,0.43232891290111325,6650.071176,0.43232891290111325,,,,
1,1,479.03575638506874,1.162668228149414,48,48,0.220687833,[4],4,12,5.268383908366231,1,2545,run_speed,168691-dc004,cloudid_20160802_061500.nc,1,initial_data,,,41192.89589796534,0.43232891290111325,6650.071176,0.43232891290111325,,,,
1,1,479.03575638506874,1.162668228149414,48,48,0.220687833,[4],4,12,5.268383908366231,1,2545,run_speed,168691-dc004,cloudid_20160802_051500.nc,1,initial_data,,,41192.89589796534,0.43232891290111325,6650.071176,0.43232891290111325,,,,
1,1,479.03575638506874,1.162668228149414,48,48,0.220687833,[4],4,12,5.268383908366231,1,2545,run_speed,168691-dc004,cloudid_20160802_211500.nc,1,initial_data,,,41192.89589796534,0.43232891290111325,6650.071176,0.43232891290111325,,,,
1,1,479.03575638506874,1.162668228149414,48,48,0.220687833,[4],4,12,5.268383908366231,1,2545,run_speed,168691-dc004,cloudid_20160801_051500.nc,1,initial_data,,,41192.89589796534,0.43232891290111325,6650.071176,0.43232891290111325,,,,
1,1,557.3393829401089,0.5857353210449219,48,48,0.181889022,[4],4,12,3.220289573,1,1102,run_speed,187858-dc001,cloudid_20160801_031500.nc,1,initial_data,,,42448.76665839035,0.5138951905626133,6799.820482141817,0.5138951905626133,,,,
1,1,563.9247506799637,0.5931940078735352,48,48,0.19138152,[4],4,12,3.0995365063122873,1,1103,run_speed,168698-dc004,cloudid_20160801_121500.nc,1,initial_data,,,42554.49714640059,0.5207549486249622,6812.436184,0.5207549486249622,,,,
1,1,563.9247506799637,0.5931940078735352,48,48,0.19138152,[4],4,12,3.0995365063122873,1,1103,run_speed,168698-dc004,cloudid_20160802_081500.nc,1,initial_data,,,42554.49714640059,0.5207549486249622,6812.436184,0.5207549486249622,,,,
1,1,6632.008785332315,33.11652946472168,48,48,0.173315838,[4],4,12,191.07618695944961,1,5236,run_speed,166676-dc004,pr_rlut_mean_sam_2016080109.nc,0,initial_data,,,124402.99512919829,0.002428011,11755.576631066184,0.002428011,,,,
1,1,580.5019305019305,0.5735397338867188,48,48,0.129036208,[4],4,12,4.444796873500178,1,1036,run_speed,168697-dc004,cloudid_20160802_101500.nc,1,initial_data,,,42820.573471230906,0.5380228442728442,6844.1784585093865,0.5380228442728442,,,,
1,1,7232.713217703349,23.06575107574463,48,48,0.438962067,[4],4,12,52.54611459569382,1,3344,run_speed,201612-dc001,mcstrack_20160802_171500.nc,8,trackstats,,,124405.22161368949,0.003003134,11753.175464755335,0.003003134,,,,
1,1,6632.008785332315,33.11652946472168,48,48,0.188413241,[4],4,12,175.7654042197686,1,5236,run_speed,166675-dc004,pr_rlut_mean_sam_2016080208.nc,0,initial_data,,,124402.99512919829,0.002428011,11755.576631066184,0.002428011,,,,
1,1,7367.787297527707,16.484097480773926,48,48,0.228610304,[4],4,12,72.10566274726587,1,2346,run_speed,176112-dc004,cloudid_20160802_221500.nc,7,trackstats,,,124404.59207556318,0.003132456,11751.463261956154,0.003132456,,,,
1,1,5345.551825353146,27.788737297058105,48,48,0.828714369,[4],4,12,33.53234641097204,1,5451,run_speed,114319-dc002,cloudid_20160802_091500.nc,7,trackstats,,,124391.2045782409,0.001196339,11753.435020574832,0.001196339,,,,
1,1,6632.008785332315,33.11652946472168,48,48,0.183857799,[4],4,12,180.12034107251378,1,5236,run_speed,185760-dc001,pr_rlut_mean_sam_2016080110.nc,0,initial_data,,,124402.99512919829,0.002428011,11755.576631066184,0.002428011,,,,
1,1,5396.277747202348,28.05243492126465,48,48,0.830253571,[4],4,12,33.78779194828016,1,5451,run_speed,179713-dc004,cloudid_20160802_211500.nc,7,trackstats,,,124391.68351042151,0.001244904,11753.534010361493,0.001244904,,,,
1,1,7214.258074,23.006896018981934,48,48,0.459542984,[4],4,12,50.06473130918681,1,3344,run_speed,202235-dc003,mcstrack_20160802_201500.nc,8,trackstats,,,124405.05706622846,0.002985465,11753.14950942676,0.002985465,,,,
1,1,136.51924080354814,1.9961481094360352,48,48,0.039312621,[4],4,12,50.77626621323557,1,15332,run_speed,196051-dc001,mcs_tracks_20160801.0000_20160802.2300.nc,5,trackstats,,,35696.09494191871,0.075540876,5994.380390579505,0.075540876,,,,
1,1,2856.402469460134,20.73840332,48,48,0.493256479,[4],4,12,42.04385386352421,1,7613,run_speed,107128-dc002,tracknumbers_20160801.0000_20160802.2300.nc,7,trackstats,,,92511.67166,0.5964851788607207,10354.46487891914,0.5964851788607207,,,,
1,1,7266.697966507177,23.174131393432617,48,48,0.457933765,[4],4,12,50.60585867354118,1,3344,run_speed,201615-dc001,mcstrack_20160802_131500.nc,8,trackstats,,,124405.52462429012,0.003035671,11753.223260933126,0.003035671,,,,
1,1,2712.0507969418168,19.95935059,48,48,0.576112433,[4],4,12,34.64488777303909,1,7717,run_speed,172540-dc004,cloudid_20160801_151500.nc,7,trackstats,,,92033.48036266814,0.5494957021294976,10337.279566219695,0.5494957021294976,,,,
1,1,526.2865065,0.8145933151245117,48,48,0.182159974,[4],4,12,4.4718567819103425,1,1623,run_speed,168701-dc004,cloudid_20160801_061500.nc,1,initial_data,,,41950.726000534516,0.4815484442390635,6740.434410599464,0.4815484442390635,,,,
1,1,3673.6848017621146,15.905884742736816,48,48,0.406852774,[4],4,12,39.094939887854416,1,4540,run_speed,110695-dc002,cloudid_20160801_031500.nc,7,trackstats,,,95217.26568088247,0.8625276047402717,10449.075570329907,0.8625276047402717,,,,
1,1,3673.6848017621146,15.905884742736816,48,48,0.406852774,[4],4,12,39.094939887854416,1,4540,run_speed,110695-dc002,IMERG_landmask_180W-180E_60S-60N.nc,7,trackstats,,,95217.26568088247,0.8625276047402717,10449.075570329907,0.8625276047402717,,,,
1,1,5351.279765,27.818513870239258,48,48,0.785994111,[4],4,12,35.39277646094126,1,5451,run_speed,199711-dc001,cloudid_20160802_221500.nc,7,trackstats,,,124391.25865896753,0.001201823,11753.446198440524,0.001201823,,,,
1,1,576.0126926563917,0.6059093475341797,48,48,0.094500663,[4],4,12,6.411694143713888,1,1103,run_speed,103223-dc002,cloudid_20160801_161500.nc,1,initial_data,,,42748.57154,0.5333465548504079,6835.592882684888,0.5333465548504079,,,,
1,1,576.0126926563917,0.6059093475341797,48,48,0.094500663,[4],4,12,6.411694143713888,1,1103,run_speed,103223-dc002,cloudid_20160801_191500.nc,1,initial_data,,,42748.57154,0.5333465548504079,6835.592882684888,0.5333465548504079,,,,
1,1,7481.984228473998,16.73959255218506,48,48,0.270870879,[4],4,12,61.799159119593135,1,2346,run_speed,110698-dc002,IMERG_landmask_180W-180E_60S-60N.nc,7,trackstats,,,124405.58184004122,0.003241789,11751.59438593274,0.003241789,,,,
1,1,4956.493670886076,25.766226768493652,48,48,0.598248754,[4],4,12,43.06941986291818,1,5451,run_speed,179716-dc004,cloudid_20160801_081500.nc,7,trackstats,,,124387.53125967889,0.000823849,11752.675787774237,0.000823849,,,,
1,1,5305.5042625745955,11.870110511779785,48,48,0.158476813,[4],4,12,74.90124446015825,1,2346,run_speed,176109-dc004,IMERG_landmask_180W-180E_60S-60N.nc,7,trackstats,,,124386.71791314258,0.001157997,11749.095293306324,0.001157997,,,,
1,1,5305.5042625745955,11.870110511779785,48,48,0.158476813,[4],4,12,74.90124446015825,1,2346,run_speed,176109-dc004,cloudid_20160801_041500.nc,7,trackstats,,,124386.71791314258,0.001157997,11749.095293306324,0.001157997,,,,
1,1,7284.025717703349,23.22939109802246,48,48,0.403769403,[4],4,12,57.531330817611405,1,3344,run_speed,201609-dc001,mcstrack_20160802_061500.nc,8,trackstats,,,124405.67911983539,0.003052261,11753.247630696209,0.003052261,,,,
1,1,3192.5337459725283,35.908453941345215,48,48,1.09122817,[4],4,12,32.90645799708893,1,11794,run_speed,107120-dc002,cloudid_20160801_003000.nc,7,trackstats,,,93627.77326343702,0.7059029121004324,10398.366098967916,0.7059029121004324,,,,
1,1,7327.547846889952,23.368186950683594,48,48,0.656705439,[4],4,12,35.583970472770204,1,3344,run_speed,202240-dc003,mcstrack_20160802_081500.nc,8,trackstats,,,124406.06716644364,0.00309393,11753.308840253365,0.00309393,,,,
1,1,7327.547846889952,23.368186950683594,48,48,0.656705439,[4],4,12,35.583970472770204,1,3344,run_speed,202240-dc003,mcstrack_20160802_071500.nc,8,trackstats,,,124406.06716644364,0.00309393,11753.308840253365,0.00309393,,,,
1,1,7233.722188995215,23.068968772888184,48,48,0.454623631,[4],4,12,50.74300410241584,1,3344,run_speed,181586-dc004,mcstrack_20160802_121500.nc,8,trackstats,,,124405.23060975411,0.0030041,11753.176883773365,0.0030041,,,,
1,1,6632.008785332315,33.11652946472168,48,48,0.215980556,[4],4,12,153.33106867602322,1,5236,run_speed,187187-dc003,pr_rlut_mean_sam_2016080105.nc,0,initial_data,,,124402.99512919829,0.002428011,11755.576631066184,0.002428011,,,,
0,1,1221.9432624113474,0.16431236267089844,48,48,0.006710793,[4],4,12,24.484790794604816,1,141,run_tracksingle,187860-dc001,track_20160802_011500.nc,1,,,,3393.5828755543344,0.064434656,10156.461669400858,0.064434656,,,,
0,1,1279.3191489361702,0.172027588,48,48,0.046003008,[4],4,12,3.7394856416916262,1,141,run_tracksingle,189222-dc003,track_20160802_121500.nc,1,,,,3397.431407,0.083111702,10163.204556408858,0.083111702,,,,
0,1,1214.354609929078,0.16329193115234375,48,48,0.014611603,[4],4,12,11.175497387408058,1,141,run_tracksingle,189221-dc003,track_20160802_001500.nc,1,,,,3393.0738609307095,0.061964391,10155.569841329343,0.061964391,,,,
0,1,1308,0.17588424682617188,48,48,0.011319297,[4],4,12,15.53844261054126,1,141,run_tracksingle,189212-dc003,track_20160801_101500.nc,1,,,,3399.355196529161,0.092447917,10166.575166428682,0.092447917,,,,
0,1,1236.4893617021276,0.16626834869384766,48,48,0.015983074,[4],4,12,10.402776630693674,1,141,run_tracksingle,189211-dc003,track_20160801_051500.nc,1,,,,3394.5585662020494,0.069169714,10158.17114545196,0.069169714,,,,
0,1,1308.985815602837,0.17601680755615234,48,48,0.033221017,[4],4,12,5.298356988,1,141,run_tracksingle,103224-dc002,track_20160801_091500.nc,1,,,,3399.4213208587726,0.09276882,10166.691020729562,0.09276882,,,,
0,1,1299.6737588652481,0.17476463317871094,48,48,0.048326022,[4],4,12,3.616367040902124,1,141,run_tracksingle,103226-dc002,track_20160802_041500.nc,1,,,,3398.7967075869783,0.089737552,10165.596656002552,0.089737552,,,,
0,1,1280.8510638297873,0.17223358154296875,48,48,0.049821731,[4],4,12,3.4569971393199634,1,141,run_tracksingle,189217-dc003,track_20160801_071500.nc,1,,,,3397.534161034548,0.083610372,10163.384588991521,0.083610372,,,,
0,1,1290.099290780142,0.1734771728515625,48,48,0.040828137,[4],4,12,4.248961270301471,1,141,run_tracksingle,103225-dc002,track_20160802_211500.nc,1,,,,3398.154492874928,0.086620863,10164.471452360918,0.086620863,,,,
0,1,1285.3333333333333,0.1728363037109375,48,48,0.015405568,[4],4,12,11.219080251434903,1,141,run_tracksingle,103220-dc002,track_20160801_151500.nc,1,,,,3397.834812662708,0.085069444,10163.911350992641,0.085069444,,,,
0,1,1293.3971631205675,0.1739206314086914,48,48,0.017358819,[4],4,12,10.019151153583167,1,141,run_tracksingle,103219-dc002,track_20160802_201500.nc,1,,,,3398.3757001646345,0.087694389,10164.859022504148,0.087694389,,,,
0,1,1294.1347517730496,0.17401981353759766,48,48,0.011436305,[4],4,12,15.216436911886982,1,141,run_tracksingle,103218-dc002,track_20160802_061500.nc,1,,,,3398.425174483192,0.08793449,10164.945704858763,0.08793449,,,,
0,1,1297.4609929078015,0.1744670867919922,48,48,0.017434642,[4],4,12,10.006921093762188,1,141,run_tracksingle,187866-dc001,track_20160802_161500.nc,1,,,,3398.6482846313047,0.08901725,10165.336608938707,0.08901725,,,,
0,1,1303.241134751773,0.17524433135986328,48,48,0.011499763,[4],4,12,15.238951564468179,1,141,run_tracksingle,168695-dc004,track_20160801_181500.nc,1,,,,3399.0359920315423,0.090898807,10166.015898544581,0.090898807,,,,
0,1,1286.7659574468084,0.17302894592285156,48,48,0.040091636,[4],4,12,4.315836498237477,1,141,run_tracksingle,187864-dc001,track_20160802_021500.nc,1,,,,3397.9309070122144,0.085535793,10164.079714796795,0.085535793,,,,
0,1,1290.5815602836878,0.17354202270507812,48,48,0.012448345,[4],4,12,13.940971486979043,1,141,run_tracksingle,103222-dc002,track_20160802_151500.nc,1,,,,3398.1868414678315,0.086777852,10164.52812928509,0.086777852,,,,
0,1,1039.0354609929077,0.13971710205078125,48,48,0.050120131,[4],4,12,2.787644390849283,1,141,run_tracksingle,103221-dc002,track_20160801_011500.nc,1,,,,3381.314196,0.004894356,10134.966112424792,0.004894356,,,,
0,1,1288.0070921985816,0.17319583892822266,48,48,0.041785182,[4],4,12,4.144910483535112,1,141,run_tracksingle,189214-dc003,track_20160802_191500.nc,1,,,,3398.014157,0.085939809,10164.225574528118,0.085939809,,,,
0,1,1298.6524822695035,0.17462730407714844,48,48,0.033307276,[4],4,12,5.242917615873134,1,141,run_tracksingle,103227-dc002,track_20160801_171500.nc,1,,,,3398.7282046843598,0.089405105,10165.476634280778,0.089405105,,,,
0,1,1294,0.17400169372558594,48,48,0.045103563,[4],4,12,3.8578259044764587,1,141,run_tracksingle,189213-dc003,track_20160802_131500.nc,1,,,,3398.4161359057634,0.087890625,10164.929868659361,0.087890625,,,,
0,1,1289.7659574468084,0.1734323501586914,48,48,0.04569409,[4],4,12,3.7955094446282094,1,141,run_tracksingle,168690-dc004,track_20160801_141500.nc,1,,,,3398.1321342886567,0.086512356,10164.432278604507,0.086512356,,,,
0,1,1294.8014184397164,0.17410945892333984,48,48,0.045974778,[4],4,12,3.7870647015052437,1,141,run_tracksingle,103217-dc002,track_20160802_181500.nc,1,,,,3398.469891655735,0.088151503,10165.024052371587,0.088151503,,,,
0,1,1299.872340425532,0.1747913360595703,48,48,0.014072627,[4],4,12,12.420661477034125,1,141,run_tracksingle,187862-dc001,track_20160801_211500.nc,1,,,,3398.810027595821,0.089802194,10165.619993559563,0.089802194,,,,
0,1,1300.5248226950355,0.1748790740966797,48,48,0.010601957,[4],4,12,16.494980511303684,1,141,run_tracksingle,187859-dc001,track_20160801_111500.nc,1,,,,3398.853793339161,0.090014591,10165.69667410403,0.090014591,,,,
0,1,1137.3475177304965,0.1529369354248047,48,48,0.012755035,[4],4,12,11.990318758420083,1,141,run_tracksingle,187857-dc001,track_20160801_031500.nc,1,,,,3387.908551787421,0.036896978,10146.519870113905,0.036896978,,,,
0,1,1297.0780141843973,0.17441558837890625,48,48,0.044220951,[4],4,12,3.9441844744339907,1,141,run_tracksingle,168700-dc004,track_20160801_131500.nc,1,,,,3398.6225960428224,0.088892583,10165.291600793042,0.088892583,,,,
0,1,1296.9787234042553,0.17440223693847656,48,48,0.045868896,[4],4,12,3.802189547759697,1,141,run_tracksingle,189216-dc003,track_20160801_231500.nc,1,,,,3398.6159360384013,0.088860262,10165.279932014535,0.088860262,,,,
0,1,1288.2624113475176,0.17323017120361328,48,48,0.044972759,[4],4,12,3.8518911237714653,1,141,run_tracksingle,189215-dc003,track_20160802_141500.nc,1,,,,3398.031282793135,0.08602292,10164.25557995856,0.08602292,,,,
0,1,5482.369975233378,27.44384766,48,48,0.12539132,[4],4,12,218.86560932806194,1,5249,run_tracksingle,166666-dc004,cloudid_20160802_101500.nc,0,,,,4046.131986934712,0.00132733,11753.415531351053,0.00132733,,,,
0,1,5448.753857877691,27.27557087,48,48,0.113215648,[4],4,12,240.91696997084537,1,5249,run_tracksingle,166667-dc004,cloudid_20160802_091500.nc,0,,,,4046.1432373223247,0.001295146,11753.35168735627,0.001295146,,,,
0,1,1268.7163120567375,0.17060184478759766,48,48,0.05047922,[4],4,12,3.379645025965093,1,141,run_tracksingle,168693-dc004,track_20160802_111500.nc,1,,,,3396.7202133513497,0.079660258,10161.958497561274,0.079660258,,,,
0,1,3142.002756573367,28.26249122619629,48,48,0.143419861,[4],4,12,197.06120915984076,1,9432,run_tracksingle,114318-dc002,mcstrack_20160802_191500.nc,7,trackstats,,,3520.1546374772015,0.6894540223220597,10390.205991744915,0.6894540223220597,,,,
0,1,4931.208420651553,24.684823036193848,48,48,0.114772915,[4],4,12,215.07533407332076,1,5249,run_tracksingle,101193-dc002,cloudid_20160801_071500.nc,0,,,,4046.3164455103524,0.00079964,11752.368760986628,0.00079964,,,,
0,1,5498.886645075252,27.526527404785156,48,48,0.134676059,[4],4,12,204.39065123508817,1,5249,run_tracksingle,166673-dc004,cloudid_20160801_181500.nc,0,,,,4046.126459260716,0.001343144,11753.44689994047,0.001343144,,,,
0,1,3135.7947413061916,28.206649780273438,48,48,0.135101749,[4],4,12,208.78078921297634,1,9432,run_tracksingle,114313-dc002,mcstrack_20160802_111500.nc,7,trackstats,,,3519.742612,0.6874331840189426,10389.460420740155,0.6874331840189426,,,,
0,1,1300.7304964539007,0.17490673065185547,48,48,0.045821192,[4],4,12,3.8171580226864346,1,141,run_tracksingle,168691-dc004,track_20160802_051500.nc,1,,,,3398.8675890626046,0.090081542,10165.72084514522,0.090081542,,,,
0,1,3073.039122137405,27.642159461975098,48,48,0.153022794,[4],4,12,180.64079696502665,1,9432,run_tracksingle,199712-dc001,mcstrack_20160801_141500.nc,7,trackstats,,,3515.577525218503,0.6670049225707698,10381.92358843154,0.6670049225707698,,,,
0,1,3095.039546225615,27.840054512023926,48,48,0.159480113,[4],4,12,174.56756198827077,1,9432,run_tracksingle,200354-dc003,mcstrack_20160801_131500.nc,7,trackstats,,,3517.0376920385133,0.6741665189536508,10384.565798153435,0.6741665189536508,,,,
0,1,1294.3829787234042,0.17405319213867188,48,48,0.016292302,[4],4,12,10.683155280246577,1,141,run_tracksingle,187865-dc001,track_20160801_081500.nc,1,,,,3398.4418244942453,0.088015293,10164.974876805027,0.088015293,,,,
0,1,3114.8008905852416,28.01780891418457,48,48,0.1701712,[4],4,12,164.64483363920905,1,9432,run_tracksingle,199718-dc001,mcstrack_20160802_021500.nc,7,trackstats,,,3518.349251271964,0.6805992482373834,10386.93909859416,0.6805992482373834,,,,
0,1,5501.445799199848,27.53933811187744,48,48,0.123731691,[4],4,12,222.57303597246917,1,5249,run_tracksingle,101194-dc002,cloudid_20160802_211500.nc,0,,,,4046.125602782392,0.001345594,11753.451760306136,0.001345594,,,,
0,1,5365.741093541627,26.86002254486084,48,48,0.124128858,[4],4,12,216.38821928790193,1,5249,run_tracksingle,166670-dc004,cloudid_20160802_011500.nc,0,,,,4046.1710194057123,0.001215668,11753.194028860584,0.001215668,,,,
0,1,1190.0283687943263,0.1600208282470703,48,48,0.040788583,[4],4,12,3.9231769401518632,1,141,run_tracksingle,187861-dc001,track_20160801_041500.nc,1,,,,3391.442159847501,0.054045693,10152.710990595417,0.054045693,,,,
0,1,3141.0087998303648,28.25355052947998,48,48,0.156818647,[4],4,12,180.16703415047306,1,9432,run_tracksingle,114319-dc002,mcstrack_20160802_091500.nc,7,trackstats,,,3520.0886686281083,0.6891304686947802,10390.086619401956,0.6891304686947802,,,,
0,1,1297.276595744681,0.17444229125976562,48,48,0.008649766,[4],4,12,20.167284439806306,1,141,run_tracksingle,168699-dc004,track_20160801_221500.nc,1,,,,3398.635916051665,0.088957225,10165.314938350053,0.088957225,,,,
0,1,5243.657649076014,26.248892784118652,48,48,0.111924092,[4],4,12,234.52406282749786,1,5249,run_tracksingle,185760-dc001,cloudid_20160801_101500.nc,0,,,,4046.2118773684792,0.001098784,11752.962167021542,0.001098784,,,,
0,1,5519.549628500667,27.629962921142578,48,48,0.118506907,[4],4,12,233.15065442677175,1,5249,run_tracksingle,187184-dc003,cloudid_20160801_171500.nc,0,,,,4046.119543929885,0.001362927,11753.486143241298,0.001362927,,,,
0,1,2742.4254664970313,24.66827106,48,48,0.10908596,[4],4,12,226.1360771336504,1,9432,run_tracksingle,200350-dc003,mcstrack_20160801_061500.nc,7,trackstats,,,3493.6347168311386,0.5593832898753357,10342.217507693213,0.5593832898753357,,,,
0,1,3578.141931796533,17.911593437194824,48,48,0.088981567,[4],4,12,201.29554964113888,1,5249,run_tracksingle,101199-dc002,cloudid_20160801_021500.nc,0,,,,3550.238209918791,0.8314264100900172,10438.434292349964,0.8314264100900172,,,,
0,1,3126.807463952502,28.125808715820312,48,48,0.1357533,[4],4,12,207.18324133424613,1,9432,run_tracksingle,199713-dc001,mcstrack_20160801_201500.nc,7,trackstats,,,3519.146126822299,0.6845076380053717,10388.381065564907,0.6845076380053717,,,,
0,1,1270.4113475177305,0.17082977294921875,48,48,0.050484597,[4],4,12,3.383799873637077,1,141,run_tracksingle,168696-dc004,track_20160802_101500.nc,1,,,,3396.8339091411126,0.080212027,10162.157700280051,0.080212027,,,,
0,1,1285.177304964539,0.17281532287597656,48,48,0.007336887,[4],4,12,23.554311641432744,1,141,run_tracksingle,189220-dc003,track_20160802_031500.nc,1,,,,3397.8243469414742,0.085018654,10163.893014340703,0.085018654,,,,
0,1,1297.5177304964539,0.17447471618652344,48,48,0.01458157,[4],4,12,11.965427329603289,1,141,run_tracksingle,103228-dc002,track_20160802_221500.nc,1,,,,3398.652090348117,0.08903572,10165.34327681214,0.08903572,,,,
0,1,1298.8014184397164,0.17464733123779297,48,48,0.048096927,[4],4,12,3.631153633532408,1,141,run_tracksingle,189219-dc003,track_20160802_171500.nc,1,,,,3398.738194690992,0.089453587,10165.494137448535,0.089453587,,,,
1,1,545.4420118343195,0.879094124,48,48,0.091098798,[4],4,12,9.649898167,1,1690,run_tracksingle,187860-dc001,cloudid_20160802_081500.nc,1,initial_data,,,42258.35970106107,0.5015020956607494,6777.147550539037,0.5015020956607494,,,,
1,1,545.4420118343195,0.879094124,48,48,0.091098798,[4],4,12,9.649898167,1,1690,run_tracksingle,187860-dc001,cloudid_20160801_201500.nc,1,initial_data,,,42258.35970106107,0.5015020956607494,6777.147550539037,0.5015020956607494,,,,
1,1,545.4420118343195,0.879094124,48,48,0.091098798,[4],4,12,9.649898167,1,1690,run_tracksingle,187860-dc001,cloudid_20160802_021500.nc,1,initial_data,,,42258.35970106107,0.5015020956607494,6777.147550539037,0.5015020956607494,,,,
1,1,545.4420118343195,0.879094124,48,48,0.091098798,[4],4,12,9.649898167,1,1690,run_tracksingle,187860-dc001,cloudid_20160802_011500.nc,1,initial_data,,,42258.35970106107,0.5015020956607494,6777.147550539037,0.5015020956607494,,,,
1,1,545.4420118343195,0.879094124,48,48,0.091098798,[4],4,12,9.649898167,1,1690,run_tracksingle,187860-dc001,cloudid_20160801_181500.nc,1,initial_data,,,42258.35970106107,0.5015020956607494,6777.147550539037,0.5015020956607494,,,,
1,1,545.4420118343195,0.879094124,48,48,0.091098798,[4],4,12,9.649898167,1,1690,run_tracksingle,187860-dc001,cloudid_20160802_001500.nc,1,initial_data,,,42258.35970106107,0.5015020956607494,6777.147550539037,0.5015020956607494,,,,
1,1,460.5207100591716,0.7422256469726562,48,48,0.084240667,[4],4,12,8.810775999347872,1,1690,run_tracksingle,189222-dc003,cloudid_20160802_111500.nc,1,initial_data,,,40894.836293679975,0.4130424063116371,6614.446570933727,0.4130424063116371,,,,
1,1,460.5207100591716,0.7422256469726562,48,48,0.084240667,[4],4,12,8.810775999347872,1,1690,run_tracksingle,189222-dc003,cloudid_20160801_211500.nc,1,initial_data,,,40894.836293679975,0.4130424063116371,6614.446570933727,0.4130424063116371,,,,
1,1,460.5207100591716,0.7422256469726562,48,48,0.084240667,[4],4,12,8.810775999347872,1,1690,run_tracksingle,189222-dc003,cloudid_20160801_161500.nc,1,initial_data,,,40894.836293679975,0.4130424063116371,6614.446570933727,0.4130424063116371,,,,
1,1,460.5207100591716,0.7422256469726562,48,48,0.084240667,[4],4,12,8.810775999347872,1,1690,run_tracksingle,189222-dc003,cloudid_20160802_121500.nc,1,initial_data,,,40894.836293679975,0.4130424063116371,6614.446570933727,0.4130424063116371,,,,
1,1,460.5207100591716,0.7422256469726562,48,48,0.084240667,[4],4,12,8.810775999347872,1,1690,run_tracksingle,189222-dc003,cloudid_20160802_071500.nc,1,initial_data,,,40894.836293679975,0.4130424063116371,6614.446570933727,0.4130424063116371,,,,
1,1,460.5207100591716,0.7422256469726562,48,48,0.084240667,[4],4,12,8.810775999347872,1,1690,run_tracksingle,189222-dc003,cloudid_20160801_021500.nc,1,initial_data,,,40894.836293679975,0.4130424063116371,6614.446570933727,0.4130424063116371,,,,
1,1,433.55326207150756,2.243480682373047,48,48,0.863017935,[4],4,12,2.599575966370904,1,5426,run_tracksingle,189221-dc003,cloudid_20160802_191500.nc,1,initial_data,,,40464.90777965782,0.3849513146578204,6563.378978689391,0.3849513146578204,,,,
1,1,433.55326207150756,2.243480682373047,48,48,0.863017935,[4],4,12,2.599575966370904,1,5426,run_tracksingle,189221-dc003,cloudid_20160802_081500.nc,1,initial_data,,,40464.90777965782,0.3849513146578204,6563.378978689391,0.3849513146578204,,,,
1,1,433.55326207150756,2.243480682373047,48,48,0.863017935,[4],4,12,2.599575966370904,1,5426,run_tracksingle,189221-dc003,cloudid_20160801_211500.nc,1,initial_data,,,40464.90777965782,0.3849513146578204,6563.378978689391,0.3849513146578204,,,,
1,1,433.55326207150756,2.243480682373047,48,48,0.863017935,[4],4,12,2.599575966370904,1,5426,run_tracksingle,189221-dc003,cloudid_20160802_131500.nc,1,initial_data,,,40464.90777965782,0.3849513146578204,6563.378978689391,0.3849513146578204,,,,
1,1,433.55326207150756,2.243480682373047,48,48,0.863017935,[4],4,12,2.599575966370904,1,5426,run_tracksingle,189221-dc003,cloudid_20160802_101500.nc,1,initial_data,,,40464.90777965782,0.3849513146578204,6563.378978689391,0.3849513146578204,,,,
1,1,433.55326207150756,2.243480682373047,48,48,0.863017935,[4],4,12,2.599575966370904,1,5426,run_tracksingle,189221-dc003,cloudid_20160802_091500.nc,1,initial_data,,,40464.90777965782,0.3849513146578204,6563.378978689391,0.3849513146578204,,,,
1,1,433.55326207150756,2.243480682373047,48,48,0.863017935,[4],4,12,2.599575966370904,1,5426,run_tracksingle,189221-dc003,cloudid_20160801_101500.nc,1,initial_data,,,40464.90777965782,0.3849513146578204,6563.378978689391,0.3849513146578204,,,,
1,1,433.55326207150756,2.243480682373047,48,48,0.863017935,[4],4,12,2.599575966370904,1,5426,run_tracksingle,189221-dc003,cloudid_20160801_111500.nc,1,initial_data,,,40464.90777965782,0.3849513146578204,6563.378978689391,0.3849513146578204,,,,
1,1,433.55326207150756,2.243480682373047,48,48,0.863017935,[4],4,12,2.599575966370904,1,5426,run_tracksingle,189221-dc003,cloudid_20160802_161500.nc,1,initial_data,,,40464.90777965782,0.3849513146578204,6563.378978689391,0.3849513146578204,,,,
1,1,433.55326207150756,2.243480682373047,48,48,0.863017935,[4],4,12,2.599575966370904,1,5426,run_tracksingle,189221-dc003,cloudid_20160802_021500.nc,1,initial_data,,,40464.90777965782,0.3849513146578204,6563.378978689391,0.3849513146578204,,,,
1,1,433.55326207150756,2.243480682373047,48,48,0.863017935,[4],4,12,2.599575966370904,1,5426,run_tracksingle,189221-dc003,cloudid_20160802_071500.nc,1,initial_data,,,40464.90777965782,0.3849513146578204,6563.378978689391,0.3849513146578204,,,,
1,1,433.55326207150756,2.243480682373047,48,48,0.863017935,[4],4,12,2.599575966370904,1,5426,run_tracksingle,189221-dc003,cloudid_20160801_141500.nc,1,initial_data,,,40464.90777965782,0.3849513146578204,6563.378978689391,0.3849513146578204,,,,
1,1,433.55326207150756,2.243480682373047,48,48,0.863017935,[4],4,12,2.599575966370904,1,5426,run_tracksingle,189221-dc003,cloudid_20160802_181500.nc,1,initial_data,,,40464.90777965782,0.3849513146578204,6563.378978689391,0.3849513146578204,,,,
1,1,433.55326207150756,2.243480682373047,48,48,0.863017935,[4],4,12,2.599575966370904,1,5426,run_tracksingle,189221-dc003,cloudid_20160801_151500.nc,1,initial_data,,,40464.90777965782,0.3849513146578204,6563.378978689391,0.3849513146578204,,,,
1,1,433.55326207150756,2.243480682373047,48,48,0.863017935,[4],4,12,2.599575966370904,1,5426,run_tracksingle,189221-dc003,cloudid_20160802_051500.nc,1,initial_data,,,40464.90777965782,0.3849513146578204,6563.378978689391,0.3849513146578204,,,,
1,1,433.55326207150756,2.243480682373047,48,48,0.863017935,[4],4,12,2.599575966370904,1,5426,run_tracksingle,189221-dc003,cloudid_20160802_121500.nc,1,initial_data,,,40464.90777965782,0.3849513146578204,6563.378978689391,0.3849513146578204,,,,
1,1,433.55326207150756,2.243480682373047,48,48,0.863017935,[4],4,12,2.599575966370904,1,5426,run_tracksingle,189221-dc003,cloudid_20160802_001500.nc,1,initial_data,,,40464.90777965782,0.3849513146578204,6563.378978689391,0.3849513146578204,,,,
1,1,433.55326207150756,2.243480682373047,48,48,0.863017935,[4],4,12,2.599575966370904,1,5426,run_tracksingle,189221-dc003,cloudid_20160801_231500.nc,1,initial_data,,,40464.90777965782,0.3849513146578204,6563.378978689391,0.3849513146578204,,,,
1,1,433.55326207150756,2.243480682373047,48,48,0.863017935,[4],4,12,2.599575966370904,1,5426,run_tracksingle,189221-dc003,cloudid_20160802_011500.nc,1,initial_data,,,40464.90777965782,0.3849513146578204,6563.378978689391,0.3849513146578204,,,,
1,1,433.55326207150756,2.243480682373047,48,48,0.863017935,[4],4,12,2.599575966370904,1,5426,run_tracksingle,189221-dc003,cloudid_20160801_201500.nc,1,initial_data,,,40464.90777965782,0.3849513146578204,6563.378978689391,0.3849513146578204,,,,
1,1,433.55326207150756,2.243480682373047,48,48,0.863017935,[4],4,12,2.599575966370904,1,5426,run_tracksingle,189221-dc003,cloudid_20160801_061500.nc,1,initial_data,,,40464.90777965782,0.3849513146578204,6563.378978689391,0.3849513146578204,,,,
1,1,433.55326207150756,2.243480682373047,48,48,0.863017935,[4],4,12,2.599575966370904,1,5426,run_tracksingle,189221-dc003,cloudid_20160801_081500.nc,1,initial_data,,,40464.90777965782,0.3849513146578204,6563.378978689391,0.3849513146578204,,,,
1,1,433.55326207150756,2.243480682373047,48,48,0.863017935,[4],4,12,2.599575966370904,1,5426,run_tracksingle,189221-dc003,cloudid_20160801_071500.nc,1,initial_data,,,40464.90777965782,0.3849513146578204,6563.378978689391,0.3849513146578204,,,,
1,1,433.55326207150756,2.243480682373047,48,48,0.863017935,[4],4,12,2.599575966370904,1,5426,run_tracksingle,189221-dc003,cloudid_20160801_161500.nc,1,initial_data,,,40464.90777965782,0.3849513146578204,6563.378978689391,0.3849513146578204,,,,
1,1,433.55326207150756,2.243480682373047,48,48,0.863017935,[4],4,12,2.599575966370904,1,5426,run_tracksingle,189221-dc003,cloudid_20160801_131500.nc,1,initial_data,,,40464.90777965782,0.3849513146578204,6563.378978689391,0.3849513146578204,,,,
1,1,433.55326207150756,2.243480682373047,48,48,0.863017935,[4],4,12,2.599575966370904,1,5426,run_tracksingle,189221-dc003,cloudid_20160802_171500.nc,1,initial_data,,,40464.90777965782,0.3849513146578204,6563.378978689391,0.3849513146578204,,,,
1,1,433.55326207150756,2.243480682373047,48,48,0.863017935,[4],4,12,2.599575966370904,1,5426,run_tracksingle,189221-dc003,cloudid_20160802_031500.nc,1,initial_data,,,40464.90777965782,0.3849513146578204,6563.378978689391,0.3849513146578204,,,,
1,1,433.55326207150756,2.243480682373047,48,48,0.863017935,[4],4,12,2.599575966370904,1,5426,run_tracksingle,189221-dc003,cloudid_20160801_121500.nc,1,initial_data,,,40464.90777965782,0.3849513146578204,6563.378978689391,0.3849513146578204,,,,
1,1,433.55326207150756,2.243480682373047,48,48,0.863017935,[4],4,12,2.599575966370904,1,5426,run_tracksingle,189221-dc003,cloudid_20160801_181500.nc,1,initial_data,,,40464.90777965782,0.3849513146578204,6563.378978689391,0.3849513146578204,,,,
1,1,433.55326207150756,2.243480682373047,48,48,0.863017935,[4],4,12,2.599575966370904,1,5426,run_tracksingle,189221-dc003,cloudid_20160802_211500.nc,1,initial_data,,,40464.90777965782,0.3849513146578204,6563.378978689391,0.3849513146578204,,,,
1,1,433.55326207150756,2.243480682373047,48,48,0.863017935,[4],4,12,2.599575966370904,1,5426,run_tracksingle,189221-dc003,cloudid_20160802_201500.nc,1,initial_data,,,40464.90777965782,0.3849513146578204,6563.378978689391,0.3849513146578204,,,,
1,1,433.55326207150756,2.243480682373047,48,48,0.863017935,[4],4,12,2.599575966370904,1,5426,run_tracksingle,189221-dc003,cloudid_20160802_141500.nc,1,initial_data,,,40464.90777965782,0.3849513146578204,6563.378978689391,0.3849513146578204,,,,
1,1,433.55326207150756,2.243480682373047,48,48,0.863017935,[4],4,12,2.599575966370904,1,5426,run_tracksingle,189221-dc003,cloudid_20160802_221500.nc,1,initial_data,,,40464.90777965782,0.3849513146578204,6563.378978689391,0.3849513146578204,,,,
1,1,433.55326207150756,2.243480682373047,48,48,0.863017935,[4],4,12,2.599575966370904,1,5426,run_tracksingle,189221-dc003,cloudid_20160801_091500.nc,1,initial_data,,,40464.90777965782,0.3849513146578204,6563.378978689391,0.3849513146578204,,,,
1,1,433.55326207150756,2.243480682373047,48,48,0.863017935,[4],4,12,2.599575966370904,1,5426,run_tracksingle,189221-dc003,cloudid_20160802_041500.nc,1,initial_data,,,40464.90777965782,0.3849513146578204,6563.378978689391,0.3849513146578204,,,,
1,1,433.55326207150756,2.243480682373047,48,48,0.863017935,[4],4,12,2.599575966370904,1,5426,run_tracksingle,189221-dc003,cloudid_20160801_191500.nc,1,initial_data,,,40464.90777965782,0.3849513146578204,6563.378978689391,0.3849513146578204,,,,
1,1,433.55326207150756,2.243480682373047,48,48,0.863017935,[4],4,12,2.599575966370904,1,5426,run_tracksingle,189221-dc003,cloudid_20160801_221500.nc,1,initial_data,,,40464.90777965782,0.3849513146578204,6563.378978689391,0.3849513146578204,,,,
1,1,433.55326207150756,2.243480682373047,48,48,0.863017935,[4],4,12,2.599575966370904,1,5426,run_tracksingle,189221-dc003,cloudid_20160802_111500.nc,1,initial_data,,,40464.90777965782,0.3849513146578204,6563.378978689391,0.3849513146578204,,,,
1,1,433.55326207150756,2.243480682373047,48,48,0.863017935,[4],4,12,2.599575966370904,1,5426,run_tracksingle,189221-dc003,cloudid_20160801_051500.nc,1,initial_data,,,40464.90777965782,0.3849513146578204,6563.378978689391,0.3849513146578204,,,,
1,1,538.3889875666075,0.867213249,48,48,0.169089665,[4],4,12,5.128718240742526,1,1689,run_tracksingle,189212-dc003,cloudid_20160802_031500.nc,1,initial_data,,,42145.113081890806,0.49415519538188285,6763.634440713614,0.49415519538188285,,,,
1,1,538.3889875666075,0.867213249,48,48,0.169089665,[4],4,12,5.128718240742526,1,1689,run_tracksingle,189212-dc003,cloudid_20160801_091500.nc,1,initial_data,,,42145.113081890806,0.49415519538188285,6763.634440713614,0.49415519538188285,,,,
1,1,538.3889875666075,0.867213249,48,48,0.169089665,[4],4,12,5.128718240742526,1,1689,run_tracksingle,189212-dc003,cloudid_20160801_201500.nc,1,initial_data,,,42145.113081890806,0.49415519538188285,6763.634440713614,0.49415519538188285,,,,
1,1,538.3889875666075,0.867213249,48,48,0.169089665,[4],4,12,5.128718240742526,1,1689,run_tracksingle,189212-dc003,cloudid_20160801_101500.nc,1,initial_data,,,42145.113081890806,0.49415519538188285,6763.634440713614,0.49415519538188285,,,,
1,1,538.3889875666075,0.867213249,48,48,0.169089665,[4],4,12,5.128718240742526,1,1689,run_tracksingle,189212-dc003,cloudid_20160802_121500.nc,1,initial_data,,,42145.113081890806,0.49415519538188285,6763.634440713614,0.49415519538188285,,,,
1,1,538.3889875666075,0.867213249,48,48,0.169089665,[4],4,12,5.128718240742526,1,1689,run_tracksingle,189212-dc003,cloudid_20160801_131500.nc,1,initial_data,,,42145.113081890806,0.49415519538188285,6763.634440713614,0.49415519538188285,,,,
1,1,510.0049369171695,0.8866682052612305,48,48,0.133219967,[4],4,12,6.655670506668347,1,1823,run_tracksingle,189211-dc003,cloudid_20160801_051500.nc,1,initial_data,,,41689.49930270694,0.46458847595538494,6709.278653346207,0.46458847595538494,,,,
1,1,510.0049369171695,0.8866682052612305,48,48,0.133219967,[4],4,12,6.655670506668347,1,1823,run_tracksingle,189211-dc003,cloudid_20160801_111500.nc,1,initial_data,,,41689.49930270694,0.46458847595538494,6709.278653346207,0.46458847595538494,,,,
1,1,510.0049369171695,0.8866682052612305,48,48,0.133219967,[4],4,12,6.655670506668347,1,1823,run_tracksingle,189211-dc003,cloudid_20160802_011500.nc,1,initial_data,,,41689.49930270694,0.46458847595538494,6709.278653346207,0.46458847595538494,,,,
1,1,510.0049369171695,0.8866682052612305,48,48,0.133219967,[4],4,12,6.655670506668347,1,1823,run_tracksingle,189211-dc003,cloudid_20160802_121500.nc,1,initial_data,,,41689.49930270694,0.46458847595538494,6709.278653346207,0.46458847595538494,,,,
1,1,510.0049369171695,0.8866682052612305,48,48,0.133219967,[4],4,12,6.655670506668347,1,1823,run_tracksingle,189211-dc003,cloudid_20160802_051500.nc,1,initial_data,,,41689.49930270694,0.46458847595538494,6709.278653346207,0.46458847595538494,,,,
1,1,510.0049369171695,0.8866682052612305,48,48,0.133219967,[4],4,12,6.655670506668347,1,1823,run_tracksingle,189211-dc003,cloudid_20160802_221500.nc,1,initial_data,,,41689.49930270694,0.46458847595538494,6709.278653346207,0.46458847595538494,,,,
1,1,510.0049369171695,0.8866682052612305,48,48,0.133219967,[4],4,12,6.655670506668347,1,1823,run_tracksingle,189211-dc003,cloudid_20160802_101500.nc,1,initial_data,,,41689.49930270694,0.46458847595538494,6709.278653346207,0.46458847595538494,,,,
1,1,510.0049369171695,0.8866682052612305,48,48,0.133219967,[4],4,12,6.655670506668347,1,1823,run_tracksingle,189211-dc003,cloudid_20160801_041500.nc,1,initial_data,,,41689.49930270694,0.46458847595538494,6709.278653346207,0.46458847595538494,,,,
1,1,500.64645997223505,1.0317773818969727,48,48,0.227822518,[4],4,12,4.528864797714915,1,2161,run_tracksingle,103224-dc002,cloudid_20160802_181500.nc,1,initial_data,,,41539.554929717226,0.45484006247107817,6691.4108811029155,0.45484006247107817,,,,
1,1,500.64645997223505,1.0317773818969727,48,48,0.227822518,[4],4,12,4.528864797714915,1,2161,run_tracksingle,103224-dc002,cloudid_20160801_151500.nc,1,initial_data,,,41539.554929717226,0.45484006247107817,6691.4108811029155,0.45484006247107817,,,,
1,1,500.64645997223505,1.0317773818969727,48,48,0.227822518,[4],4,12,4.528864797714915,1,2161,run_tracksingle,103224-dc002,cloudid_20160801_141500.nc,1,initial_data,,,41539.554929717226,0.45484006247107817,6691.4108811029155,0.45484006247107817,,,,
1,1,500.64645997223505,1.0317773818969727,48,48,0.227822518,[4],4,12,4.528864797714915,1,2161,run_tracksingle,103224-dc002,cloudid_20160801_081500.nc,1,initial_data,,,41539.554929717226,0.45484006247107817,6691.4108811029155,0.45484006247107817,,,,
1,1,500.64645997223505,1.0317773818969727,48,48,0.227822518,[4],4,12,4.528864797714915,1,2161,run_tracksingle,103224-dc002,cloudid_20160802_001500.nc,1,initial_data,,,41539.554929717226,0.45484006247107817,6691.4108811029155,0.45484006247107817,,,,
1,1,500.64645997223505,1.0317773818969727,48,48,0.227822518,[4],4,12,4.528864797714915,1,2161,run_tracksingle,103224-dc002,cloudid_20160801_111500.nc,1,initial_data,,,41539.554929717226,0.45484006247107817,6691.4108811029155,0.45484006247107817,,,,
1,1,500.64645997223505,1.0317773818969727,48,48,0.227822518,[4],4,12,4.528864797714915,1,2161,run_tracksingle,103224-dc002,cloudid_20160802_191500.nc,1,initial_data,,,41539.554929717226,0.45484006247107817,6691.4108811029155,0.45484006247107817,,,,
1,1,500.64645997223505,1.0317773818969727,48,48,0.227822518,[4],4,12,4.528864797714915,1,2161,run_tracksingle,103224-dc002,cloudid_20160801_011500.nc,1,initial_data,,,41539.554929717226,0.45484006247107817,6691.4108811029155,0.45484006247107817,,,,
1,1,500.64645997223505,1.0317773818969727,48,48,0.227822518,[4],4,12,4.528864797714915,1,2161,run_tracksingle,103224-dc002,cloudid_20160801_091500.nc,1,initial_data,,,41539.554929717226,0.45484006247107817,6691.4108811029155,0.45484006247107817,,,,
1,1,500.64645997223505,1.0317773818969727,48,48,0.227822518,[4],4,12,4.528864797714915,1,2161,run_tracksingle,103224-dc002,cloudid_20160801_003000.nc,1,initial_data,,,41539.554929717226,0.45484006247107817,6691.4108811029155,0.45484006247107817,,,,
1,1,500.64645997223505,1.0317773818969727,48,48,0.227822518,[4],4,12,4.528864797714915,1,2161,run_tracksingle,103224-dc002,cloudid_20160802_221500.nc,1,initial_data,,,41539.554929717226,0.45484006247107817,6691.4108811029155,0.45484006247107817,,,,
1,1,574.374613,0.5307855606079102,48,48,0.050219462,[4],4,12,10.569319930347126,1,969,run_tracksingle,103226-dc002,cloudid_20160802_031500.nc,1,initial_data,,,42722.125983390506,0.531640222,6832.426353851138,0.531640222,,,,
1,1,574.374613,0.5307855606079102,48,48,0.050219462,[4],4,12,10.569319930347126,1,969,run_tracksingle,103226-dc002,cloudid_20160802_041500.nc,1,initial_data,,,42722.125983390506,0.531640222,6832.426353851138,0.531640222,,,,
1,1,574.374613,0.5307855606079102,48,48,0.050219462,[4],4,12,10.569319930347126,1,969,run_tracksingle,103226-dc002,cloudid_20160801_221500.nc,1,initial_data,,,42722.125983390506,0.531640222,6832.426353851138,0.531640222,,,,
1,1,431.9685230024213,1.0208301544189453,48,48,0.277817997,[4],4,12,3.6744565342861693,1,2478,run_tracksingle,189217-dc003,cloudid_20160801_003000.nc,1,initial_data,,,40437.03834,0.38330054479418885,6559.869317819633,0.38330054479418885,,,,
1,1,431.9685230024213,1.0208301544189453,48,48,0.277817997,[4],4,12,3.6744565342861693,1,2478,run_tracksingle,189217-dc003,cloudid_20160801_181500.nc,1,initial_data,,,40437.03834,0.38330054479418885,6559.869317819633,0.38330054479418885,,,,
1,1,431.9685230024213,1.0208301544189453,48,48,0.277817997,[4],4,12,3.6744565342861693,1,2478,run_tracksingle,189217-dc003,cloudid_20160801_231500.nc,1,initial_data,,,40437.03834,0.38330054479418885,6559.869317819633,0.38330054479418885,,,,
1,1,431.9685230024213,1.0208301544189453,48,48,0.277817997,[4],4,12,3.6744565342861693,1,2478,run_tracksingle,189217-dc003,cloudid_20160801_121500.nc,1,initial_data,,,40437.03834,0.38330054479418885,6559.869317819633,0.38330054479418885,,,,
1,1,431.9685230024213,1.0208301544189453,48,48,0.277817997,[4],4,12,3.6744565342861693,1,2478,run_tracksingle,189217-dc003,cloudid_20160801_061500.nc,1,initial_data,,,40437.03834,0.38330054479418885,6559.869317819633,0.38330054479418885,,,,
1,1,431.9685230024213,1.0208301544189453,48,48,0.277817997,[4],4,12,3.6744565342861693,1,2478,run_tracksingle,189217-dc003,cloudid_20160802_101500.nc,1,initial_data,,,40437.03834,0.38330054479418885,6559.869317819633,0.38330054479418885,,,,
1,1,431.9685230024213,1.0208301544189453,48,48,0.277817997,[4],4,12,3.6744565342861693,1,2478,run_tracksingle,189217-dc003,cloudid_20160801_071500.nc,1,initial_data,,,40437.03834,0.38330054479418885,6559.869317819633,0.38330054479418885,,,,
1,1,431.9685230024213,1.0208301544189453,48,48,0.277817997,[4],4,12,3.6744565342861693,1,2478,run_tracksingle,189217-dc003,cloudid_20160802_001500.nc,1,initial_data,,,40437.03834,0.38330054479418885,6559.869317819633,0.38330054479418885,,,,
1,1,431.9685230024213,1.0208301544189453,48,48,0.277817997,[4],4,12,3.6744565342861693,1,2478,run_tracksingle,189217-dc003,cloudid_20160801_201500.nc,1,initial_data,,,40437.03834,0.38330054479418885,6559.869317819633,0.38330054479418885,,,,
1,1,431.9685230024213,1.0208301544189453,48,48,0.277817997,[4],4,12,3.6744565342861693,1,2478,run_tracksingle,189217-dc003,cloudid_20160801_161500.nc,1,initial_data,,,40437.03834,0.38330054479418885,6559.869317819633,0.38330054479418885,,,,
1,1,600.8596491,0.5552606582641602,48,48,0.087525478,[4],4,12,6.343988869894091,1,969,run_tracksingle,103225-dc002,cloudid_20160802_211500.nc,1,initial_data,,,43147.341953719624,0.5592288011695906,6883.162048117415,0.5592288011695906,,,,
1,1,600.8596491,0.5552606582641602,48,48,0.087525478,[4],4,12,6.343988869894091,1,969,run_tracksingle,103225-dc002,cloudid_20160802_201500.nc,1,initial_data,,,43147.341953719624,0.5592288011695906,6883.162048117415,0.5592288011695906,,,,
1,1,600.8596491,0.5552606582641602,48,48,0.087525478,[4],4,12,6.343988869894091,1,969,run_tracksingle,103225-dc002,cloudid_20160802_141500.nc,1,initial_data,,,43147.341953719624,0.5592288011695906,6883.162048117415,0.5592288011695906,,,,
1,1,569.9961439588689,0.8458271026611328,48,48,0.092559916,[4],4,12,9.138157630362723,1,1556,run_tracksingle,103220-dc002,cloudid_20160801_151500.nc,1,initial_data,,,42652.46391174194,0.5270793166238217,6824.1626209652095,0.5270793166238217,,,,
1,1,569.9961439588689,0.8458271026611328,48,48,0.092559916,[4],4,12,9.138157630362723,1,1556,run_tracksingle,103220-dc002,cloudid_20160802_051500.nc,1,initial_data,,,42652.46391174194,0.5270793166238217,6824.1626209652095,0.5270793166238217,,,,
1,1,569.9961439588689,0.8458271026611328,48,48,0.092559916,[4],4,12,9.138157630362723,1,1556,run_tracksingle,103220-dc002,cloudid_20160801_141500.nc,1,initial_data,,,42652.46391174194,0.5270793166238217,6824.1626209652095,0.5270793166238217,,,,
1,1,528.6011834319527,0.8519515991210938,48,48,0.074796915,[4],4,12,11.390197030467014,1,1690,run_tracksingle,103219-dc002,cloudid_20160802_171500.nc,1,initial_data,,,41987.95800859625,0.4839595660749507,6744.882156331056,0.4839595660749507,,,,
1,1,528.6011834319527,0.8519515991210938,48,48,0.074796915,[4],4,12,11.390197030467014,1,1690,run_tracksingle,103219-dc002,cloudid_20160802_191500.nc,1,initial_data,,,41987.95800859625,0.4839595660749507,6744.882156331056,0.4839595660749507,,,,
1,1,528.6011834319527,0.8519515991210938,48,48,0.074796915,[4],4,12,11.390197030467014,1,1690,run_tracksingle,103219-dc002,cloudid_20160802_091500.nc,1,initial_data,,,41987.95800859625,0.4839595660749507,6744.882156331056,0.4839595660749507,,,,
1,1,528.6011834319527,0.8519515991210938,48,48,0.074796915,[4],4,12,11.390197030467014,1,1690,run_tracksingle,103219-dc002,cloudid_20160802_201500.nc,1,initial_data,,,41987.95800859625,0.4839595660749507,6744.882156331056,0.4839595660749507,,,,
1,1,528.6011834319527,0.8519515991210938,48,48,0.074796915,[4],4,12,11.390197030467014,1,1690,run_tracksingle,103219-dc002,cloudid_20160801_151500.nc,1,initial_data,,,41987.95800859625,0.4839595660749507,6744.882156331056,0.4839595660749507,,,,
1,1,528.6011834319527,0.8519515991210938,48,48,0.074796915,[4],4,12,11.390197030467014,1,1690,run_tracksingle,103219-dc002,cloudid_20160801_041500.nc,1,initial_data,,,41987.95800859625,0.4839595660749507,6744.882156331056,0.4839595660749507,,,,
1,1,532.2285375962108,0.8572902679443359,48,48,0.274479219,[4],4,12,3.1233339670218747,1,1689,run_tracksingle,103218-dc002,cloudid_20160802_081500.nc,1,initial_data,,,42046.198951187616,0.4877380599960529,6751.831618212807,0.4877380599960529,,,,
1,1,532.2285375962108,0.8572902679443359,48,48,0.274479219,[4],4,12,3.1233339670218747,1,1689,run_tracksingle,103218-dc002,cloudid_20160802_041500.nc,1,initial_data,,,42046.198951187616,0.4877380599960529,6751.831618212807,0.4877380599960529,,,,
1,1,532.2285375962108,0.8572902679443359,48,48,0.274479219,[4],4,12,3.1233339670218747,1,1689,run_tracksingle,103218-dc002,cloudid_20160802_051500.nc,1,initial_data,,,42046.198951187616,0.4877380599960529,6751.831618212807,0.4877380599960529,,,,
1,1,532.2285375962108,0.8572902679443359,48,48,0.274479219,[4],4,12,3.1233339670218747,1,1689,run_tracksingle,103218-dc002,cloudid_20160801_201500.nc,1,initial_data,,,42046.198951187616,0.4877380599960529,6751.831618212807,0.4877380599960529,,,,
1,1,532.2285375962108,0.8572902679443359,48,48,0.274479219,[4],4,12,3.1233339670218747,1,1689,run_tracksingle,103218-dc002,cloudid_20160801_161500.nc,1,initial_data,,,42046.198951187616,0.4877380599960529,6751.831618212807,0.4877380599960529,,,,
1,1,532.2285375962108,0.8572902679443359,48,48,0.274479219,[4],4,12,3.1233339670218747,1,1689,run_tracksingle,103218-dc002,cloudid_20160802_061500.nc,1,initial_data,,,42046.198951187616,0.4877380599960529,6751.831618212807,0.4877380599960529,,,,
1,1,556.5627413127413,0.5498876571655273,48,48,0.078040324,[4],4,12,7.046199054293104,1,1036,run_tracksingle,187866-dc001,cloudid_20160801_031500.nc,1,initial_data,,,42436.22791048874,0.5130861888674388,6798.319087248173,0.5130861888674388,,,,
1,1,556.5627413127413,0.5498876571655273,48,48,0.078040324,[4],4,12,7.046199054293104,1,1036,run_tracksingle,187866-dc001,cloudid_20160802_161500.nc,1,initial_data,,,42436.22791048874,0.5130861888674388,6798.319087248173,0.5130861888674388,,,,
1,1,556.5627413127413,0.5498876571655273,48,48,0.078040324,[4],4,12,7.046199054293104,1,1036,run_tracksingle,187866-dc001,cloudid_20160801_201500.nc,1,initial_data,,,42436.22791048874,0.5130861888674388,6798.319087248173,0.5130861888674388,,,,
1,1,556.5627413127413,0.5498876571655273,48,48,0.078040324,[4],4,12,7.046199054293104,1,1036,run_tracksingle,187866-dc001,cloudid_20160802_151500.nc,1,initial_data,,,42436.22791048874,0.5130861888674388,6798.319087248173,0.5130861888674388,,,,
1,1,566.3372620126927,0.5957317352294922,48,48,0.196740272,[4],4,12,3.028011139628252,1,1103,run_tracksingle,168695-dc004,cloudid_20160802_081500.nc,1,initial_data,,,42593.23051143831,0.5232679812632216,6817.057797578471,0.5232679812632216,,,,
1,1,566.3372620126927,0.5957317352294922,48,48,0.196740272,[4],4,12,3.028011139628252,1,1103,run_tracksingle,168695-dc004,cloudid_20160801_171500.nc,1,initial_data,,,42593.23051143831,0.5232679812632216,6817.057797578471,0.5232679812632216,,,,
1,1,566.3372620126927,0.5957317352294922,48,48,0.196740272,[4],4,12,3.028011139628252,1,1103,run_tracksingle,168695-dc004,cloudid_20160802_161500.nc,1,initial_data,,,42593.23051143831,0.5232679812632216,6817.057797578471,0.5232679812632216,,,,
1,1,566.3372620126927,0.5957317352294922,48,48,0.196740272,[4],4,12,3.028011139628252,1,1103,run_tracksingle,168695-dc004,cloudid_20160801_011500.nc,1,initial_data,,,42593.23051143831,0.5232679812632216,6817.057797578471,0.5232679812632216,,,,
1,1,566.3372620126927,0.5957317352294922,48,48,0.196740272,[4],4,12,3.028011139628252,1,1103,run_tracksingle,168695-dc004,cloudid_20160801_181500.nc,1,initial_data,,,42593.23051143831,0.5232679812632216,6817.057797578471,0.5232679812632216,,,,
1,1,428.9303833145434,2.902688980102539,48,48,0.710219667,[4],4,12,4.087029851431217,1,7096,run_tracksingle,187864-dc001,cloudid_20160802_051500.nc,1,initial_data,,,40392.006039954824,0.3801358159526494,6554.7806861551735,0.3801358159526494,,,,
1,1,428.9303833145434,2.902688980102539,48,48,0.710219667,[4],4,12,4.087029851431217,1,7096,run_tracksingle,187864-dc001,cloudid_20160801_091500.nc,1,initial_data,,,40392.006039954824,0.3801358159526494,6554.7806861551735,0.3801358159526494,,,,
1,1,428.9303833145434,2.902688980102539,48,48,0.710219667,[4],4,12,4.087029851431217,1,7096,run_tracksingle,187864-dc001,cloudid_20160801_221500.nc,1,initial_data,,,40392.006039954824,0.3801358159526494,6554.7806861551735,0.3801358159526494,,,,
1,1,428.9303833145434,2.902688980102539,48,48,0.710219667,[4],4,12,4.087029851431217,1,7096,run_tracksingle,187864-dc001,cloudid_20160801_141500.nc,1,initial_data,,,40392.006039954824,0.3801358159526494,6554.7806861551735,0.3801358159526494,,,,
1,1,428.9303833145434,2.902688980102539,48,48,0.710219667,[4],4,12,4.087029851431217,1,7096,run_tracksingle,187864-dc001,cloudid_20160802_111500.nc,1,initial_data,,,40392.006039954824,0.3801358159526494,6554.7806861551735,0.3801358159526494,,,,
1,1,428.9303833145434,2.902688980102539,48,48,0.710219667,[4],4,12,4.087029851431217,1,7096,run_tracksingle,187864-dc001,cloudid_20160802_011500.nc,1,initial_data,,,40392.006039954824,0.3801358159526494,6554.7806861551735,0.3801358159526494,,,,
1,1,428.9303833145434,2.902688980102539,48,48,0.710219667,[4],4,12,4.087029851431217,1,7096,run_tracksingle,187864-dc001,cloudid_20160802_201500.nc,1,initial_data,,,40392.006039954824,0.3801358159526494,6554.7806861551735,0.3801358159526494,,,,
1,1,428.9303833145434,2.902688980102539,48,48,0.710219667,[4],4,12,4.087029851431217,1,7096,run_tracksingle,187864-dc001,cloudid_20160802_091500.nc,1,initial_data,,,40392.006039954824,0.3801358159526494,6554.7806861551735,0.3801358159526494,,,,
1,1,428.9303833145434,2.902688980102539,48,48,0.710219667,[4],4,12,4.087029851431217,1,7096,run_tracksingle,187864-dc001,cloudid_20160802_211500.nc,1,initial_data,,,40392.006039954824,0.3801358159526494,6554.7806861551735,0.3801358159526494,,,,
1,1,428.9303833145434,2.902688980102539,48,48,0.710219667,[4],4,12,4.087029851431217,1,7096,run_tracksingle,187864-dc001,cloudid_20160802_021500.nc,1,initial_data,,,40392.006039954824,0.3801358159526494,6554.7806861551735,0.3801358159526494,,,,
1,1,428.9303833145434,2.902688980102539,48,48,0.710219667,[4],4,12,4.087029851431217,1,7096,run_tracksingle,187864-dc001,cloudid_20160802_121500.nc,1,initial_data,,,40392.006039954824,0.3801358159526494,6554.7806861551735,0.3801358159526494,,,,
1,1,428.9303833145434,2.902688980102539,48,48,0.710219667,[4],4,12,4.087029851431217,1,7096,run_tracksingle,187864-dc001,cloudid_20160801_081500.nc,1,initial_data,,,40392.006039954824,0.3801358159526494,6554.7806861551735,0.3801358159526494,,,,
1,1,428.9303833145434,2.902688980102539,48,48,0.710219667,[4],4,12,4.087029851431217,1,7096,run_tracksingle,187864-dc001,cloudid_20160801_071500.nc,1,initial_data,,,40392.006039954824,0.3801358159526494,6554.7806861551735,0.3801358159526494,,,,
1,1,428.9303833145434,2.902688980102539,48,48,0.710219667,[4],4,12,4.087029851431217,1,7096,run_tracksingle,187864-dc001,cloudid_20160801_011500.nc,1,initial_data,,,40392.006039954824,0.3801358159526494,6554.7806861551735,0.3801358159526494,,,,
1,1,428.9303833145434,2.902688980102539,48,48,0.710219667,[4],4,12,4.087029851431217,1,7096,run_tracksingle,187864-dc001,cloudid_20160801_041500.nc,1,initial_data,,,40392.006039954824,0.3801358159526494,6554.7806861551735,0.3801358159526494,,,,
1,1,428.9303833145434,2.902688980102539,48,48,0.710219667,[4],4,12,4.087029851431217,1,7096,run_tracksingle,187864-dc001,cloudid_20160802_191500.nc,1,initial_data,,,40392.006039954824,0.3801358159526494,6554.7806861551735,0.3801358159526494,,,,
1,1,428.9303833145434,2.902688980102539,48,48,0.710219667,[4],4,12,4.087029851431217,1,7096,run_tracksingle,187864-dc001,cloudid_20160801_131500.nc,1,initial_data,,,40392.006039954824,0.3801358159526494,6554.7806861551735,0.3801358159526494,,,,
1,1,428.9303833145434,2.902688980102539,48,48,0.710219667,[4],4,12,4.087029851431217,1,7096,run_tracksingle,187864-dc001,cloudid_20160801_031500.nc,1,initial_data,,,40392.006039954824,0.3801358159526494,6554.7806861551735,0.3801358159526494,,,,
1,1,428.9303833145434,2.902688980102539,48,48,0.710219667,[4],4,12,4.087029851431217,1,7096,run_tracksingle,187864-dc001,cloudid_20160801_211500.nc,1,initial_data,,,40392.006039954824,0.3801358159526494,6554.7806861551735,0.3801358159526494,,,,
1,1,428.9303833145434,2.902688980102539,48,48,0.710219667,[4],4,12,4.087029851431217,1,7096,run_tracksingle,187864-dc001,cloudid_20160801_121500.nc,1,initial_data,,,40392.006039954824,0.3801358159526494,6554.7806861551735,0.3801358159526494,,,,
1,1,428.9303833145434,2.902688980102539,48,48,0.710219667,[4],4,12,4.087029851431217,1,7096,run_tracksingle,187864-dc001,cloudid_20160801_161500.nc,1,initial_data,,,40392.006039954824,0.3801358159526494,6554.7806861551735,0.3801358159526494,,,,
1,1,428.9303833145434,2.902688980102539,48,48,0.710219667,[4],4,12,4.087029851431217,1,7096,run_tracksingle,187864-dc001,cloudid_20160801_021500.nc,1,initial_data,,,40392.006039954824,0.3801358159526494,6554.7806861551735,0.3801358159526494,,,,
1,1,428.9303833145434,2.902688980102539,48,48,0.710219667,[4],4,12,4.087029851431217,1,7096,run_tracksingle,187864-dc001,cloudid_20160802_131500.nc,1,initial_data,,,40392.006039954824,0.3801358159526494,6554.7806861551735,0.3801358159526494,,,,
1,1,428.9303833145434,2.902688980102539,48,48,0.710219667,[4],4,12,4.087029851431217,1,7096,run_tracksingle,187864-dc001,cloudid_20160801_061500.nc,1,initial_data,,,40392.006039954824,0.3801358159526494,6554.7806861551735,0.3801358159526494,,,,
1,1,428.9303833145434,2.902688980102539,48,48,0.710219667,[4],4,12,4.087029851431217,1,7096,run_tracksingle,187864-dc001,cloudid_20160801_111500.nc,1,initial_data,,,40392.006039954824,0.3801358159526494,6554.7806861551735,0.3801358159526494,,,,
1,1,428.9303833145434,2.902688980102539,48,48,0.710219667,[4],4,12,4.087029851431217,1,7096,run_tracksingle,187864-dc001,cloudid_20160802_181500.nc,1,initial_data,,,40392.006039954824,0.3801358159526494,6554.7806861551735,0.3801358159526494,,,,
1,1,428.9303833145434,2.902688980102539,48,48,0.710219667,[4],4,12,4.087029851431217,1,7096,run_tracksingle,187864-dc001,cloudid_20160801_101500.nc,1,initial_data,,,40392.006039954824,0.3801358159526494,6554.7806861551735,0.3801358159526494,,,,
1,1,428.9303833145434,2.902688980102539,48,48,0.710219667,[4],4,12,4.087029851431217,1,7096,run_tracksingle,187864-dc001,cloudid_20160802_031500.nc,1,initial_data,,,40392.006039954824,0.3801358159526494,6554.7806861551735,0.3801358159526494,,,,
1,1,428.9303833145434,2.902688980102539,48,48,0.710219667,[4],4,12,4.087029851431217,1,7096,run_tracksingle,187864-dc001,cloudid_20160801_171500.nc,1,initial_data,,,40392.006039954824,0.3801358159526494,6554.7806861551735,0.3801358159526494,,,,
1,1,428.9303833145434,2.902688980102539,48,48,0.710219667,[4],4,12,4.087029851431217,1,7096,run_tracksingle,187864-dc001,cloudid_20160801_003000.nc,1,initial_data,,,40392.006039954824,0.3801358159526494,6554.7806861551735,0.3801358159526494,,,,
1,1,428.9303833145434,2.902688980102539,48,48,0.710219667,[4],4,12,4.087029851431217,1,7096,run_tracksingle,187864-dc001,cloudid_20160801_231500.nc,1,initial_data,,,40392.006039954824,0.3801358159526494,6554.7806861551735,0.3801358159526494,,,,
1,1,490.87138429752065,1.8126049041748047,48,48,0.293591467,[4],4,12,6.173901859943378,1,3872,run_tracksingle,103222-dc002,cloudid_20160802_061500.nc,1,initial_data,,,41384.186039924505,0.444657692,6672.991895098859,0.444657692,,,,
1,1,490.87138429752065,1.8126049041748047,48,48,0.293591467,[4],4,12,6.173901859943378,1,3872,run_tracksingle,103222-dc002,cloudid_20160801_031500.nc,1,initial_data,,,41384.186039924505,0.444657692,6672.991895098859,0.444657692,,,,
1,1,490.87138429752065,1.8126049041748047,48,48,0.293591467,[4],4,12,6.173901859943378,1,3872,run_tracksingle,103222-dc002,cloudid_20160802_021500.nc,1,initial_data,,,41384.186039924505,0.444657692,6672.991895098859,0.444657692,,,,
1,1,490.87138429752065,1.8126049041748047,48,48,0.293591467,[4],4,12,6.173901859943378,1,3872,run_tracksingle,103222-dc002,cloudid_20160801_181500.nc,1,initial_data,,,41384.186039924505,0.444657692,6672.991895098859,0.444657692,,,,
1,1,490.87138429752065,1.8126049041748047,48,48,0.293591467,[4],4,12,6.173901859943378,1,3872,run_tracksingle,103222-dc002,cloudid_20160802_161500.nc,1,initial_data,,,41384.186039924505,0.444657692,6672.991895098859,0.444657692,,,,
1,1,490.87138429752065,1.8126049041748047,48,48,0.293591467,[4],4,12,6.173901859943378,1,3872,run_tracksingle,103222-dc002,cloudid_20160802_201500.nc,1,initial_data,,,41384.186039924505,0.444657692,6672.991895098859,0.444657692,,,,
1,1,490.87138429752065,1.8126049041748047,48,48,0.293591467,[4],4,12,6.173901859943378,1,3872,run_tracksingle,103222-dc002,cloudid_20160802_131500.nc,1,initial_data,,,41384.186039924505,0.444657692,6672.991895098859,0.444657692,,,,
1,1,490.87138429752065,1.8126049041748047,48,48,0.293591467,[4],4,12,6.173901859943378,1,3872,run_tracksingle,103222-dc002,cloudid_20160802_051500.nc,1,initial_data,,,41384.186039924505,0.444657692,6672.991895098859,0.444657692,,,,
1,1,490.87138429752065,1.8126049041748047,48,48,0.293591467,[4],4,12,6.173901859943378,1,3872,run_tracksingle,103222-dc002,cloudid_20160802_071500.nc,1,initial_data,,,41384.186039924505,0.444657692,6672.991895098859,0.444657692,,,,
1,1,490.87138429752065,1.8126049041748047,48,48,0.293591467,[4],4,12,6.173901859943378,1,3872,run_tracksingle,103222-dc002,cloudid_20160802_121500.nc,1,initial_data,,,41384.186039924505,0.444657692,6672.991895098859,0.444657692,,,,
1,1,490.87138429752065,1.8126049041748047,48,48,0.293591467,[4],4,12,6.173901859943378,1,3872,run_tracksingle,103222-dc002,cloudid_20160801_101500.nc,1,initial_data,,,41384.186039924505,0.444657692,6672.991895098859,0.444657692,,,,
1,1,490.87138429752065,1.8126049041748047,48,48,0.293591467,[4],4,12,6.173901859943378,1,3872,run_tracksingle,103222-dc002,cloudid_20160802_141500.nc,1,initial_data,,,41384.186039924505,0.444657692,6672.991895098859,0.444657692,,,,
1,1,490.87138429752065,1.8126049041748047,48,48,0.293591467,[4],4,12,6.173901859943378,1,3872,run_tracksingle,103222-dc002,cloudid_20160802_191500.nc,1,initial_data,,,41384.186039924505,0.444657692,6672.991895098859,0.444657692,,,,
1,1,490.87138429752065,1.8126049041748047,48,48,0.293591467,[4],4,12,6.173901859943378,1,3872,run_tracksingle,103222-dc002,cloudid_20160802_151500.nc,1,initial_data,,,41384.186039924505,0.444657692,6672.991895098859,0.444657692,,,,
1,1,490.87138429752065,1.8126049041748047,48,48,0.293591467,[4],4,12,6.173901859943378,1,3872,run_tracksingle,103222-dc002,cloudid_20160801_071500.nc,1,initial_data,,,41384.186039924505,0.444657692,6672.991895098859,0.444657692,,,,
1,1,490.87138429752065,1.8126049041748047,48,48,0.293591467,[4],4,12,6.173901859943378,1,3872,run_tracksingle,103222-dc002,cloudid_20160802_081500.nc,1,initial_data,,,41384.186039924505,0.444657692,6672.991895098859,0.444657692,,,,
1,1,537.0461538461539,0.5992355346679688,48,48,0.084466418,[4],4,12,7.094364232042713,1,1170,run_tracksingle,103221-dc002,cloudid_20160801_011500.nc,1,initial_data,,,42123.02393797448,0.49275641025641026,6760.958553458995,0.49275641025641026,,,,
1,1,537.0461538461539,0.5992355346679688,48,48,0.084466418,[4],4,12,7.094364232042713,1,1170,run_tracksingle,103221-dc002,cloudid_20160802_111500.nc,1,initial_data,,,42123.02393797448,0.49275641025641026,6760.958553458995,0.49275641025641026,,,,
1,1,537.0461538461539,0.5992355346679688,48,48,0.084466418,[4],4,12,7.094364232042713,1,1170,run_tracksingle,103221-dc002,cloudid_20160801_021500.nc,1,initial_data,,,42123.02393797448,0.49275641025641026,6760.958553458995,0.49275641025641026,,,,
1,1,537.0461538461539,0.5992355346679688,48,48,0.084466418,[4],4,12,7.094364232042713,1,1170,run_tracksingle,103221-dc002,cloudid_20160802_161500.nc,1,initial_data,,,42123.02393797448,0.49275641025641026,6760.958553458995,0.49275641025641026,,,,
1,1,537.0461538461539,0.5992355346679688,48,48,0.084466418,[4],4,12,7.094364232042713,1,1170,run_tracksingle,103221-dc002,cloudid_20160801_003000.nc,1,initial_data,,,42123.02393797448,0.49275641025641026,6760.958553458995,0.49275641025641026,,,,
1,1,552.5816389402341,0.8552932739257812,48,48,0.065452919,[4],4,12,13.067305278253233,1,1623,run_tracksingle,189214-dc003,cloudid_20160802_181500.nc,1,initial_data,,,42372.92566496294,0.5089392072294106,6790.812682663266,0.5089392072294106,,,,
1,1,552.5816389402341,0.8552932739257812,48,48,0.065452919,[4],4,12,13.067305278253233,1,1623,run_tracksingle,189214-dc003,cloudid_20160802_191500.nc,1,initial_data,,,42372.92566496294,0.5089392072294106,6790.812682663266,0.5089392072294106,,,,
1,1,552.5816389402341,0.8552932739257812,48,48,0.065452919,[4],4,12,13.067305278253233,1,1623,run_tracksingle,189214-dc003,cloudid_20160802_061500.nc,1,initial_data,,,42372.92566496294,0.5089392072294106,6790.812682663266,0.5089392072294106,,,,
1,1,552.5816389402341,0.8552932739257812,48,48,0.065452919,[4],4,12,13.067305278253233,1,1623,run_tracksingle,189214-dc003,cloudid_20160802_011500.nc,1,initial_data,,,42372.92566496294,0.5089392072294106,6790.812682663266,0.5089392072294106,,,,
1,1,552.5816389402341,0.8552932739257812,48,48,0.065452919,[4],4,12,13.067305278253233,1,1623,run_tracksingle,189214-dc003,cloudid_20160802_201500.nc,1,initial_data,,,42372.92566496294,0.5089392072294106,6790.812682663266,0.5089392072294106,,,,
1,1,458.2248413417951,0.4820079803466797,48,48,0.058263734,[4],4,12,8.272864563515268,1,1103,run_tracksingle,103227-dc002,cloudid_20160801_031500.nc,1,initial_data,,,40857.46338854547,0.41065087639770326,6609.948368345889,0.41065087639770326,,,,
1,1,458.2248413417951,0.4820079803466797,48,48,0.058263734,[4],4,12,8.272864563515268,1,1103,run_tracksingle,103227-dc002,cloudid_20160802_171500.nc,1,initial_data,,,40857.46338854547,0.41065087639770326,6609.948368345889,0.41065087639770326,,,,
1,1,458.2248413417951,0.4820079803466797,48,48,0.058263734,[4],4,12,8.272864563515268,1,1103,run_tracksingle,103227-dc002,cloudid_20160801_161500.nc,1,initial_data,,,40857.46338854547,0.41065087639770326,6609.948368345889,0.41065087639770326,,,,
1,1,458.2248413417951,0.4820079803466797,48,48,0.058263734,[4],4,12,8.272864563515268,1,1103,run_tracksingle,103227-dc002,cloudid_20160801_171500.nc,1,initial_data,,,40857.46338854547,0.41065087639770326,6609.948368345889,0.41065087639770326,,,,
1,1,543.4710059171598,0.8759174346923828,48,48,0.085177264,[4],4,12,10.28346525303258,1,1690,run_tracksingle,189213-dc003,cloudid_20160801_051500.nc,1,initial_data,,,42226.71260371381,0.49944896449704146,6773.371294325032,0.49944896449704146,,,,
1,1,543.4710059171598,0.8759174346923828,48,48,0.085177264,[4],4,12,10.28346525303258,1,1690,run_tracksingle,189213-dc003,cloudid_20160802_061500.nc,1,initial_data,,,42226.71260371381,0.49944896449704146,6773.371294325032,0.49944896449704146,,,,
1,1,543.4710059171598,0.8759174346923828,48,48,0.085177264,[4],4,12,10.28346525303258,1,1690,run_tracksingle,189213-dc003,cloudid_20160802_131500.nc,1,initial_data,,,42226.71260371381,0.49944896449704146,6773.371294325032,0.49944896449704146,,,,
1,1,543.4710059171598,0.8759174346923828,48,48,0.085177264,[4],4,12,10.28346525303258,1,1690,run_tracksingle,189213-dc003,cloudid_20160802_191500.nc,1,initial_data,,,42226.71260371381,0.49944896449704146,6773.371294325032,0.49944896449704146,,,,
1,1,543.4710059171598,0.8759174346923828,48,48,0.085177264,[4],4,12,10.28346525303258,1,1690,run_tracksingle,189213-dc003,cloudid_20160802_121500.nc,1,initial_data,,,42226.71260371381,0.49944896449704146,6773.371294325032,0.49944896449704146,,,,
1,1,543.4710059171598,0.8759174346923828,48,48,0.085177264,[4],4,12,10.28346525303258,1,1690,run_tracksingle,189213-dc003,cloudid_20160801_191500.nc,1,initial_data,,,42226.71260371381,0.49944896449704146,6773.371294325032,0.49944896449704146,,,,
1,1,538.2581438229871,0.8351764678955078,48,48,0.079823032,[4],4,12,10.46285072077327,1,1627,run_tracksingle,168690-dc004,cloudid_20160801_131500.nc,1,initial_data,,,42142.94897418757,0.4940188998156116,6763.3714068505415,0.4940188998156116,,,,
1,1,538.2581438229871,0.8351764678955078,48,48,0.079823032,[4],4,12,10.46285072077327,1,1627,run_tracksingle,168690-dc004,cloudid_20160801_151500.nc,1,initial_data,,,42142.94897418757,0.4940188998156116,6763.3714068505415,0.4940188998156116,,,,
1,1,538.2581438229871,0.8351764678955078,48,48,0.079823032,[4],4,12,10.46285072077327,1,1627,run_tracksingle,168690-dc004,cloudid_20160801_051500.nc,1,initial_data,,,42142.94897418757,0.4940188998156116,6763.3714068505415,0.4940188998156116,,,,
1,1,538.2581438229871,0.8351764678955078,48,48,0.079823032,[4],4,12,10.46285072077327,1,1627,run_tracksingle,168690-dc004,cloudid_20160801_141500.nc,1,initial_data,,,42142.94897418757,0.4940188998156116,6763.3714068505415,0.4940188998156116,,,,
1,1,538.2581438229871,0.8351764678955078,48,48,0.079823032,[4],4,12,10.46285072077327,1,1627,run_tracksingle,168690-dc004,cloudid_20160802_181500.nc,1,initial_data,,,42142.94897418757,0.4940188998156116,6763.3714068505415,0.4940188998156116,,,,
1,1,541.0716228467815,0.5691547393798828,48,48,0.099227522,[4],4,12,5.735855616548429,1,1103,run_tracksingle,103217-dc002,cloudid_20160802_171500.nc,1,initial_data,,,42187.58548442923,0.496949607,6768.656771365422,0.496949607,,,,
1,1,541.0716228467815,0.5691547393798828,48,48,0.099227522,[4],4,12,5.735855616548429,1,1103,run_tracksingle,103217-dc002,cloudid_20160802_181500.nc,1,initial_data,,,42187.58548442923,0.496949607,6768.656771365422,0.496949607,,,,
1,1,541.0716228467815,0.5691547393798828,48,48,0.099227522,[4],4,12,5.735855616548429,1,1103,run_tracksingle,103217-dc002,cloudid_20160801_191500.nc,1,initial_data,,,42187.58548442923,0.496949607,6768.656771365422,0.496949607,,,,
1,1,534.2644628099174,0.4932098388671875,48,48,0.080802424,[4],4,12,6.103899047226449,1,968,run_tracksingle,187862-dc001,cloudid_20160801_211500.nc,1,initial_data,,,42078.15845503532,0.4898588154269973,6755.589699958107,0.4898588154269973,,,,
1,1,534.2644628099174,0.4932098388671875,48,48,0.080802424,[4],4,12,6.103899047226449,1,968,run_tracksingle,187862-dc001,cloudid_20160801_101500.nc,1,initial_data,,,42078.15845503532,0.4898588154269973,6755.589699958107,0.4898588154269973,,,,
1,1,534.2644628099174,0.4932098388671875,48,48,0.080802424,[4],4,12,6.103899047226449,1,968,run_tracksingle,187862-dc001,cloudid_20160801_201500.nc,1,initial_data,,,42078.15845503532,0.4898588154269973,6755.589699958107,0.4898588154269973,,,,
1,1,436.24421593830334,0.6473503112792969,48,48,0.099338026,[4],4,12,6.516641585763914,1,1556,run_tracksingle,187859-dc001,cloudid_20160801_011500.nc,1,initial_data,,,40504.93441532765,0.38775439160239933,6567.913529,0.38775439160239933,,,,
1,1,436.24421593830334,0.6473503112792969,48,48,0.099338026,[4],4,12,6.516641585763914,1,1556,run_tracksingle,187859-dc001,cloudid_20160801_131500.nc,1,initial_data,,,40504.93441532765,0.38775439160239933,6567.913529,0.38775439160239933,,,,
1,1,436.24421593830334,0.6473503112792969,48,48,0.099338026,[4],4,12,6.516641585763914,1,1556,run_tracksingle,187859-dc001,cloudid_20160801_101500.nc,1,initial_data,,,40504.93441532765,0.38775439160239933,6567.913529,0.38775439160239933,,,,
1,1,436.24421593830334,0.6473503112792969,48,48,0.099338026,[4],4,12,6.516641585763914,1,1556,run_tracksingle,187859-dc001,cloudid_20160801_111500.nc,1,initial_data,,,40504.93441532765,0.38775439160239933,6567.913529,0.38775439160239933,,,,
1,1,534.1310307017544,0.9291219711303711,48,48,0.11587086,[4],4,12,8.018599077717823,1,1824,run_tracksingle,187857-dc001,cloudid_20160801_151500.nc,1,initial_data,,,42076.88262395914,0.48971982364766087,6755.503294729948,0.48971982364766087,,,,
1,1,534.1310307017544,0.9291219711303711,48,48,0.11587086,[4],4,12,8.018599077717823,1,1824,run_tracksingle,187857-dc001,cloudid_20160802_131500.nc,1,initial_data,,,42076.88262395914,0.48971982364766087,6755.503294729948,0.48971982364766087,,,,
1,1,534.1310307017544,0.9291219711303711,48,48,0.11587086,[4],4,12,8.018599077717823,1,1824,run_tracksingle,187857-dc001,cloudid_20160801_021500.nc,1,initial_data,,,42076.88262395914,0.48971982364766087,6755.503294729948,0.48971982364766087,,,,
1,1,534.1310307017544,0.9291219711303711,48,48,0.11587086,[4],4,12,8.018599077717823,1,1824,run_tracksingle,187857-dc001,cloudid_20160801_041500.nc,1,initial_data,,,42076.88262395914,0.48971982364766087,6755.503294729948,0.48971982364766087,,,,
1,1,534.1310307017544,0.9291219711303711,48,48,0.11587086,[4],4,12,8.018599077717823,1,1824,run_tracksingle,187857-dc001,cloudid_20160801_031500.nc,1,initial_data,,,42076.88262395914,0.48971982364766087,6755.503294729948,0.48971982364766087,,,,
1,1,534.1310307017544,0.9291219711303711,48,48,0.11587086,[4],4,12,8.018599077717823,1,1824,run_tracksingle,187857-dc001,cloudid_20160802_071500.nc,1,initial_data,,,42076.88262395914,0.48971982364766087,6755.503294729948,0.48971982364766087,,,,
1,1,534.1310307017544,0.9291219711303711,48,48,0.11587086,[4],4,12,8.018599077717823,1,1824,run_tracksingle,187857-dc001,cloudid_20160801_081500.nc,1,initial_data,,,42076.88262395914,0.48971982364766087,6755.503294729948,0.48971982364766087,,,,
1,1,592.8730650154798,0.5478801727294922,48,48,0.097227143,[4],4,12,5.6350537085049615,1,969,run_tracksingle,168700-dc004,cloudid_20160802_061500.nc,1,initial_data,,,43019.11773324046,0.5509094427244582,6867.862658391468,0.5509094427244582,,,,
1,1,592.8730650154798,0.5478801727294922,48,48,0.097227143,[4],4,12,5.6350537085049615,1,969,run_tracksingle,168700-dc004,cloudid_20160801_131500.nc,1,initial_data,,,43019.11773324046,0.5509094427244582,6867.862658391468,0.5509094427244582,,,,
1,1,592.8730650154798,0.5478801727294922,48,48,0.097227143,[4],4,12,5.6350537085049615,1,969,run_tracksingle,168700-dc004,cloudid_20160801_121500.nc,1,initial_data,,,43019.11773324046,0.5509094427244582,6867.862658391468,0.5509094427244582,,,,
1,1,605.4344685242518,0.5594882965087891,48,48,0.046034561,[4],4,12,12.153657694461105,1,969,run_tracksingle,189216-dc003,cloudid_20160802_211500.nc,1,initial_data,,,43220.790457322684,0.5639942380460956,6891.925738,0.5639942380460956,,,,
1,1,605.4344685242518,0.5594882965087891,48,48,0.046034561,[4],4,12,12.153657694461105,1,969,run_tracksingle,189216-dc003,cloudid_20160801_231500.nc,1,initial_data,,,43220.790457322684,0.5639942380460956,6891.925738,0.5639942380460956,,,,
1,1,605.4344685242518,0.5594882965087891,48,48,0.046034561,[4],4,12,12.153657694461105,1,969,run_tracksingle,189216-dc003,cloudid_20160801_221500.nc,1,initial_data,,,43220.790457322684,0.5639942380460956,6891.925738,0.5639942380460956,,,,
1,1,600.9494324045407,0.5553436279296875,48,48,0.048632862,[4],4,12,11.419102333103233,1,969,run_tracksingle,189215-dc003,cloudid_20160802_151500.nc,1,initial_data,,,43148.78341995321,0.5593223254213966,6883.334040223134,0.5593223254213966,,,,
1,1,600.9494324045407,0.5553436279296875,48,48,0.048632862,[4],4,12,11.419102333103233,1,969,run_tracksingle,189215-dc003,cloudid_20160802_141500.nc,1,initial_data,,,43148.78341995321,0.5593223254213966,6883.334040223134,0.5593223254213966,,,,
1,1,600.9494324045407,0.5553436279296875,48,48,0.048632862,[4],4,12,11.419102333103233,1,969,run_tracksingle,189215-dc003,cloudid_20160802_131500.nc,1,initial_data,,,43148.78341995321,0.5593223254213966,6883.334040223134,0.5593223254213966,,,,
1,1,6632.008785332315,33.11652946472168,48,48,0.179635601,[4],4,12,184.35393251876437,1,5236,run_tracksingle,166666-dc004,pr_rlut_mean_sam_2016080210.nc,0,initial_data,,,124402.99512919829,0.002428011,11755.576631066184,0.002428011,,,,
1,1,7690.479539641944,17.206063270568848,48,48,0.268992919,[4],4,12,63.964744256219056,1,2346,run_tracksingle,196059-dc001,IMERG_landmask_180W-180E_60S-60N.nc,7,trackstats,,,124407.38890482942,0.003441406,11751.833785836687,0.003441406,,,,
1,1,7690.479539641944,17.206063270568848,48,48,0.268992919,[4],4,12,63.964744256219056,1,2346,run_tracksingle,196059-dc001,cloudid_20160801_171500.nc,7,trackstats,,,124407.38890482942,0.003441406,11751.833785836687,0.003441406,,,,
1,1,6632.008785332315,33.11652946472168,48,48,0.201240113,[4],4,12,164.56226828257485,1,5236,run_tracksingle,166667-dc004,pr_rlut_mean_sam_2016080209.nc,0,initial_data,,,124402.99512919829,0.002428011,11755.576631066184,0.002428011,,,,
1,1,2814.503289473684,8.975695610046387,48,48,0.464279761,[4],4,12,19.33251535822684,1,3344,run_tracksingle,201607-dc001,mcstrack_20160801_031500.nc,8,trackstats,,,92370.62255538277,0.5828461228755483,10346.121613639756,0.5828461228755483,,,,
1,1,2814.503289473684,8.975695610046387,48,48,0.464279761,[4],4,12,19.33251535822684,1,3344,run_tracksingle,201607-dc001,mcstrack_20160801_021500.nc,8,trackstats,,,92370.62255538277,0.5828461228755483,10346.121613639756,0.5828461228755483,,,,
1,1,486.9073359073359,0.4810676574707031,48,48,0.1081845,[4],4,12,4.446733658432614,1,1036,run_tracksingle,168693-dc004,cloudid_20160802_101500.nc,1,initial_data,,,41317.90491142272,0.4405284749034749,6664.882943208699,0.4405284749034749,,,,
1,1,486.9073359073359,0.4810676574707031,48,48,0.1081845,[4],4,12,4.446733658432614,1,1036,run_tracksingle,168693-dc004,cloudid_20160801_051500.nc,1,initial_data,,,41317.90491142272,0.4405284749034749,6664.882943208699,0.4405284749034749,,,,
1,1,486.9073359073359,0.4810676574707031,48,48,0.1081845,[4],4,12,4.446733658432614,1,1036,run_tracksingle,168693-dc004,cloudid_20160802_181500.nc,1,initial_data,,,41317.90491142272,0.4405284749034749,6664.882943208699,0.4405284749034749,,,,
1,1,486.9073359073359,0.4810676574707031,48,48,0.1081845,[4],4,12,4.446733658432614,1,1036,run_tracksingle,168693-dc004,cloudid_20160802_111500.nc,1,initial_data,,,41317.90491142272,0.4405284749034749,6664.882943208699,0.4405284749034749,,,,
1,1,5349.553109521189,27.809537887573242,48,48,0.464186262,[4],4,12,59.910299300441686,1,5451,run_tracksingle,114318-dc002,cloudid_20160802_191500.nc,7,trackstats,,,124391.24235663275,0.00120017,11753.44282893497,0.00120017,,,,
1,1,6632.008785332315,33.11652946472168,48,48,0.225336853,[4],4,12,146.96455117672954,1,5236,run_tracksingle,101193-dc002,pr_rlut_mean_sam_2016080107.nc,0,initial_data,,,124402.99512919829,0.002428011,11755.576631066184,0.002428011,,,,
1,1,6632.008785332315,33.11652946472168,48,48,0.211033032,[4],4,12,156.92580991169987,1,5236,run_tracksingle,166673-dc004,pr_rlut_mean_sam_2016080118.nc,0,initial_data,,,124402.99512919829,0.002428011,11755.576631066184,0.002428011,,,,
1,1,5335.062006971198,27.734206199645996,48,48,0.836725106,[4],4,12,33.14613843993585,1,5451,run_tracksingle,114313-dc002,cloudid_20160802_111500.nc,7,trackstats,,,124391.10553791972,0.001186296,11753.414550076795,0.001186296,,,,
1,1,2884.5342037263704,20.227413177490234,48,48,0.546131298,[4],4,12,37.03763774675707,1,7353,run_tracksingle,192420-dc001,tracknumbers_20160801.0000_20160802.2300.nc,7,trackstats,,,92604.73388,0.6056426444421779,10357.62124852283,0.6056426444421779,,,,
1,1,2884.5342037263704,20.227413177490234,48,48,0.546131298,[4],4,12,37.03763774675707,1,7353,run_tracksingle,192420-dc001,cloudid_20160802_091500.nc,7,trackstats,,,92604.73388,0.6056426444421779,10357.62124852283,0.6056426444421779,,,,
1,1,5237.430747,27.226672172546387,48,48,0.941368199,[4],4,12,28.92244735000485,1,5451,run_tracksingle,199712-dc001,cloudid_20160801_141500.nc,7,trackstats,,,124390.18374585177,0.001092822,11753.224026232616,0.001092822,,,,
1,1,6730.135248354279,21.450149536132812,48,48,0.461731673,[4],4,12,46.45587641143434,1,3342,run_tracksingle,116183-dc002,mcstrack_20160802_001500.nc,8,trackstats,,,124400.73723333243,0.002521959,11752.465156642975,0.002521959,,,,
1,1,6730.135248354279,21.450149536132812,48,48,0.461731673,[4],4,12,46.45587641143434,1,3342,run_tracksingle,116183-dc002,mcstrack_20160801_231500.nc,8,trackstats,,,124400.73723333243,0.002521959,11752.465156642975,0.002521959,,,,
1,1,5277.490001834526,27.434919357299805,48,48,0.496467267,[4],4,12,55.26027833230706,1,5451,run_tracksingle,200354-dc003,cloudid_20160801_131500.nc,7,trackstats,,,124390.5619679863,0.001131175,11753.302200408256,0.001131175,,,,
1,1,2670.914704747202,19.799251556396484,48,48,0.604914983,[4],4,12,32.73063506908785,1,7773,run_tracksingle,107122-dc002,cloudid_20160801_091500.nc,7,trackstats,,,91897.22161560364,0.5361050471182298,10332.400248749726,0.5361050471182298,,,,
1,1,2670.914704747202,19.799251556396484,48,48,0.604914983,[4],4,12,32.73063506908785,1,7773,run_tracksingle,107122-dc002,tracknumbers_20160801.0000_20160802.2300.nc,7,trackstats,,,91897.22161560364,0.5361050471182298,10332.400248749726,0.5361050471182298,,,,
1,1,6915.900255754475,15.473081588745117,48,48,0.264020725,[4],4,12,58.60555677492786,1,2346,run_tracksingle,110705-dc002,cloudid_20160801_091500.nc,7,trackstats,,,124400.67549270645,0.002699813,11750.944393144238,0.002699813,,,,
1,1,5260.583012291323,27.347028732299805,48,48,0.741764498,[4],4,12,36.86753518945012,1,5451,run_tracksingle,199720-dc001,cloudid_20160801_221500.nc,7,trackstats,,,124390.40233951481,0.001114988,11753.269207034713,0.001114988,,,,
1,1,574.9054054054054,0.5680103302001953,48,48,0.054970879,[4],4,12,10.332931554545368,1,1036,run_tracksingle,187865-dc001,cloudid_20160802_031500.nc,1,initial_data,,,42730.72082169326,0.5321931306306307,6833.457414,0.5321931306306307,,,,
1,1,574.9054054054054,0.5680103302001953,48,48,0.054970879,[4],4,12,10.332931554545368,1,1036,run_tracksingle,187865-dc001,cloudid_20160801_071500.nc,1,initial_data,,,42730.72082169326,0.5321931306306307,6833.457414,0.5321931306306307,,,,
1,1,574.9054054054054,0.5680103302001953,48,48,0.054970879,[4],4,12,10.332931554545368,1,1036,run_tracksingle,187865-dc001,cloudid_20160801_101500.nc,1,initial_data,,,42730.72082169326,0.5321931306306307,6833.457414,0.5321931306306307,,,,
1,1,574.9054054054054,0.5680103302001953,48,48,0.054970879,[4],4,12,10.332931554545368,1,1036,run_tracksingle,187865-dc001,cloudid_20160801_081500.nc,1,initial_data,,,42730.72082169326,0.5321931306306307,6833.457414,0.5321931306306307,,,,
1,1,7402.157289002557,16.560994148254395,48,48,0.183890979,[4],4,12,90.05876329,1,2346,run_tracksingle,196056-dc001,cloudid_20160802_061500.nc,7,trackstats,,,124404.88996620165,0.003165362,11751.50272650148,0.003165362,,,,
1,1,7402.157289002557,16.560994148254395,48,48,0.183890979,[4],4,12,90.05876329,1,2346,run_tracksingle,196056-dc001,IMERG_landmask_180W-180E_60S-60N.nc,7,trackstats,,,124404.88996620165,0.003165362,11751.50272650148,0.003165362,,,,
1,1,580.5019305019305,0.5735397338867188,48,48,0.129036208,[4],4,12,4.444796873500178,1,1036,run_tracksingle,168697-dc004,cloudid_20160801_181500.nc,1,initial_data,,,42820.573471230906,0.5380228442728442,6844.1784585093865,0.5380228442728442,,,,
1,1,580.5019305019305,0.5735397338867188,48,48,0.129036208,[4],4,12,4.444796873500178,1,1036,run_tracksingle,168697-dc004,cloudid_20160801_171500.nc,1,initial_data,,,42820.573471230906,0.5380228442728442,6844.1784585093865,0.5380228442728442,,,,
1,1,528.8745562130177,0.8523921966552734,48,48,0.090035026,[4],4,12,9.467339928965794,1,1690,run_tracksingle,189218-dc003,cloudid_20160801_151500.nc,1,initial_data,,,41992.347368840754,0.48424432938856016,6745.4059120713355,0.48424432938856016,,,,
1,1,528.8745562130177,0.8523921966552734,48,48,0.090035026,[4],4,12,9.467339928965794,1,1690,run_tracksingle,189218-dc003,cloudid_20160802_041500.nc,1,initial_data,,,41992.347368840754,0.48424432938856016,6745.4059120713355,0.48424432938856016,,,,
1,1,528.8745562130177,0.8523921966552734,48,48,0.090035026,[4],4,12,9.467339928965794,1,1690,run_tracksingle,189218-dc003,cloudid_20160801_161500.nc,1,initial_data,,,41992.347368840754,0.48424432938856016,6745.4059120713355,0.48424432938856016,,,,
1,1,528.8745562130177,0.8523921966552734,48,48,0.090035026,[4],4,12,9.467339928965794,1,1690,run_tracksingle,189218-dc003,cloudid_20160801_071500.nc,1,initial_data,,,41992.347368840754,0.48424432938856016,6745.4059120713355,0.48424432938856016,,,,
1,1,2805.6101891161716,20.79773712158203,48,48,0.506367174,[4],4,12,41.07244345,1,7773,run_tracksingle,107121-dc002,cloudid_20160801_201500.nc,7,trackstats,,,92343.47799446945,0.5799512334362538,10348.514947564383,0.5799512334362538,,,,
1,1,6632.493218720153,33.11262321472168,48,48,0.203170817,[4],4,12,162.97922951563305,1,5235,run_tracksingle,101194-dc002,pr_rlut_mean_sam_2016080221.nc,0,initial_data,,,124402.9980228726,0.002428475,11755.575833707924,0.002428475,,,,
1,1,6632.008785332315,33.11652946472168,48,48,0.260369992,[4],4,12,127.19026954811936,1,5236,run_tracksingle,166670-dc004,pr_rlut_mean_sam_2016080201.nc,0,initial_data,,,124402.99512919829,0.002428011,11755.576631066184,0.002428011,,,,
1,1,6252.223983253589,19.93888568878174,48,48,0.508464078,[4],4,12,39.21395149,1,3344,run_tracksingle,116188-dc002,mcstrack_20160801_081500.nc,8,trackstats,,,124396.47949723131,0.002064399,11751.796503914999,0.002064399,,,,
1,1,6252.223983253589,19.93888568878174,48,48,0.508464078,[4],4,12,39.21395149,1,3344,run_tracksingle,116188-dc002,mcstrack_20160801_071500.nc,8,trackstats,,,124396.47949723131,0.002064399,11751.796503914999,0.002064399,,,,
1,1,460.46153846153845,0.48523902893066406,48,48,0.066869358,[4],4,12,7.256522919371591,1,1105,run_tracksingle,187861-dc001,cloudid_20160801_031500.nc,1,initial_data,,,40893.37576540626,0.4129807692307692,6614.233518066416,0.4129807692307692,,,,
1,1,460.46153846153845,0.48523902893066406,48,48,0.066869358,[4],4,12,7.256522919371591,1,1105,run_tracksingle,187861-dc001,cloudid_20160802_181500.nc,1,initial_data,,,40893.37576540626,0.4129807692307692,6614.233518066416,0.4129807692307692,,,,
1,1,460.46153846153845,0.48523902893066406,48,48,0.066869358,[4],4,12,7.256522919371591,1,1105,run_tracksingle,187861-dc001,cloudid_20160801_071500.nc,1,initial_data,,,40893.37576540626,0.4129807692307692,6614.233518066416,0.4129807692307692,,,,
1,1,460.46153846153845,0.48523902893066406,48,48,0.066869358,[4],4,12,7.256522919371591,1,1105,run_tracksingle,187861-dc001,cloudid_20160801_061500.nc,1,initial_data,,,40893.37576540626,0.4129807692307692,6614.233518066416,0.4129807692307692,,,,
1,1,591.2992776057791,0.5464258193969727,48,48,0.101293768,[4],4,12,5.394466315015279,1,969,run_tracksingle,168699-dc004,cloudid_20160801_221500.nc,1,initial_data,,,42993.85065,0.5492700808393532,6864.847854239501,0.5492700808393532,,,,
1,1,591.2992776057791,0.5464258193969727,48,48,0.101293768,[4],4,12,5.394466315015279,1,969,run_tracksingle,168699-dc004,cloudid_20160802_071500.nc,1,initial_data,,,42993.85065,0.5492700808393532,6864.847854239501,0.5492700808393532,,,,
1,1,591.2992776057791,0.5464258193969727,48,48,0.101293768,[4],4,12,5.394466315015279,1,969,run_tracksingle,168699-dc004,cloudid_20160801_211500.nc,1,initial_data,,,42993.85065,0.5492700808393532,6864.847854239501,0.5492700808393532,,,,
1,1,7293.534988038277,23.259716987609863,48,48,0.258043292,[4],4,12,90.13881666,1,3344,run_tracksingle,202243-dc003,mcstrack_20160801_131500.nc,8,trackstats,,,124405.76390521169,0.003061365,11753.261004541586,0.003061365,,,,
1,1,6632.008785332315,33.11652946472168,48,48,0.216181849,[4],4,12,153.18829780534293,1,5236,run_tracksingle,187184-dc003,pr_rlut_mean_sam_2016080117.nc,0,initial_data,,,124402.99512919829,0.002428011,11755.576631066184,0.002428011,,,,
1,1,7382.356777493606,16.51669406890869,48,48,0.200955524,[4],4,12,82.19079396348762,1,2346,run_tracksingle,176116-dc004,IMERG_landmask_180W-180E_60S-60N.nc,7,trackstats,,,124404.71835175654,0.003146405,11751.479991023514,0.003146405,,,,
1,1,4692.570721,24.39422894,48,48,0.533552001,[4],4,12,45.720433789998474,1,5451,run_tracksingle,200350-dc003,cloudid_20160801_061500.nc,7,trackstats,,,124385.03941351206,0.000571165,11752.160751761992,0.000571165,,,,
1,1,6632.008785332315,33.11652946472168,48,48,0.201564099,[4],4,12,164.2977575323157,1,5236,run_tracksingle,101199-dc002,pr_rlut_mean_sam_2016080102.nc,0,initial_data,,,124402.99512919829,0.002428011,11755.576631066184,0.002428011,,,,
1,1,576.0126926563917,0.6059093475341797,48,48,0.094500663,[4],4,12,6.411694143713888,1,1103,run_tracksingle,103223-dc002,cloudid_20160801_201500.nc,1,initial_data,,,42748.57154,0.5333465548504079,6835.592882684888,0.5333465548504079,,,,
1,1,576.0126926563917,0.6059093475341797,48,48,0.094500663,[4],4,12,6.411694143713888,1,1103,run_tracksingle,103223-dc002,cloudid_20160802_201500.nc,1,initial_data,,,42748.57154,0.5333465548504079,6835.592882684888,0.5333465548504079,,,,
1,1,7307.875959079284,16.350056648254395,48,48,0.280738905,[4],4,12,58.239368883533956,1,2346,run_tracksingle,196054-dc001,IMERG_landmask_180W-180E_60S-60N.nc,7,trackstats,,,124404.0728136694,0.003075096,11751.394470151725,0.003075096,,,,
1,1,2714.8830379091733,20.011263847351074,48,48,0.604760363,[4],4,12,33.089575758706054,1,7729,run_tracksingle,193173-dc003,tracknumbers_20160801.0000_20160802.2300.nc,7,trackstats,,,92042.86982341294,0.5504176555693924,10337.627401554146,0.5504176555693924,,,,
1,1,2714.8830379091733,20.011263847351074,48,48,0.604760363,[4],4,12,33.089575758706054,1,7729,run_tracksingle,193173-dc003,cloudid_20160801_161500.nc,7,trackstats,,,92042.86982341294,0.5504176555693924,10337.627401554146,0.5504176555693924,,,,
1,1,2741.462871617118,19.611084938049316,48,48,0.463916908,[4],4,12,42.27283938107579,1,7501,run_tracksingle,192423-dc001,tracknumbers_20160801.0000_20160802.2300.nc,7,trackstats,,,92130.81433614562,0.5590699451878639,10340.63367691349,0.5590699451878639,,,,
1,1,2741.462871617118,19.611084938049316,48,48,0.463916908,[4],4,12,42.27283938107579,1,7501,run_tracksingle,192423-dc001,cloudid_20160802_191500.nc,7,trackstats,,,92130.81433614562,0.5590699451878639,10340.63367691349,0.5590699451878639,,,,
1,1,2769.181135113377,19.682604789733887,48,48,0.554804758,[4],4,12,35.47663300633389,1,7453,run_tracksingle,193184-dc003,tracknumbers_20160801.0000_20160802.2300.nc,7,trackstats,,,92222.62092025159,0.5680928174197191,10343.91087803659,0.5680928174197191,,,,
1,1,2769.181135113377,19.682604789733887,48,48,0.554804758,[4],4,12,35.47663300633389,1,7453,run_tracksingle,193184-dc003,cloudid_20160801_071500.nc,7,trackstats,,,92222.62092025159,0.5680928174197191,10343.91087803659,0.5680928174197191,,,,
1,1,5326.809209319391,27.691304206848145,48,48,0.384741712,[4],4,12,71.97375107289677,1,5451,run_tracksingle,199713-dc001,cloudid_20160801_201500.nc,7,trackstats,,,124391.02761857925,0.001178394,11753.398445043134,0.001178394,,,,
1,1,7481.984228473998,16.73959255218506,48,48,0.270870879,[4],4,12,61.799159119593135,1,2346,run_tracksingle,110698-dc002,cloudid_20160802_101500.nc,7,trackstats,,,124405.58184004122,0.003241789,11751.59438593274,0.003241789,,,,
1,1,6632.008785332315,33.11652946472168,48,48,0.219362157,[4],4,12,150.96737704271243,1,5236,run_tracksingle,187182-dc003,pr_rlut_mean_sam_2016080200.nc,0,initial_data,,,124402.99512919829,0.002428011,11755.576631066184,0.002428011,,,,
1,1,7391.903665814152,16.538053512573242,48,48,0.20886471,[4],4,12,79.18069793874342,1,2346,run_tracksingle,110700-dc002,IMERG_landmask_180W-180E_60S-60N.nc,7,trackstats,,,124404.80109628267,0.003155545,11751.490953016539,0.003155545,,,,
1,1,7391.903665814152,16.538053512573242,48,48,0.20886471,[4],4,12,79.18069793874342,1,2346,run_tracksingle,110700-dc002,cloudid_20160802_151500.nc,7,trackstats,,,124404.80109628267,0.003155545,11751.490953016539,0.003155545,,,,
1,1,553.6478149100257,0.8215675354003906,48,48,0.186554994,[4],4,12,4.4038892649552475,1,1556,run_tracksingle,168696-dc004,cloudid_20160801_181500.nc,1,initial_data,,,42389.97409668613,0.5100498071979434,6792.841618466266,0.5100498071979434,,,,
1,1,553.6478149100257,0.8215675354003906,48,48,0.186554994,[4],4,12,4.4038892649552475,1,1556,run_tracksingle,168696-dc004,cloudid_20160802_091500.nc,1,initial_data,,,42389.97409668613,0.5100498071979434,6792.841618466266,0.5100498071979434,,,,
1,1,562.4555984555984,0.5557098388671875,48,48,0.092071502,[4],4,12,6.035633467,1,1036,run_tracksingle,189220-dc003,cloudid_20160802_031500.nc,1,initial_data,,,42530.838194280965,0.5192245817245816,6809.607803894667,0.5192245817245816,,,,
1,1,562.4555984555984,0.5557098388671875,48,48,0.092071502,[4],4,12,6.035633467,1,1036,run_tracksingle,189220-dc003,cloudid_20160802_041500.nc,1,initial_data,,,42530.838194280965,0.5192245817245816,6809.607803894667,0.5192245817245816,,,,
1,1,562.4555984555984,0.5557098388671875,48,48,0.092071502,[4],4,12,6.035633467,1,1036,run_tracksingle,189220-dc003,cloudid_20160801_231500.nc,1,initial_data,,,42530.838194280965,0.5192245817245816,6809.607803894667,0.5192245817245816,,,,
1,1,562.4555984555984,0.5557098388671875,48,48,0.092071502,[4],4,12,6.035633467,1,1036,run_tracksingle,189220-dc003,cloudid_20160802_021500.nc,1,initial_data,,,42530.838194280965,0.5192245817245816,6809.607803894667,0.5192245817245816,,,,
1,1,504.3199315654405,0.5622386932373047,48,48,0.085278825,[4],4,12,6.592946059438608,1,1169,run_tracksingle,103228-dc002,cloudid_20160801_211500.nc,1,initial_data,,,41597.59260575258,0.45866659538066723,6698.264396031976,0.45866659538066723,,,,
1,1,504.3199315654405,0.5622386932373047,48,48,0.085278825,[4],4,12,6.592946059438608,1,1169,run_tracksingle,103228-dc002,cloudid_20160801_091500.nc,1,initial_data,,,41597.59260575258,0.45866659538066723,6698.264396031976,0.45866659538066723,,,,
1,1,504.3199315654405,0.5622386932373047,48,48,0.085278825,[4],4,12,6.592946059438608,1,1169,run_tracksingle,103228-dc002,cloudid_20160802_151500.nc,1,initial_data,,,41597.59260575258,0.45866659538066723,6698.264396031976,0.45866659538066723,,,,
1,1,504.3199315654405,0.5622386932373047,48,48,0.085278825,[4],4,12,6.592946059438608,1,1169,run_tracksingle,103228-dc002,cloudid_20160802_221500.nc,1,initial_data,,,41597.59260575258,0.45866659538066723,6698.264396031976,0.45866659538066723,,,,
1,1,3121.131820543911,17.183584213256836,48,48,0.388346267,[4],4,12,44.24809937276115,1,5773,run_tracksingle,172550-dc004,cloudid_20160801_031500.nc,7,trackstats,,,93387.66389023827,0.6826600978333044,10384.53203461368,0.6826600978333044,,,,
1,1,3121.131820543911,17.183584213256836,48,48,0.388346267,[4],4,12,44.24809937276115,1,5773,run_tracksingle,172550-dc004,tracknumbers_20160801.0000_20160802.2300.nc,7,trackstats,,,93387.66389023827,0.6826600978333044,10384.53203461368,0.6826600978333044,,,,
1,1,516.3108108108108,0.5101184844970703,48,48,0.045363513,[4],4,12,11.245127433077554,1,1036,run_tracksingle,189219-dc003,cloudid_20160802_161500.nc,1,initial_data,,,41789.980008044935,0.4711570945945946,6721.2100335421155,0.4711570945945946,,,,
1,1,516.3108108108108,0.5101184844970703,48,48,0.045363513,[4],4,12,11.245127433077554,1,1036,run_tracksingle,189219-dc003,cloudid_20160802_101500.nc,1,initial_data,,,41789.980008044935,0.4711570945945946,6721.2100335421155,0.4711570945945946,,,,
1,1,516.3108108108108,0.5101184844970703,48,48,0.045363513,[4],4,12,11.245127433077554,1,1036,run_tracksingle,189219-dc003,cloudid_20160802_171500.nc,1,initial_data,,,41789.980008044935,0.4711570945945946,6721.2100335421155,0.4711570945945946,,,,
1,1,516.3108108108108,0.5101184844970703,48,48,0.045363513,[4],4,12,11.245127433077554,1,1036,run_tracksingle,189219-dc003,cloudid_20160801_081500.nc,1,initial_data,,,41789.980008044935,0.4711570945945946,6721.2100335421155,0.4711570945945946,,,,
1,1,7284.025717703349,23.22939109802246,48,48,0.403769403,[4],4,12,57.531330817611405,1,3344,run_tracksingle,201609-dc001,mcstrack_20160802_071500.nc,8,trackstats,,,124405.67911983539,0.003052261,11753.247630696209,0.003052261,,,,
1,1,3192.5337459725283,35.908453941345215,48,48,1.09122817,[4],4,12,32.90645799708893,1,11794,run_tracksingle,107120-dc002,tracknumbers_20160801.0000_20160802.2300.nc,7,trackstats,,,93627.77326343702,0.7059029121004324,10398.366098967916,0.7059029121004324,,,,
1,1,3192.5337459725283,35.908453941345215,48,48,1.09122817,[4],4,12,32.90645799708893,1,11794,run_tracksingle,107120-dc002,cloudid_20160802_051500.nc,7,trackstats,,,93627.77326343702,0.7059029121004324,10398.366098967916,0.7059029121004324,,,,
1,1,7219.656399521531,23.02411175,48,48,0.540220883,[4],4,12,42.619810659451495,1,3344,run_tracksingle,201611-dc001,mcstrack_20160801_151500.nc,8,trackstats,,,124405.10519810722,0.002990633,11753.157101635847,0.002990633,,,,
1,1,7219.656399521531,23.02411175,48,48,0.540220883,[4],4,12,42.619810659451495,1,3344,run_tracksingle,201611-dc001,mcstrack_20160801_161500.nc,8,trackstats,,,124405.10519810722,0.002990633,11753.157101635847,0.002990633,,,,
1,1,2795.8183111341004,20.61849880218506,48,48,0.524979679,[4],4,12,39.27485125,1,7733,run_tracksingle,172542-dc004,tracknumbers_20160801.0000_20160802.2300.nc,7,trackstats,,,92311.01595401701,0.5767637731556317,10347.312450040332,0.5767637731556317,,,,
1,1,2795.8183111341004,20.61849880218506,48,48,0.524979679,[4],4,12,39.27485125,1,7733,run_tracksingle,172542-dc004,cloudid_20160802_151500.nc,7,trackstats,,,92311.01595401701,0.5767637731556317,10347.312450040332,0.5767637731556317,,,,
1,1,6632.493218720153,33.11262321472168,48,48,0.211346633,[4],4,12,156.67447711230716,1,5235,run_tracksingle,187192-dc003,pr_rlut_mean_sam_2016080216.nc,0,initial_data,,,124402.9980228726,0.002428475,11755.575833707924,0.002428475,,,,
1,1,7381.338022165388,16.51441478729248,48,48,0.296725737,[4],4,12,55.65548494127586,1,2346,run_tracksingle,110697-dc002,IMERG_landmask_180W-180E_60S-60N.nc,7,trackstats,,,124404.70952202857,0.003145429,11751.478821261342,0.003145429,,,,
1,1,7812.705741626794,24.91539764404297,48,48,0.450061265,[4],4,12,55.36001336,1,3344,run_tracksingle,201617-dc001,mcstrack_20160801_181500.nc,8,trackstats,,,124410.39287106882,0.003558427,11753.991166702976,0.003558427,,,,
1,1,7812.705741626794,24.91539764404297,48,48,0.450061265,[4],4,12,55.36001336,1,3344,run_tracksingle,201617-dc001,mcstrack_20160801_191500.nc,8,trackstats,,,124410.39287106882,0.003558427,11753.991166702976,0.003558427,,,,
1,1,3005.876523734404,19.988991737365723,48,48,0.499401693,[4],4,12,40.025879001907434,1,6973,run_tracksingle,192417-dc001,tracknumbers_20160801.0000_20160802.2300.nc,7,trackstats,,,93006.52823588549,0.645142098,10371.807468431944,0.645142098,,,,
1,1,3005.876523734404,19.988991737365723,48,48,0.499401693,[4],4,12,40.025879001907434,1,6973,run_tracksingle,192417-dc001,cloudid_20160802_001500.nc,7,trackstats,,,93006.52823588549,0.645142098,10371.807468431944,0.645142098,,,,
0,1,467.4290738569754,4.182707786560059,48,48,0.121967455,[4],4,12,34.29363830343151,1,9383,run_trackstats,192414-dc001,trackstats_20160801.0000_20160802.2300.nc,3,,,,1916.8867882922964,0.420238619,6629.013073498327,0.420238619,,,,
0,1,467.4290738569754,4.182707786560059,48,48,0.121967455,[4],4,12,34.29363830343151,1,9383,run_trackstats,192414-dc001,trackstats_sparse_20160801.0000_20160802.2300.nc,3,,,,1916.8867882922964,0.420238619,6629.013073498327,0.420238619,,,,
1,1,407.34671532846716,0.10644245147705078,48,48,0.006627192,[4],4,12,16.06147090306887,1,274,run_trackstats,192414-dc001,tracknumbers_20160801.0000_20160802.2300.nc,3,trackstats,,,40039.964707725645,0.3576528284671533,6512.356895559443,0.3576528284671533,,,,
