,operation,randomOffset,transferSize,aggregateFilesizeMB,numTasks,numNodes,tasksPerNode,parallelism,totalTime_beegfs,totalTime_localssd,totalTime_nfs,totalTime_tmpfs,trMiB_beegfs,trMiB_localssd,trMiB_nfs,trMiB_tmpfs,trMiB_ave_beegfs,trMiB_ave_localssd,trMiB_ave_nfs,trMiB_ave_tmpfs,selectStorage
0,0.0,0.0,64.0,1024.0,2.0,1.0,2.0,2.0,7.910233333333333,,14.382966666666666,4.269333333333333,129.56393333333332,,71.36526666666667,239.85243333333332,182.0184833333333,,86.29778333333333,239.93623333333335,nfs
1,0.0,0.0,64.0,1024.0,2.0,2.0,1.0,2.0,4.367266666666667,9.918333333333333,10.1323,4.2665,234.47303333333332,103.32459999999999,101.2303,240.02003333333332,182.0184833333333,103.32459999999999,86.29778333333333,239.93623333333335,ave_nfs
2,0.0,0.0,64.0,1024.0,4.0,1.0,4.0,4.0,7.636533333333333,,12.0,2.1337333333333333,134.09186666666668,,85.33460000000001,479.92633333333333,354.6382555555556,,139.83363333333332,476.2205666666666,nfs
3,0.0,0.0,64.0,1024.0,4.0,2.0,2.0,4.0,2.2094333333333336,11.840200000000001,7.459333333333333,2.1483333333333334,463.4719666666667,86.70413333333333,137.27736666666667,476.6584666666667,354.6382555555556,147.05143333333334,139.83363333333332,476.2205666666666,localssd
4,0.0,0.0,64.0,1024.0,4.0,4.0,1.0,4.0,2.1957999999999998,4.937366666666667,5.2009,2.169233333333333,466.35093333333333,207.39873333333333,196.8889333333333,472.0769,354.6382555555556,147.05143333333334,139.83363333333332,476.2205666666666,ave_nfs
5,0.0,0.0,64.0,1024.0,8.0,1.0,8.0,8.0,7.752466666666667,,10.554033333333335,1.0726666666666667,132.08686666666665,,97.0246,954.6424999999999,713.6451083333333,,231.44975833333334,952.0198416666666,nfs
6,0.0,0.0,64.0,1024.0,8.0,2.0,4.0,8.0,1.1711333333333334,11.691966666666666,6.005933333333334,1.0675666666666668,874.3808666666667,87.66743333333334,170.4981,959.1987666666668,713.6451083333333,218.3613555555556,231.44975833333334,952.0198416666666,localssd
7,0.0,0.0,64.0,1024.0,8.0,4.0,2.0,8.0,1.1159666666666668,5.768233333333334,3.7484333333333333,1.0760333333333334,917.6149666666666,177.5801,273.1829666666667,951.7024666666666,713.6451083333333,218.3613555555556,231.44975833333334,952.0198416666666,localssd
8,0.0,0.0,64.0,1024.0,8.0,8.0,1.0,8.0,1.1005,2.6269666666666667,2.6593,1.0864666666666667,930.4977333333333,389.8365333333333,385.09336666666667,942.5356333333333,713.6451083333333,218.3613555555556,231.44975833333334,952.0198416666666,ave_localssd
9,0.0,0.0,64.0,1024.0,16.0,1.0,16.0,16.0,7.7815666666666665,,9.8151,0.5386333333333333,131.59923333333333,,104.32976666666667,1901.1750666666667,1379.4281466666669,,289.9467,1641.722806666666,nfs
10,0.0,0.0,64.0,1024.0,16.0,2.0,8.0,16.0,0.7351000000000001,9.535166666666667,5.280033333333333,0.5460333333333334,1393.7545666666665,107.40249999999999,193.93783333333332,1875.2588333333333,1379.4281466666669,340.8890166666667,289.9467,1641.722806666666,localssd
11,0.0,0.0,64.0,1024.0,16.0,4.0,4.0,16.0,0.5931666666666667,5.820533333333334,3.0252666666666665,0.5381999999999999,1730.1309,175.94356666666667,338.4875333333334,1902.6387666666667,1379.4281466666669,340.8890166666667,289.9467,1641.722806666666,localssd
12,0.0,0.0,64.0,1024.0,16.0,8.0,2.0,16.0,0.5649666666666667,3.3755666666666664,1.9588666666666665,0.5414,1812.7984333333334,303.4193666666667,523.0316666666666,1891.4648666666665,1379.4281466666669,340.8890166666667,289.9467,1641.722806666666,ave_nfs
13,0.0,0.0,64.0,1024.0,16.0,16.0,1.0,16.0,0.5599333333333334,1.3183,,1.6049333333333333,1828.8576,776.7906333333334,,638.0765,1379.4281466666669,340.8890166666667,,1641.722806666666,ave_localssd
14,0.0,0.0,64.0,1024.0,32.0,1.0,32.0,32.0,7.8039,,9.457366666666665,0.27973333333333333,131.21720000000002,,108.27633333333334,3666.962,2254.7380722222224,,501.94216666666665,3329.676850000001,nfs
15,0.0,0.0,64.0,1024.0,32.0,2.0,16.0,32.0,0.6904666666666666,9.460799999999999,4.9056,0.2739333333333333,1483.107,108.24543333333334,208.74213333333333,3739.2767333333336,2254.7380722222224,590.224,501.94216666666665,3329.676850000001,localssd
16,0.0,0.0,64.0,1024.0,32.0,4.0,8.0,32.0,0.34886666666666666,5.016033333333334,2.6590333333333334,0.27116666666666667,2983.135433333333,204.35606666666664,385.1060333333333,3776.319133333333,2254.7380722222224,590.224,501.94216666666665,3329.676850000001,localssd
17,0.0,0.0,64.0,1024.0,32.0,8.0,4.0,32.0,0.3340666666666667,2.687633333333333,1.5676666666666668,0.27086666666666664,3149.5811,389.26,653.2351333333332,3780.9512,2254.7380722222224,590.224,501.94216666666665,3329.676850000001,localssd
18,0.0,0.0,64.0,1024.0,32.0,16.0,2.0,32.0,0.3045333333333333,1.6895333333333333,,0.7959,3364.463366666667,606.1540666666666,,1286.6396000000002,2254.7380722222224,590.224,,3329.676850000001,ave_localssd
19,0.0,0.0,64.0,1024.0,32.0,32.0,1.0,32.0,0.4493666666666667,0.6232000000000001,0.8912999999999999,0.27466666666666667,2416.9243333333334,1643.1044333333332,1154.3512,3727.9124333333334,2254.7380722222224,590.224,501.94216666666665,3329.676850000001,ave_nfs
20,0.0,0.0,64.0,1024.0,64.0,1.0,64.0,64.0,7.841,,9.259766666666666,0.27099999999999996,130.5996,,110.58596666666666,3779.1965333333333,3571.930522222223,,531.36516,6012.623783333333,nfs
21,0.0,0.0,64.0,1024.0,64.0,2.0,32.0,64.0,0.9572666666666666,8.921100000000001,4.7301,0.14243333333333333,1071.849,114.8308,216.48633333333336,7199.5457,3571.930522222223,629.0410733333333,531.36516,6012.623783333333,localssd
22,0.0,0.0,64.0,1024.0,64.0,4.0,16.0,64.0,0.26433333333333336,4.615200000000001,2.4751,0.1351,4177.985266666667,221.96,413.71990000000005,7578.633033333334,3571.930522222223,629.0410733333333,531.36516,6012.623783333333,localssd
23,0.0,0.0,64.0,1024.0,64.0,8.0,8.0,64.0,0.2009,2.1696,1.3639666666666665,0.1375333333333333,5435.8042,472.3395666666667,750.779,7450.280433333333,3571.930522222223,629.0410733333333,531.36516,6012.623783333333,localssd
24,0.0,0.0,64.0,1024.0,64.0,16.0,4.0,64.0,0.16176666666666667,1.1402333333333334,,0.3998,6332.378233333333,900.0704666666667,,2561.4645,3571.930522222223,629.0410733333333,,6012.623783333333,ave_localssd
25,0.0,0.0,64.0,1024.0,64.0,32.0,2.0,64.0,0.2581333333333333,0.7132333333333333,0.8821666666666667,0.1364,4282.966833333333,1436.0045333333335,1165.2546,7506.6225,3571.930522222223,629.0410733333333,531.36516,6012.623783333333,ave_nfs
26,0.0,0.0,64.0,1024.0,128.0,1.0,128.0,128.0,8.065199999999999,,9.489433333333332,0.2734666666666667,126.96683333333333,,107.92146666666667,3752.0787333333333,3845.4026166666663,,492.78260666666665,9134.876449999998,nfs
27,0.0,0.0,64.0,1024.0,128.0,2.0,64.0,128.0,1.8489666666666666,9.961466666666666,4.7111,0.1557666666666667,554.1359333333334,102.8211,217.36906666666667,6580.990233333334,3845.4026166666663,480.85637999999994,492.78260666666665,9134.876449999998,localssd
28,0.0,0.0,64.0,1024.0,128.0,4.0,32.0,128.0,0.4486666666666667,4.451966666666666,2.3910666666666667,0.09356666666666667,2283.1842666666666,230.6455,428.2681333333333,11362.051233333334,3845.4026166666663,480.85637999999994,492.78260666666665,9134.876449999998,localssd
29,0.0,0.0,64.0,1024.0,128.0,8.0,16.0,128.0,0.12776666666666667,2.3242666666666665,1.3818666666666666,0.07146666666666666,8076.213199999999,440.6031666666666,742.9956000000001,14343.158000000001,3845.4026166666663,480.85637999999994,492.78260666666665,9134.876449999998,localssd
30,0.0,0.0,64.0,1024.0,128.0,16.0,8.0,128.0,0.1271,1.1292333333333333,,0.20509999999999998,8151.611,908.1094333333334,,4993.803933333334,3845.4026166666663,480.85637999999994,,9134.876449999998,ave_localssd
31,0.0,0.0,64.0,1024.0,128.0,32.0,4.0,128.0,0.47866666666666663,1.4191,1.0756333333333332,0.07493333333333334,3880.3044666666665,722.1027,967.3587666666666,13777.176566666667,3845.4026166666663,480.85637999999994,492.78260666666665,9134.876449999998,ave_localssd
32,0.0,0.0,64.0,1024.0,256.0,1.0,256.0,256.0,8.219433333333333,,,0.25776666666666664,124.62686666666667,,,3990.0061333333338,4806.9639,,,12188.405666666666,beegfs
33,0.0,0.0,64.0,1024.0,256.0,2.0,128.0,256.0,,,4.852133333333334,0.1819666666666667,,,211.0409666666667,5664.763599999999,,,510.19265,12188.405666666666,nfs
34,0.0,0.0,64.0,1024.0,256.0,4.0,64.0,256.0,0.1463,4.932566666666666,2.555633333333333,0.08963333333333333,7024.1702000000005,207.60473333333334,401.2970666666667,11587.2382,4806.9639,626.8744333333333,510.19265,12188.405666666666,localssd
35,0.0,0.0,64.0,1024.0,256.0,8.0,32.0,256.0,0.24703333333333333,2.4883333333333333,1.4981666666666669,0.04886666666666667,8309.9363,411.87416666666667,687.8416000000001,21365.681233333333,4806.9639,626.8744333333333,510.19265,12188.405666666666,localssd
36,0.0,0.0,64.0,1024.0,256.0,16.0,16.0,256.0,0.26496666666666663,1.1136666666666666,,0.10033333333333333,4075.6291,919.7881333333333,,10205.188,4806.9639,626.8744333333333,,12188.405666666666,ave_localssd
37,0.0,0.0,64.0,1024.0,256.0,32.0,8.0,256.0,0.24539999999999998,0.6680999999999999,1.3870666666666667,0.0504,4500.457033333333,1532.7094666666665,740.5909666666666,20317.556833333332,4806.9639,626.8744333333333,510.19265,12188.405666666666,ave_nfs
38,0.0,0.0,64.0,1024.0,512.0,4.0,128.0,512.0,0.29259999999999997,4.923566666666667,2.7273333333333336,0.14376666666666668,3572.246333333333,208.0083,375.5326333333333,7133.931533333333,3942.424216666667,822.6108,442.22394444444444,17019.765133333334,localssd
39,0.0,0.0,64.0,1024.0,512.0,8.0,64.0,512.0,0.15433333333333332,2.5461333333333336,2.3174333333333332,0.07183333333333333,6653.8064,402.2384666666667,457.82529999999997,14702.347733333334,3942.424216666667,822.6108,442.22394444444444,17019.765133333334,localssd
40,0.0,0.0,64.0,1024.0,512.0,16.0,32.0,512.0,0.45526666666666665,1.2324666666666666,,0.06623333333333332,2998.534766666667,831.2668666666667,,15465.114433333334,3942.424216666667,822.6108,,17019.765133333334,ave_localssd
41,0.0,0.0,64.0,1024.0,512.0,32.0,16.0,512.0,0.4030666666666667,0.5545333333333333,2.1099666666666668,0.0348,2545.109366666667,1848.9295666666667,493.31389999999993,30777.666833333333,3942.424216666667,822.6108,442.22394444444444,17019.765133333334,ave_nfs
42,0.0,0.0,64.0,1024.0,1024.0,8.0,128.0,1024.0,2.6615333333333333,2.6812666666666662,3.6187,0.12593333333333334,2685.8220333333334,381.91339999999997,287.4692333333333,8138.9999,1816.3988777777777,1012.9498111111111,281.7543333333333,27807.998855555557,ave_nfs
43,0.0,0.0,64.0,1024.0,1024.0,16.0,64.0,1024.0,1.0564333333333333,1.2633333333333334,,0.06116666666666667,2542.8835,810.6865000000001,,16967.9566,1816.3988777777777,1012.9498111111111,,27807.998855555557,localssd
44,0.0,0.0,64.0,1024.0,1024.0,32.0,32.0,1024.0,4.646999999999999,0.5555333333333333,3.7345,0.017733333333333334,220.4911,1846.2495333333334,276.0394333333333,58317.04006666667,1816.3988777777777,1012.9498111111111,281.7543333333333,27807.998855555557,beegfs
45,0.0,0.0,1024.0,1024.0,2.0,1.0,2.0,2.0,0.8881666666666667,2.1752,10.117133333333333,0.38453333333333334,1154.2762333333333,470.82123333333334,101.22986666666667,2663.1446666666666,1082.5706333333335,704.8608666666668,152.19401666666667,2694.30875,nfs
46,0.0,0.0,1024.0,1024.0,2.0,2.0,1.0,2.0,1.0132666666666668,1.0906666666666667,5.040566666666667,0.3757,1010.8650333333334,938.9005000000001,203.1581666666667,2725.4728333333333,1082.5706333333335,704.8608666666668,152.19401666666667,2694.30875,ave_nfs
47,0.0,0.0,1024.0,1024.0,4.0,1.0,4.0,4.0,0.6993333333333333,2.1589333333333336,9.7138,0.19166666666666665,1464.3783999999998,474.3090333333333,105.46833333333332,5342.746366666667,1854.6396666666667,1081.987511111111,241.01517777777772,5294.587144444446,nfs
48,0.0,0.0,1024.0,1024.0,4.0,2.0,2.0,4.0,0.5209666666666667,1.0791666666666666,4.804166666666666,0.19313333333333335,1966.0807333333332,955.2597666666667,213.149,5301.941633333333,1854.6396666666667,1081.987511111111,241.01517777777772,5294.587144444446,nfs
49,0.0,0.0,1024.0,1024.0,4.0,4.0,1.0,4.0,0.48006666666666664,0.5637666666666666,2.532,0.19543333333333335,2133.4598666666666,1816.3937333333333,404.4282,5239.073433333334,1854.6396666666667,1081.987511111111,241.01517777777772,5294.587144444446,ave_nfs
50,0.0,0.0,1024.0,1024.0,8.0,1.0,8.0,8.0,0.7118666666666668,2.1337333333333333,9.551366666666667,0.09773333333333334,1438.4624999999999,479.94256666666666,107.2179,10477.341966666667,3176.063566666667,1410.659525,379.25543333333343,10447.0618,nfs
51,0.0,0.0,1024.0,1024.0,8.0,2.0,4.0,8.0,0.34473333333333334,1.0559,4.669499999999999,0.0981,2993.8543666666665,993.6492333333334,219.29523333333336,10437.815633333334,3176.063566666667,1410.659525,379.25543333333343,10447.0618,nfs
52,0.0,0.0,1024.0,1024.0,8.0,4.0,2.0,8.0,0.2526333333333333,0.5253,2.4208666666666665,0.09793333333333333,4081.7016000000003,1949.4322333333332,422.99680000000006,10460.105666666668,3176.063566666667,1410.659525,379.25543333333343,10447.0618,ave_nfs
53,0.0,0.0,1024.0,1024.0,8.0,8.0,1.0,8.0,0.24476666666666666,0.4613333333333333,1.3345,0.09836666666666667,4190.2357999999995,2219.6140666666665,767.5118000000001,10412.983933333335,3176.063566666667,1410.659525,379.25543333333343,10447.0618,ave_nfs
54,0.0,0.0,1024.0,1024.0,16.0,1.0,16.0,16.0,0.7458,2.11,9.533333333333333,0.05006666666666667,1373.0269,485.31006666666667,107.41883333333334,20456.028166666667,5397.631213333333,2057.517393333333,391.4458916666667,17644.456733333333,nfs
55,0.0,0.0,1024.0,1024.0,16.0,2.0,8.0,16.0,0.35390000000000005,0.9461666666666666,4.602833333333333,0.05306666666666667,2894.3463333333334,1082.4312666666667,222.47093333333336,19312.49696666667,5397.631213333333,2057.517393333333,391.4458916666667,17644.456733333333,nfs
56,0.0,0.0,1024.0,1024.0,16.0,4.0,4.0,16.0,0.14593333333333333,0.4792,2.3495000000000004,0.05026666666666666,7157.127666666667,2138.1554,435.8437666666667,20384.599533333334,5397.631213333333,2057.517393333333,391.4458916666667,17644.456733333333,ave_nfs
57,0.0,0.0,1024.0,1024.0,16.0,8.0,2.0,16.0,0.13786666666666667,0.45470000000000005,1.2822,0.050333333333333334,7483.085633333333,2252.0371666666665,800.0500333333333,20339.897633333334,5397.631213333333,2057.517393333333,391.4458916666667,17644.456733333333,ave_nfs
58,0.0,0.0,1024.0,1024.0,16.0,16.0,1.0,16.0,0.12693333333333334,0.23653333333333335,,0.13246666666666665,8080.569533333334,4329.653066666667,,7729.261366666667,5397.631213333333,2057.517393333333,,17644.456733333333,ave_localssd
59,0.0,0.0,1024.0,1024.0,32.0,1.0,32.0,32.0,0.7632666666666666,2.095166666666667,9.536533333333333,0.0309,1341.5883000000001,488.77340000000004,107.37686666666667,33525.8193,8519.923177777779,3124.4914944444445,555.3858533333333,33707.131738888886,nfs
60,0.0,0.0,1024.0,1024.0,32.0,2.0,16.0,32.0,0.5092,0.7952666666666667,4.5813,0.027466666666666667,2010.9378333333334,1288.2051666666666,223.51740000000004,37306.435333333335,8519.923177777779,3124.4914944444445,555.3858533333333,33707.131738888886,nfs
61,0.0,0.0,1024.0,1024.0,32.0,4.0,8.0,32.0,0.11173333333333334,0.4944333333333333,2.3280666666666665,0.025966666666666666,10309.6453,2081.6991333333335,439.85216666666673,39464.267100000005,8519.923177777779,3124.4914944444445,555.3858533333333,33707.131738888886,nfs
62,0.0,0.0,1024.0,1024.0,32.0,8.0,4.0,32.0,0.08313333333333334,0.4212666666666667,1.2249,0.0276,12446.019866666667,2448.2039666666665,836.0322,37104.522300000004,8519.923177777779,3124.4914944444445,555.3858533333333,33707.131738888886,ave_nfs
63,0.0,0.0,1024.0,1024.0,32.0,16.0,2.0,32.0,0.07529999999999999,0.24013333333333334,,0.06833333333333334,13653.426099999999,4264.5211,,14990.716866666668,8519.923177777779,3124.4914944444445,,33707.131738888886,ave_localssd
64,0.0,0.0,1024.0,1024.0,32.0,32.0,1.0,32.0,0.09223333333333333,0.12566666666666668,0.8892333333333333,0.0257,11357.921666666667,8175.5462,1170.1506333333334,39851.02953333333,8519.923177777779,3124.4914944444445,555.3858533333333,33707.131738888886,ave_nfs
65,0.0,0.0,1024.0,1024.0,64.0,1.0,64.0,64.0,0.7676999999999999,2.2989,9.534366666666665,0.03836666666666667,1333.9307666666666,451.66263333333336,107.4264,27470.987899999996,10391.126899999997,3398.9844333333335,478.27366666666666,55243.047994444445,nfs
66,0.0,0.0,1024.0,1024.0,64.0,2.0,32.0,64.0,0.9338666666666665,0.9373999999999999,4.5667,0.020566666666666667,1097.1875333333335,1126.414,224.23106666666664,51261.03763333333,10391.126899999997,3398.9844333333335,478.27366666666666,55243.047994444445,nfs
67,0.0,0.0,1024.0,1024.0,64.0,4.0,16.0,64.0,0.12403333333333333,0.4165666666666667,2.3375,0.0143,11407.136633333334,2473.8059,438.0771,71735.33656666667,10391.126899999997,3398.9844333333335,478.27366666666666,55243.047994444445,nfs
68,0.0,0.0,1024.0,1024.0,64.0,8.0,8.0,64.0,0.057,0.3843666666666667,1.2159,0.013600000000000001,18005.6393,2664.3253666666665,842.7074333333334,75394.45563333333,10391.126899999997,3398.9844333333335,478.27366666666666,55243.047994444445,ave_nfs
69,0.0,0.0,1024.0,1024.0,64.0,16.0,4.0,64.0,0.05993333333333333,0.19763333333333333,,0.033933333333333336,17237.377866666666,5208.125533333333,,30179.159766666668,10391.126899999997,3398.9844333333335,,55243.047994444445,ave_localssd
70,0.0,0.0,1024.0,1024.0,64.0,32.0,2.0,64.0,0.15343333333333334,0.12109999999999999,1.3265333333333333,0.013600000000000001,13265.489300000001,8469.573166666667,778.9263333333333,75417.31046666666,10391.126899999997,3398.9844333333335,478.27366666666666,55243.047994444445,ave_nfs
71,0.0,0.0,1024.0,1024.0,128.0,1.0,128.0,128.0,0.9440666666666667,2.2160999999999995,12.028833333333333,0.0307,1086.0009666666667,462.1831333333333,85.21696666666666,33569.16753333333,7747.498566666666,3157.1409611111108,459.47637333333324,66130.80807222222,nfs
72,0.0,0.0,1024.0,1024.0,128.0,2.0,64.0,128.0,1.7675999999999998,1.6239000000000001,4.573433333333333,0.0371,579.5051666666667,632.0404666666667,223.90330000000003,27976.571266666666,7747.498566666666,3157.1409611111108,459.47637333333324,66130.80807222222,nfs
73,0.0,0.0,1024.0,1024.0,128.0,4.0,32.0,128.0,0.4295333333333333,0.4479,2.305266666666667,0.0116,2389.7112,2311.5385,444.2076,91488.33646666666,7747.498566666666,3157.1409611111108,459.47637333333324,66130.80807222222,nfs
74,0.0,0.0,1024.0,1024.0,128.0,8.0,16.0,128.0,0.0613,0.42196666666666666,1.2403000000000002,0.013533333333333333,17052.02836666667,2461.881766666667,825.6560333333333,79333.36766666667,7747.498566666666,3157.1409611111108,459.47637333333324,66130.80807222222,ave_nfs
75,0.0,0.0,1024.0,1024.0,128.0,16.0,8.0,128.0,0.06113333333333334,0.19326666666666667,,0.02623333333333333,17149.079533333334,5298.7504,,39399.5146,7747.498566666666,3157.1409611111108,,66130.80807222222,ave_localssd
76,0.0,0.0,1024.0,1024.0,128.0,32.0,4.0,128.0,0.34850000000000003,0.13243333333333332,1.4279666666666666,0.0082,8228.666166666668,7776.4515,718.3979666666668,125017.8909,7747.498566666666,3157.1409611111108,459.47637333333324,66130.80807222222,ave_nfs
77,0.0,0.0,1024.0,1024.0,256.0,1.0,256.0,256.0,0.9734000000000002,,,0.03386666666666666,1052.8183333333334,,,31060.009566666664,6277.434426666668,,,86861.02096666668,beegfs
78,0.0,0.0,1024.0,1024.0,256.0,2.0,128.0,256.0,,,4.620466666666666,0.07303333333333334,,,221.6341666666667,14094.667533333333,,,469.10835000000003,86861.02096666668,nfs
79,0.0,0.0,1024.0,1024.0,256.0,4.0,64.0,256.0,0.1183,0.7919333333333333,2.335433333333333,0.027266666666666665,8786.891300000001,1293.1047666666666,438.4841333333334,41389.06766666666,6277.434426666668,3837.7936533333336,469.10835000000003,86861.02096666668,nfs
80,0.0,0.0,1024.0,1024.0,256.0,8.0,32.0,256.0,1.6334333333333333,0.39420000000000005,1.6681,0.006866666666666667,9974.001666666667,2597.990166666667,615.5952333333333,149464.38516666667,6277.434426666668,3837.7936533333336,469.10835000000003,86861.02096666668,ave_nfs
81,0.0,0.0,1024.0,1024.0,256.0,16.0,16.0,256.0,0.19626666666666667,0.1950333333333333,,0.0143,7369.243366666667,5252.190933333332,,71521.07586666667,6277.434426666668,3837.7936533333336,,86861.02096666668,ave_localssd
82,0.0,0.0,1024.0,1024.0,256.0,32.0,8.0,256.0,0.24356666666666668,0.10923333333333334,1.7053,0.004833333333333333,4204.217466666667,9371.913766666667,600.7198666666667,213636.92,6277.434426666668,3837.7936533333336,469.10835000000003,86861.02096666668,ave_nfs
83,0.0,0.0,1024.0,1024.0,512.0,4.0,128.0,512.0,0.2276,0.8034666666666667,2.4681,0.09733333333333334,4527.112566666667,1281.8728,415.2513333333333,10522.071833333333,3571.2112,4901.82175,400.2027777777778,77305.99033333334,ave_nfs
84,0.0,0.0,1024.0,1024.0,512.0,8.0,64.0,512.0,4.733733333333333,0.38543333333333335,2.5096666666666665,0.036899999999999995,2288.0200333333332,2657.246866666667,408.14286666666663,28385.2369,3571.2112,4901.82175,400.2027777777778,77305.99033333334,ave_nfs
85,0.0,0.0,1024.0,1024.0,512.0,16.0,32.0,512.0,0.2930333333333333,0.1902,,0.019100000000000002,4756.364866666667,5385.1464000000005,,62486.88246666667,3571.2112,4901.82175,,77305.99033333334,ave_beegfs
86,0.0,0.0,1024.0,1024.0,512.0,32.0,16.0,512.0,0.3779333333333333,0.09956666666666668,2.7200666666666664,0.0051,2713.347333333333,10283.020933333333,377.21413333333334,207829.7701333333,3571.2112,4901.82175,400.2027777777778,77305.99033333334,nfs
87,0.0,0.0,1024.0,1024.0,1024.0,8.0,128.0,1024.0,12.625866666666667,0.5921666666666666,3.7632333333333334,0.10106666666666668,1454.5162333333335,1745.9772333333333,272.1802666666667,10144.829233333334,2022.3395666666668,5700.491977777779,251.16868333333332,177527.12873333332,ave_nfs
88,0.0,0.0,1024.0,1024.0,1024.0,16.0,64.0,1024.0,0.6118,0.19123333333333334,,0.045566666666666665,4405.818633333333,5354.5671,,23649.660233333332,2022.3395666666668,5700.491977777779,,177527.12873333332,ave_beegfs
89,0.0,0.0,1024.0,1024.0,1024.0,32.0,32.0,1024.0,4.9558333333333335,0.1028,4.457433333333333,0.0020666666666666667,206.68383333333335,10000.931599999998,230.15709999999999,498786.89673333336,2022.3395666666668,5700.491977777779,251.16868333333332,177527.12873333332,beegfs
90,0.0,0.0,1024.0,4096.0,2048.0,16.0,128.0,2048.0,,0.8548666666666667,,0.1151,,4792.6033,,36335.32886666667,,7765.5225,,56618.59656666667,localssd
91,0.0,0.0,1024.0,4096.0,2048.0,32.0,64.0,2048.0,0.4707666666666666,0.3814333333333333,8.502466666666667,0.0535,9731.962933333334,10738.441700000001,482.9382,76901.86426666666,9731.962933333334,7765.5225,482.9382,56618.59656666667,nfs
92,0.0,0.0,1024.0,4096.0,4096.0,32.0,128.0,4096.0,,0.5648,15.162833333333333,0.14183333333333334,,7268.7607,271.30786666666665,29211.336933333336,,7268.7607,271.30786666666665,29211.336933333336,nfs
93,0.0,0.0,1024.0,5120.0,2.0,1.0,2.0,2.0,6.513133333333333,11.074,48.10659999999999,1.8902999999999999,849.9611,463.1501666666666,106.4329,2710.1343666666667,970.9511166666666,584.0608666666666,155.51930000000002,2758.9702833333336,nfs
94,0.0,0.0,1024.0,5120.0,2.0,2.0,1.0,2.0,4.704466666666667,7.961666666666666,25.023733333333336,1.8234666666666666,1091.9411333333335,704.9715666666666,204.60569999999998,2807.8062000000004,970.9511166666666,584.0608666666666,155.51930000000002,2758.9702833333336,ave_nfs
95,0.0,0.0,1024.0,5120.0,4.0,1.0,4.0,4.0,3.6183,11.005633333333334,46.6754,0.9273000000000001,1417.3606666666667,465.4058,109.694,5521.418900000001,1884.9661888888886,1078.0874666666668,244.1155666666667,5499.271188888889,nfs
96,0.0,0.0,1024.0,5120.0,4.0,2.0,2.0,4.0,2.4556,5.590066666666666,23.970633333333335,0.9473333333333334,2085.2137666666663,919.2926666666667,213.59606666666664,5404.6888,1884.9661888888886,1078.0874666666668,244.1155666666667,5499.271188888889,nfs
97,0.0,0.0,1024.0,5120.0,4.0,4.0,1.0,4.0,2.3805666666666667,2.7683,12.516599999999999,0.9189333333333334,2152.3241333333335,1849.5639333333336,409.0566333333333,5571.705866666667,1884.9661888888886,1078.0874666666668,244.1155666666667,5499.271188888889,ave_nfs
98,0.0,0.0,1024.0,5120.0,8.0,1.0,8.0,8.0,3.4781666666666666,11.014866666666668,46.059133333333335,0.4837666666666667,1472.0694666666666,465.2472,111.16166666666668,10584.113466666668,3496.779225,1332.0248166666665,391.94595000000004,10744.727466666669,nfs
99,0.0,0.0,1024.0,5120.0,8.0,2.0,4.0,8.0,1.2516666666666667,5.910733333333333,23.250633333333337,0.4787333333333333,4098.3796,874.8013,220.20923333333334,10695.827733333334,3496.779225,1332.0248166666665,391.94595000000004,10744.727466666669,nfs
100,0.0,0.0,1024.0,5120.0,8.0,4.0,2.0,8.0,1.2777,3.0148666666666664,11.9934,0.47986666666666666,4007.9691333333335,1747.0149000000001,426.9022,10669.892699999999,3496.779225,1332.0248166666665,391.94595000000004,10744.727466666669,ave_nfs
101,0.0,0.0,1024.0,5120.0,8.0,8.0,1.0,8.0,1.163,2.284666666666667,6.324866666666668,0.46426666666666666,4408.6987,2241.0358666666666,809.5106999999999,11029.075966666665,3496.779225,1332.0248166666665,391.94595000000004,10744.727466666669,ave_nfs
102,0.0,0.0,1024.0,5120.0,16.0,1.0,16.0,16.0,3.6466666666666665,11.158933333333332,45.714200000000005,0.24876666666666666,1404.1022666666668,459.0381666666667,112.00036666666666,20582.5529,6868.183013333332,1891.0951466666666,405.01600833333333,18087.56186,nfs
103,0.0,0.0,1024.0,5120.0,16.0,2.0,8.0,16.0,0.6327666666666666,5.957833333333333,22.95143333333333,0.25310000000000005,8093.147033333334,877.7281666666667,223.08,20233.634733333336,6868.183013333332,1891.0951466666666,405.01600833333333,18087.56186,nfs
104,0.0,0.0,1024.0,5120.0,16.0,4.0,4.0,16.0,0.6871,3.5406999999999997,11.6549,0.24423333333333333,7469.752833333333,1468.3280000000002,439.30053333333336,20968.869466666667,6868.183013333332,1891.0951466666666,405.01600833333333,18087.56186,ave_nfs
105,0.0,0.0,1024.0,5120.0,16.0,8.0,2.0,16.0,0.6229999999999999,2.313833333333333,6.054266666666667,0.24513333333333334,8220.884666666667,2213.4442,845.6831333333333,20886.777066666666,6868.183013333332,1891.0951466666666,405.01600833333333,18087.56186,ave_nfs
106,0.0,0.0,1024.0,5120.0,16.0,16.0,1.0,16.0,0.5601333333333334,1.1539666666666666,,0.6593,9153.028266666666,4436.937199999999,,7765.975133333333,6868.183013333332,1891.0951466666666,,18087.56186,ave_localssd
107,0.0,0.0,1024.0,5120.0,32.0,1.0,32.0,32.0,3.7622999999999998,11.291433333333332,45.69003333333333,0.13136666666666666,1360.9363,454.1840333333333,112.0596,38981.39746666667,11724.112773333334,2096.79024,779.6481933333333,35277.4391,nfs
108,0.0,0.0,1024.0,5120.0,32.0,2.0,16.0,32.0,0.4678333333333333,5.517533333333333,22.7976,0.13549999999999998,10950.193700000002,998.8456999999999,224.585,37781.921533333334,11724.112773333334,2096.79024,779.6481933333333,35277.4391,nfs
109,0.0,0.0,1024.0,5120.0,32.0,4.0,8.0,32.0,0.39923333333333333,2.6966666666666668,11.495899999999999,0.12786666666666666,13082.590833333334,1930.0150333333331,445.37643333333335,40046.94796666667,11724.112773333334,2096.79024,779.6481933333333,35277.4391,nfs
110,0.0,0.0,1024.0,5120.0,32.0,8.0,4.0,32.0,0.33969999999999995,1.967933333333333,5.862633333333332,0.1255,15288.821133333331,2605.5691666666667,873.3293,40795.253399999994,11724.112773333334,2096.79024,779.6481933333333,35277.4391,ave_nfs
111,0.0,0.0,1024.0,5120.0,32.0,16.0,2.0,32.0,0.2856,1.1389666666666667,,0.34249999999999997,17938.0219,4495.337266666666,,14949.442433333332,11724.112773333334,2096.79024,,35277.4391,ave_localssd
112,0.0,0.0,1024.0,5120.0,32.0,32.0,1.0,32.0,,,2.322366666666667,0.13093333333333335,,,2242.890633333333,39109.671800000004,,,779.6481933333333,35277.4391,ave_nfs
113,0.0,0.0,1024.0,5120.0,64.0,1.0,64.0,64.0,3.7739666666666665,10.693866666666667,45.6558,0.14376666666666668,1356.6954333333333,479.30856666666665,112.14370000000001,35633.948200000006,14475.853246666667,2280.2737133333335,644.49496,58722.99913888888,nfs
114,0.0,0.0,1024.0,5120.0,64.0,2.0,32.0,64.0,0.46143333333333336,5.065533333333334,22.739633333333334,0.08793333333333335,11099.295666666667,1059.3306,225.15753333333336,58379.95416666666,14475.853246666667,2280.2737133333335,644.49496,58722.99913888888,nfs
115,0.0,0.0,1024.0,5120.0,64.0,4.0,16.0,64.0,0.4100333333333333,2.5359333333333334,11.526200000000001,0.06896666666666666,13249.429933333333,2049.2114666666666,444.2428,74202.33136666667,14475.853246666667,2280.2737133333335,644.49496,58722.99913888888,nfs
116,0.0,0.0,1024.0,5120.0,64.0,8.0,8.0,64.0,0.24,1.8875,5.800133333333334,0.06583333333333334,21686.954433333332,2712.6746333333335,882.7515666666667,77776.43400000001,14475.853246666667,2280.2737133333335,644.49496,58722.99913888888,ave_nfs
117,0.0,0.0,1024.0,5120.0,64.0,16.0,4.0,64.0,0.20493333333333333,1.0039,,0.17103333333333334,24986.890766666667,5100.8432999999995,,29937.723833333333,14475.853246666667,2280.2737133333335,,58722.99913888888,ave_localssd
118,0.0,0.0,1024.0,5120.0,64.0,32.0,2.0,64.0,,,3.3773,0.0672,,,1558.1791999999998,76407.60326666666,,,644.49496,58722.99913888888,ave_nfs
119,0.0,0.0,1024.0,5120.0,128.0,1.0,128.0,128.0,3.9464,10.612933333333332,45.699333333333335,0.13833333333333334,1297.5950666666668,482.7059,112.03706666666666,37033.31256666667,13063.895726666668,2227.94432,566.73842,85438.37718888887,nfs
120,0.0,0.0,1024.0,5120.0,128.0,2.0,64.0,128.0,0.4572333333333334,7.6987,22.692800000000002,0.0988,11203.489733333334,665.0814333333333,225.62236666666664,51862.35536666666,13063.895726666668,2227.94432,566.73842,85438.37718888887,nfs
121,0.0,0.0,1024.0,5120.0,128.0,4.0,32.0,128.0,0.7017666666666665,2.5022333333333333,11.445599999999999,0.050333333333333334,8107.1213,2068.260133333333,447.3585,102120.24376666667,13063.895726666668,2227.94432,566.73842,85438.37718888887,nfs
122,0.0,0.0,1024.0,5120.0,128.0,8.0,16.0,128.0,0.4689666666666667,1.9959333333333333,5.7637,0.042133333333333335,18507.257433333332,2568.9244,888.3271,124406.86796666666,13063.895726666668,2227.94432,566.73842,85438.37718888887,ave_nfs
123,0.0,0.0,1024.0,5120.0,128.0,16.0,8.0,128.0,0.19546666666666668,0.9564666666666666,,0.09706666666666668,26204.0151,5354.749733333333,,53183.07946666667,13063.895726666668,2227.94432,,85438.37718888887,ave_localssd
124,0.0,0.0,1024.0,5120.0,128.0,32.0,4.0,128.0,,,4.4804,0.03556666666666667,,,1160.3470666666667,144024.404,,,566.73842,85438.37718888887,ave_nfs
125,0.0,0.0,1024.0,5120.0,256.0,1.0,256.0,256.0,4.0597,11.03955,,0.12996666666666667,1261.2223000000001,501.5896,,39522.1,13258.943406666667,3960.862133333333,,105911.24428888889,localssd
126,0.0,0.0,1024.0,5120.0,256.0,2.0,128.0,256.0,,,22.7239,0.127,,,225.31359999999998,40553.89753333333,,,750.9119583333335,105911.24428888889,nfs
127,0.0,0.0,1024.0,5120.0,256.0,4.0,64.0,256.0,0.476,3.8246333333333333,11.369900000000001,0.05566666666666667,11102.475400000001,1338.7632,450.3117,92152.35609999999,13258.943406666667,3960.8621333333335,750.9119583333335,105911.24428888889,nfs
128,0.0,0.0,1024.0,5120.0,256.0,8.0,32.0,256.0,0.5311,1.9015333333333333,5.743199999999999,0.0334,10027.572999999999,2692.6684999999998,891.4927666666667,156020.4449,13258.943406666667,3960.8621333333335,750.9119583333335,105911.24428888889,ave_nfs
129,0.0,0.0,1024.0,5120.0,256.0,16.0,16.0,256.0,0.2719666666666667,0.9495333333333335,,0.07379999999999999,18997.9648,5392.453033333333,,69854.7585,13258.943406666667,3960.8621333333335,,105911.24428888889,ave_localssd
130,0.0,0.0,1024.0,5120.0,256.0,32.0,8.0,256.0,0.20643333333333333,0.5169666666666667,3.624833333333333,0.021566666666666668,24905.481533333335,9903.861266666667,1436.5297666666665,237363.9087,13258.943406666667,3960.8621333333335,750.9119583333335,105911.24428888889,ave_nfs
131,0.0,0.0,1024.0,5120.0,512.0,4.0,128.0,512.0,1.2055,3.4456666666666664,11.411700000000002,0.1174,7039.838433333333,1486.2905666666666,448.6638,44994.6801,12335.342783333334,5161.696866666667,829.984311111111,141318.6821,nfs
132,0.0,0.0,1024.0,5120.0,512.0,8.0,64.0,512.0,0.9842666666666666,1.9100666666666666,5.835966666666667,0.0515,5618.3292,2680.6005999999998,877.6454,100794.09733333334,12335.342783333334,5161.696866666667,829.984311111111,141318.6821,ave_nfs
133,0.0,0.0,1024.0,5120.0,512.0,16.0,32.0,512.0,0.4544333333333333,0.9478666666666666,,0.0452,12202.906933333334,5401.943266666666,,114608.12853333332,12335.342783333334,5161.696866666667,,141318.6821,ave_localssd
134,0.0,0.0,1024.0,5120.0,512.0,32.0,16.0,512.0,0.21393333333333334,0.46256666666666674,4.452566666666667,0.0179,24480.296566666668,11077.953033333333,1163.6437333333333,304877.8224333333,12335.342783333334,5161.696866666667,829.984311111111,141318.6821,ave_nfs
135,0.0,0.0,1024.0,5120.0,1024.0,8.0,128.0,1024.0,1.5195,1.806,5.916766666666667,0.1321,3396.224066666667,2841.1216666666664,865.9832333333334,39239.04363333333,6182.773222222222,6360.779188888887,907.5162166666668,246554.3747111111,nfs
136,0.0,0.0,1024.0,5120.0,1024.0,16.0,64.0,1024.0,4.460933333333333,0.9487666666666666,,0.056299999999999996,1148.1689333333334,5396.578133333333,,91209.38780000001,6182.773222222222,6360.779188888887,,246554.3747111111,beegfs
137,0.0,0.0,1024.0,5120.0,1024.0,32.0,32.0,1024.0,0.3921333333333334,0.4727666666666666,5.395966666666666,0.0084,14003.926666666666,10844.637766666667,949.0492,609214.6927,6182.773222222222,6360.779188888887,907.5162166666668,246554.3747111111,ave_nfs
138,0.0,0.0,1024.0,49152.0,4096.0,32.0,128.0,4096.0,,6.0553,33.57136666666667,0.1681,,8185.8802,1465.3323333333335,293949.8098666667,,8185.8802,1465.332333333333,293949.8098666667,ave_nfs
139,0.0,0.0,1024.0,51200.0,2.0,1.0,2.0,2.0,43.00833333333333,101.00646666666667,458.6776333333333,18.270166666666668,1192.3781333333334,506.9122666666667,111.63263333333333,2802.4155000000005,1182.7744166666669,586.9939333333333,160.03366666666668,2826.954366666667,nfs
140,0.0,0.0,1024.0,51200.0,2.0,2.0,1.0,2.0,43.7107,77.27556666666668,245.64093333333332,17.955566666666666,1173.1707,667.0756,208.43470000000002,2851.493233333333,1182.7744166666669,586.9939333333333,160.03366666666668,2826.954366666667,ave_nfs
141,0.0,0.0,1024.0,51200.0,4.0,1.0,4.0,4.0,33.98186666666667,101.06846666666667,454.3956666666666,9.215166666666667,1506.711266666667,506.59250000000003,112.67713333333332,5556.0754333333325,1971.7656888888894,999.9044666666665,250.7199111111111,5563.365133333334,nfs
142,0.0,0.0,1024.0,51200.0,4.0,2.0,2.0,4.0,22.645766666666663,52.4883,230.34466666666665,9.315266666666666,2262.1433666666667,976.1627666666667,222.27560000000003,5496.7514,1971.7656888888894,999.9044666666665,250.7199111111111,5563.365133333334,nfs
143,0.0,0.0,1024.0,51200.0,4.0,4.0,1.0,4.0,23.8576,33.791333333333334,122.72096666666665,9.082633333333334,2146.442433333333,1516.9581333333335,417.20700000000005,5637.268566666667,1971.7656888888894,999.9044666666665,250.7199111111111,5563.365133333334,ave_nfs
144,0.0,0.0,1024.0,51200.0,8.0,1.0,8.0,8.0,35.065266666666666,100.86970000000001,453.6886,4.872066666666666,1460.1894,507.6000666666667,112.85273333333333,10510.9722,3608.878616666667,1229.8854583333332,398.869825,10855.453991666667,nfs
145,0.0,0.0,1024.0,51200.0,8.0,2.0,4.0,8.0,12.0779,53.23226666666667,228.3167,4.658,4239.741533333333,962.8760000000001,224.25006666666664,10992.063566666666,3608.878616666667,1229.8854583333332,398.869825,10855.453991666667,nfs
146,0.0,0.0,1024.0,51200.0,8.0,4.0,2.0,8.0,11.4131,30.43326666666667,117.25686666666667,4.8171333333333335,4492.225666666666,1688.1127666666664,436.6483333333333,10628.803933333334,3608.878616666667,1229.8854583333332,398.869825,10855.453991666667,ave_nfs
147,0.0,0.0,1024.0,51200.0,8.0,8.0,1.0,8.0,12.066666666666668,29.185033333333333,62.31116666666666,4.535033333333334,4243.357866666666,1760.9530000000002,821.7281666666668,11289.976266666667,3608.878616666667,1229.8854583333332,398.869825,10855.453991666667,ave_nfs
148,0.0,0.0,1024.0,51200.0,16.0,1.0,16.0,16.0,36.88133333333334,102.3059,461.89293333333336,2.509066666666667,1388.295033333333,500.8738,110.92066666666666,20405.972066666665,7364.243393333333,1624.0267266666667,615.2297133333334,18140.47144666667,nfs
149,0.0,0.0,1024.0,51200.0,16.0,2.0,8.0,16.0,5.8252,56.019000000000005,227.23216666666667,2.5196333333333336,8792.0576,914.5307333333334,225.32023333333333,20321.6299,7364.243393333333,1624.0267266666667,615.2297133333334,18140.47144666667,nfs
150,0.0,0.0,1024.0,51200.0,16.0,4.0,4.0,16.0,5.924933333333333,31.250833333333333,115.13123333333333,2.4436999999999998,8642.996700000002,1640.3327333333334,444.7102,20953.4703,7364.243393333333,1624.0267266666667,615.2297133333334,18140.47144666667,nfs
151,0.0,0.0,1024.0,51200.0,16.0,8.0,2.0,16.0,5.8245000000000005,28.2967,59.97126666666666,2.4019333333333335,8791.577500000001,1820.3649333333333,853.7430666666666,21316.128733333335,7364.243393333333,1624.0267266666667,615.2297133333334,18140.47144666667,ave_nfs
152,0.0,0.0,1024.0,51200.0,16.0,16.0,1.0,16.0,5.602766666666667,16.26,35.58083333333334,6.644966666666666,9206.290133333334,3244.0314333333336,1441.4543999999999,7705.156233333334,7364.243393333333,1624.0267266666667,615.2297133333334,18140.47144666667,ave_nfs
153,0.0,0.0,1024.0,51200.0,32.0,1.0,32.0,32.0,37.89776666666666,102.57353333333333,452.92650000000003,1.3059,1351.0504666666666,499.58750000000003,113.0426,39207.31216666667,12254.048633333332,1609.2605466666666,923.3020944444446,36446.85860555556,nfs
154,0.0,0.0,1024.0,51200.0,32.0,2.0,16.0,32.0,4.511666666666667,68.28846666666666,226.8072,1.3507666666666667,11360.687566666667,753.3159333333333,225.7423666666667,37907.83993333333,12254.048633333332,1609.2605466666666,923.3020944444446,36446.85860555556,nfs
155,0.0,0.0,1024.0,51200.0,32.0,4.0,8.0,32.0,3.4291,29.103400000000004,114.1777,1.2685000000000002,14972.859533333334,1767.5882666666666,448.42373333333336,40367.078533333326,12254.048633333332,1609.2605466666666,923.3020944444446,36446.85860555556,nfs
156,0.0,0.0,1024.0,51200.0,32.0,8.0,4.0,32.0,3.199,26.5774,58.177600000000005,1.1937,16025.519833333332,1940.1795333333332,880.0635666666667,42895.00816666667,12254.048633333332,1609.2605466666666,923.3020944444446,36446.85860555556,nfs
157,0.0,0.0,1024.0,51200.0,32.0,16.0,2.0,32.0,2.9202,16.682133333333333,32.5586,3.3874,17560.125766666668,3085.6315,1572.5569000000003,15115.642333333331,12254.048633333332,1609.2605466666666,923.3020944444446,36446.85860555556,ave_nfs
158,0.0,0.0,1024.0,51200.0,32.0,32.0,1.0,32.0,,,23.315700000000003,1.1855333333333335,,,2299.9833999999996,43188.2705,,,923.3020944444446,36446.85860555556,ave_nfs
159,0.0,0.0,1024.0,51200.0,64.0,1.0,64.0,64.0,37.75396666666666,107.3318,452.81899999999996,0.9931333333333333,1356.2045333333333,477.24320000000006,113.06946666666666,52932.7692,15835.438366666667,1780.47324,942.3485444444444,64627.25806111111,nfs
160,0.0,0.0,1024.0,51200.0,64.0,2.0,32.0,64.0,4.3815333333333335,70.87666666666667,226.5961,0.7752,11685.802766666668,722.5055666666667,225.95273333333333,66110.26613333334,15835.438366666667,1780.47324,942.3485444444444,64627.25806111111,nfs
161,0.0,0.0,1024.0,51200.0,64.0,4.0,16.0,64.0,3.1056333333333335,32.0368,113.82976666666667,0.6791,16493.961766666664,1603.4348666666667,449.79456666666664,75394.78016666666,15835.438366666667,1780.47324,942.3485444444444,64627.25806111111,nfs
162,0.0,0.0,1024.0,51200.0,64.0,8.0,8.0,64.0,2.1280666666666668,23.731666666666666,57.468333333333334,0.6417999999999999,24063.0082,2167.6216666666664,890.9255666666667,79790.32293333333,15835.438366666667,1780.47324,942.3485444444444,64627.25806111111,nfs
163,0.0,0.0,1024.0,51200.0,64.0,16.0,4.0,64.0,2.0052333333333334,13.052533333333335,30.5808,1.6852,25578.214566666666,3931.5609,1674.2541,30385.784533333335,15835.438366666667,1780.47324,942.3485444444444,64627.25806111111,ave_nfs
164,0.0,0.0,1024.0,51200.0,64.0,32.0,2.0,64.0,,,23.404133333333334,0.6157666666666667,,,2300.094833333333,83149.6254,,,942.3485444444444,64627.25806111111,ave_nfs
165,0.0,0.0,1024.0,51200.0,128.0,1.0,128.0,128.0,38.06836666666667,110.71883333333334,452.82843333333335,1.1888333333333334,1345.0238,463.2616666666666,113.0671,43067.7891,16577.415973333333,1665.8538933333336,1029.0358055555557,102563.87103888889,nfs
166,0.0,0.0,1024.0,51200.0,128.0,2.0,64.0,128.0,4.347,80.86970000000001,226.54986666666665,0.7131666666666666,11780.065166666667,637.7914666666667,225.9988,72624.34346666666,16577.415973333333,1665.8538933333336,1029.0358055555557,102563.87103888889,nfs
167,0.0,0.0,1024.0,51200.0,128.0,4.0,32.0,128.0,3.077166666666667,30.802866666666663,113.6777,0.3945666666666667,16639.226133333334,1663.5133333333333,450.3967666666667,129777.1785,16577.415973333333,1665.8538933333336,1029.0358055555557,102563.87103888889,nfs
168,0.0,0.0,1024.0,51200.0,128.0,8.0,16.0,128.0,2.046466666666667,30.804600000000004,57.078900000000004,0.3436666666666666,25033.6312,1744.5198333333335,897.0037666666667,148975.83383333334,16577.415973333333,1665.8538933333336,1029.0358055555557,102563.87103888889,nfs
169,0.0,0.0,1024.0,51200.0,128.0,16.0,8.0,128.0,1.8236333333333334,14.0403,29.639266666666668,0.8690666666666665,28089.133566666667,3820.183166666667,1727.4392,58932.093499999995,16577.415973333333,1665.8538933333336,1029.0358055555557,102563.87103888889,ave_nfs
170,0.0,0.0,1024.0,51200.0,128.0,32.0,4.0,128.0,,,18.565633333333334,0.3161,,,2760.3092,162005.98783333335,,,1029.0358055555557,102563.87103888889,ave_nfs
171,0.0,0.0,1024.0,51200.0,256.0,1.0,256.0,256.0,39.93163333333333,393.48246666666665,,1.0317,1282.7287333333334,131.00176666666667,,49782.3905,14775.695826666668,3736.6543333333334,,145285.46063888888,localssd
172,0.0,0.0,1024.0,51200.0,256.0,2.0,128.0,256.0,,,226.5341,0.8469000000000001,,,226.01453333333333,60550.29886666667,,,963.9882466666664,145285.46063888888,nfs
173,0.0,0.0,1024.0,51200.0,256.0,4.0,64.0,256.0,4.860666666666667,39.739266666666666,113.42453333333333,0.3317,10549.5247,1288.4521333333334,451.40156666666667,158549.4844,14775.695826666668,3736.6543333333334,963.9882466666664,145285.46063888888,nfs
174,0.0,0.0,1024.0,51200.0,256.0,8.0,32.0,256.0,4.9532,20.3615,56.88276666666667,0.21103333333333332,10341.4752,2533.515533333333,900.0965333333334,242839.11736666667,14775.695826666668,3736.6543333333334,963.9882466666664,145285.46063888888,nfs
175,0.0,0.0,1024.0,51200.0,256.0,16.0,16.0,256.0,2.2472333333333334,11.223533333333334,29.077933333333334,0.5015,23886.886466666667,4616.606333333333,1760.7885333333334,102201.66006666666,14775.695826666668,3736.6543333333334,963.9882466666664,145285.46063888888,ave_nfs
176,0.0,0.0,1024.0,51200.0,256.0,32.0,8.0,256.0,1.8418,5.0624666666666664,34.658566666666665,0.19866666666666666,27817.864033333335,10113.6959,1481.6400666666668,257789.81263333335,14775.695826666668,3736.6543333333334,963.9882466666664,145285.46063888888,ave_nfs
177,0.0,0.0,1024.0,51200.0,512.0,4.0,128.0,512.0,4.9057,45.384166666666665,113.41106666666667,0.4110666666666667,10440.491766666666,1139.0214333333333,451.4559,124679.01043333334,16922.874283333334,4866.392733333333,1226.3360083333334,236616.3585,nfs
178,0.0,0.0,1024.0,51200.0,512.0,8.0,64.0,512.0,4.6610000000000005,20.091033333333332,56.753166666666665,0.21026666666666669,11013.189366666667,2555.5627999999997,902.1518666666667,243909.5728,16922.874283333334,4866.392733333333,1226.3360083333334,236616.3585,nfs
179,0.0,0.0,1024.0,51200.0,512.0,16.0,32.0,512.0,3.0016,10.337933333333334,28.821933333333334,0.3979,18847.885899999997,4975.217966666667,1776.4412999999997,128926.80926666666,16922.874283333334,4866.392733333333,1226.3360083333334,236616.3585,ave_nfs
180,0.0,0.0,1024.0,51200.0,512.0,32.0,16.0,512.0,1.8715666666666666,4.742666666666667,29.28646666666667,0.11406666666666666,27389.9301,10795.768733333332,1775.2949666666664,448950.0415,16922.874283333334,4866.392733333333,1226.3360083333334,236616.3585,ave_nfs
181,0.0,0.0,1024.0,51200.0,1024.0,8.0,128.0,1024.0,5.688766666666666,32.410833333333336,56.7904,0.23636666666666664,9015.0898,1580.134,901.5632666666667,216739.42073333333,17707.2362,5715.55221111111,1543.2722222222226,390665.134,nfs
182,0.0,0.0,1024.0,51200.0,1024.0,16.0,64.0,1024.0,4.0488,11.022833333333333,29.188733333333335,0.24736666666666665,14637.16405,4742.339866666666,1754.9538333333333,206964.06816666666,17707.2362,5715.55221111111,1543.2722222222226,390665.134,ave_nfs
183,0.0,0.0,1024.0,51200.0,1024.0,32.0,32.0,1024.0,1.8001666666666667,4.7304,25.991866666666667,0.0685,28446.097366666665,10824.182766666667,1973.2995666666666,748291.9131,17707.2362,5715.55221111111,1543.2722222222226,390665.134,ave_nfs
184,0.0,0.0,1024.0,51200.0,2048.0,16.0,128.0,2048.0,,13.860133333333332,34.335633333333334,0.34463333333333335,,3886.7994,1493.3664666666666,148843.42663333332,,7336.747966666667,1616.6792833333332,398220.3320333333,nfs
185,0.0,0.0,1024.0,51200.0,2048.0,32.0,64.0,2048.0,1.9779333333333333,4.7466,29.434233333333335,0.07923333333333334,26158.06366666667,10786.696533333334,1739.9921000000002,647597.2374333333,26158.063666666665,7336.747966666667,1616.6792833333332,398220.3320333333,ave_nfs
186,0.0,0.0,4096.0,1024.0,2.0,1.0,2.0,2.0,0.8115,1.2098333333333333,9.714766666666666,0.17463333333333333,1264.3452666666665,846.4483,105.52546666666666,5864.629733333334,1263.7193333333332,1226.6593500000001,160.73976666666667,5973.896116666667,nfs
187,0.0,0.0,4096.0,1024.0,2.0,2.0,1.0,2.0,0.8116333333333333,0.6376000000000001,4.741733333333333,0.16833333333333333,1263.0934,1606.8704,215.95406666666668,6083.162499999999,1263.7193333333332,1226.6593500000001,160.73976666666667,5973.896116666667,ave_nfs
188,0.0,0.0,4096.0,1024.0,4.0,1.0,4.0,4.0,0.4743,1.2022000000000002,9.534333333333334,0.0914,2159.163433333333,851.8249666666667,107.41703333333334,11203.617133333333,2438.5003888888887,1777.486111111111,251.8907888888889,11373.887522222221,nfs
189,0.0,0.0,4096.0,1024.0,4.0,2.0,2.0,4.0,0.4177666666666667,0.6417,4.653733333333334,0.08689999999999999,2454.136933333333,1654.7969333333333,220.03853333333333,11785.244566666666,2438.5003888888887,1777.486111111111,251.8907888888889,11373.887522222221,nfs
190,0.0,0.0,4096.0,1024.0,4.0,4.0,1.0,4.0,0.3793666666666667,0.36389999999999995,2.391366666666667,0.09196666666666665,2702.2008,2825.8364333333334,428.2168,11132.800866666666,2438.5003888888887,1777.486111111111,251.8907888888889,11373.887522222221,ave_nfs
191,0.0,0.0,4096.0,1024.0,8.0,1.0,8.0,8.0,0.46799999999999997,1.1350333333333333,9.475,0.05303333333333333,2187.9830666666667,902.2552666666667,108.14663333333333,19343.193766666667,3819.6655499999997,2351.9521250000003,399.40415,21641.126108333334,nfs
192,0.0,0.0,4096.0,1024.0,8.0,2.0,4.0,8.0,0.2859333333333333,0.5069333333333333,4.595466666666667,0.04533333333333334,3604.889833333333,2032.6198333333334,222.82840000000002,22618.5863,3819.6655499999997,2351.9521250000003,399.40415,21641.126108333334,nfs
193,0.0,0.0,4096.0,1024.0,8.0,4.0,2.0,8.0,0.2241,0.2919,2.347,0.04683333333333334,4579.527866666666,3518.3066,436.3081333333333,21895.690066666666,3819.6655499999997,2351.9521250000003,399.40415,21641.126108333334,ave_nfs
194,0.0,0.0,4096.0,1024.0,8.0,8.0,1.0,8.0,0.209,0.3465666666666667,1.2334,0.0451,4906.261433333333,2954.6268,830.3334333333333,22707.0343,3819.6655499999997,2351.9521250000003,399.40415,21641.126108333334,ave_nfs
195,0.0,0.0,4096.0,1024.0,16.0,1.0,16.0,16.0,0.48303333333333337,1.1121,9.8348,0.0302,2120.0929,921.1065333333332,104.21086666666667,33969.0041,6427.039873333332,3112.672499999999,401.39304999999996,34131.21836666666,nfs
196,0.0,0.0,4096.0,1024.0,16.0,2.0,8.0,16.0,0.3010333333333333,0.5156666666666666,4.570833333333334,0.03223333333333333,3404.1450666666665,1987.4601666666667,224.0293,33385.73476666667,6427.039873333332,3112.672499999999,401.39304999999996,34131.21836666666,nfs
197,0.0,0.0,4096.0,1024.0,16.0,4.0,4.0,16.0,0.14716666666666667,0.26376666666666665,2.341533333333333,0.024233333333333332,6995.700766666666,3956.3558333333335,437.36903333333333,42316.9646,6427.039873333332,3112.672499999999,401.39304999999996,34131.21836666666,ave_nfs
198,0.0,0.0,4096.0,1024.0,16.0,8.0,2.0,16.0,0.10446666666666667,0.3255666666666666,1.2191666666666667,0.024500000000000004,9861.592666666666,3145.2820666666667,839.9630000000001,41838.22553333334,6427.039873333332,3112.672499999999,401.39304999999996,34131.21836666666,ave_nfs
199,0.0,0.0,4096.0,1024.0,16.0,16.0,1.0,16.0,0.10563333333333334,0.18513333333333334,,0.05346666666666667,9753.667966666666,5553.157900000001,,19146.162833333332,6427.039873333332,3112.672499999999,,34131.21836666666,ave_localssd
200,0.0,0.0,4096.0,1024.0,32.0,1.0,32.0,32.0,0.5146666666666667,1.0605666666666667,9.512033333333333,0.0217,1989.7682666666667,965.9465333333334,107.74826666666667,48027.22956666667,8338.357005555556,4468.062488888889,552.41792,59869.045499999986,nfs
201,0.0,0.0,4096.0,1024.0,32.0,2.0,16.0,32.0,0.4847333333333333,0.4785333333333333,4.559366666666667,0.017933333333333332,2113.0425,2140.473066666667,224.5927,57383.69446666667,8338.357005555556,4468.062488888889,552.41792,59869.045499999986,nfs
202,0.0,0.0,4096.0,1024.0,32.0,4.0,8.0,32.0,0.15453333333333333,0.2906,2.307066666666667,0.014766666666666666,6973.6657000000005,3561.6238333333336,443.85746666666665,70134.87573333333,8338.357005555556,4468.062488888889,552.41792,59869.045499999986,nfs
203,0.0,0.0,4096.0,1024.0,32.0,8.0,4.0,32.0,0.10693333333333332,0.3040333333333333,1.1972666666666667,0.014199999999999999,11601.088433333332,3369.1431666666667,855.3566999999999,72157.09976666667,8338.357005555556,4468.062488888889,552.41792,59869.045499999986,ave_nfs
204,0.0,0.0,4096.0,1024.0,32.0,16.0,2.0,32.0,0.06453333333333333,0.16963333333333333,,0.0359,15972.489833333333,6037.4572,,28522.865133333336,8338.357005555556,4468.062488888889,,59869.045499999986,ave_localssd
205,0.0,0.0,4096.0,1024.0,32.0,32.0,1.0,32.0,0.09393333333333333,0.09543333333333333,0.9309666666666666,0.012333333333333333,11380.0873,10733.731133333333,1130.5344666666667,82988.50833333333,8338.357005555556,4468.062488888889,552.41792,59869.045499999986,ave_nfs
206,0.0,0.0,4096.0,1024.0,64.0,1.0,64.0,64.0,0.5275333333333333,0.7670666666666667,9.8166,0.020399999999999998,1941.2704666666668,1336.3066666666666,104.3855,50381.210699999996,8220.451705555555,4954.991316666667,502.3115266666666,92831.89768888889,nfs
207,0.0,0.0,4096.0,1024.0,64.0,2.0,32.0,64.0,0.8926333333333334,0.4849666666666667,4.551266666666667,0.019066666666666666,1147.8249666666668,2112.4685000000004,224.99390000000002,53947.8121,8220.451705555555,4954.991316666667,502.3115266666666,92831.89768888889,nfs
208,0.0,0.0,4096.0,1024.0,64.0,4.0,16.0,64.0,0.2397,0.2423,2.3028333333333335,0.009099999999999999,4275.838066666666,4241.3088333333335,444.6751,112494.3297,8220.451705555555,4954.991316666667,502.3115266666666,92831.89768888889,nfs
209,0.0,0.0,4096.0,1024.0,64.0,8.0,8.0,64.0,0.09860000000000001,0.3123,1.1923000000000001,0.008100000000000001,13443.518466666666,3288.3074666666666,858.8800666666666,126605.90153333334,8220.451705555555,4954.991316666667,502.3115266666666,92831.89768888889,ave_nfs
210,0.0,0.0,4096.0,1024.0,64.0,16.0,4.0,64.0,0.062099999999999995,0.1543,,0.015233333333333335,17676.304099999998,6635.974266666667,,67729.02803333334,8220.451705555555,4954.991316666667,,92831.89768888889,ave_localssd
211,0.0,0.0,4096.0,1024.0,64.0,32.0,2.0,64.0,0.16240000000000002,0.0845,1.1921,0.007033333333333333,10837.954166666666,12115.582166666667,878.6230666666667,145833.10406666665,8220.451705555555,4954.991316666667,502.3115266666666,92831.89768888889,ave_nfs
212,0.0,0.0,4096.0,1024.0,128.0,1.0,128.0,128.0,0.6588666666666666,1.1451333333333333,10.529266666666667,0.020033333333333334,1558.2847666666667,949.6589,97.46286666666667,51520.352133333334,7903.395522222222,4467.5243666666665,495.28255999999993,105781.33145555556,nfs
213,0.0,0.0,4096.0,1024.0,128.0,2.0,64.0,128.0,1.7617333333333332,1.2125666666666666,4.5572,0.028833333333333332,581.244,849.1370999999999,224.70029999999997,46868.95963333334,7903.395522222222,4467.5243666666665,495.28255999999993,105781.33145555556,nfs
214,0.0,0.0,4096.0,1024.0,128.0,4.0,32.0,128.0,0.3116333333333333,0.24813333333333332,2.3062,0.009133333333333334,3688.591966666667,4129.8740333333335,444.0270333333333,112980.26303333334,7903.395522222222,4467.5243666666665,495.28255999999993,105781.33145555556,nfs
215,0.0,0.0,4096.0,1024.0,128.0,8.0,16.0,128.0,0.06233333333333333,0.3469333333333333,1.1934666666666667,0.007833333333333333,16497.59776666667,3031.0069333333336,857.9929000000001,137622.457,7903.395522222222,4467.5243666666665,495.28255999999993,105781.33145555556,ave_nfs
216,0.0,0.0,4096.0,1024.0,128.0,16.0,8.0,128.0,0.053,0.15563333333333332,,0.016466666666666668,19581.157233333335,6579.759300000001,,67101.25050000001,7903.395522222222,4467.5243666666665,,105781.33145555556,ave_localssd
217,0.0,0.0,4096.0,1024.0,128.0,32.0,4.0,128.0,0.37033333333333335,0.09106666666666667,1.2299999999999998,0.0047,5513.4974,11265.709933333332,852.2297,218594.70643333334,7903.395522222222,4467.5243666666665,495.28255999999993,105781.33145555556,ave_nfs
218,0.0,0.0,4096.0,1024.0,256.0,1.0,256.0,256.0,0.8458666666666668,,,0.0178,1215.7719333333332,,,57743.66996666667,5482.7788666666665,,,135917.52810000003,beegfs
219,0.0,0.0,4096.0,1024.0,256.0,2.0,128.0,256.0,,,4.640466666666667,0.0668,,,220.71916666666667,15671.6592,,,476.49012499999986,135917.52810000003,nfs
220,0.0,0.0,4096.0,1024.0,256.0,4.0,64.0,256.0,0.12689999999999999,0.6559666666666667,2.3597333333333332,0.026333333333333334,8316.5433,1561.6312333333333,434.2598333333333,38949.658266666665,5482.7788666666665,5035.15642,476.49012499999986,135917.52810000003,nfs
221,0.0,0.0,4096.0,1024.0,256.0,8.0,32.0,256.0,1.6591333333333331,0.30273333333333335,1.4757666666666667,0.0044666666666666665,2167.433,3382.8041333333335,698.7433333333333,230170.63566666667,5482.7788666666665,5035.15642,476.49012499999986,135917.52810000003,ave_nfs
222,0.0,0.0,4096.0,1024.0,256.0,16.0,16.0,256.0,0.21210000000000004,0.15213333333333334,,0.014666666666666666,7015.119366666667,6733.490833333333,,70095.86416666667,5482.7788666666665,5035.15642,,135917.52810000003,ave_localssd
223,0.0,0.0,4096.0,1024.0,256.0,32.0,8.0,256.0,0.1848,0.08193333333333334,1.8714333333333333,0.0025666666666666667,8699.026733333334,12501.5126,552.2381666666666,402873.6813333333,5482.7788666666665,5035.15642,476.49012499999986,135917.52810000003,ave_nfs
224,0.0,0.0,4096.0,1024.0,512.0,4.0,128.0,512.0,0.21076666666666666,0.6795666666666667,2.4088999999999996,0.0968,4880.1174,1508.7614,425.09619999999995,10667.113266666667,3830.1301416666665,6086.0418083333325,434.11566666666675,90095.56139166666,nfs
225,0.0,0.0,4096.0,1024.0,512.0,8.0,64.0,512.0,1.3525666666666665,0.29116666666666663,2.2294,0.0397,2774.3032000000003,3516.936766666667,469.87103333333334,26757.883333333335,3830.1301416666665,6086.0418083333325,434.11566666666675,90095.56139166666,ave_nfs
226,0.0,0.0,4096.0,1024.0,512.0,16.0,32.0,512.0,0.3836333333333333,0.1576,,0.022966666666666663,4390.839,6506.113133333333,,44694.065299999995,3830.1301416666665,6086.0418083333325,,90095.56139166666,ave_beegfs
227,0.0,0.0,4096.0,1024.0,512.0,32.0,16.0,512.0,0.3346,0.07996666666666667,2.524366666666667,0.0038666666666666663,3275.2609666666667,12812.355933333334,407.3797666666667,278263.1836666667,3830.1301416666665,6086.0418083333325,434.11566666666675,90095.56139166666,nfs
228,0.0,0.0,4096.0,1024.0,1024.0,8.0,128.0,1024.0,3.448566666666667,0.4620333333333333,3.4996666666666663,0.11296666666666666,2152.3963333333336,2220.4887999999996,294.7699666666667,9169.705233333332,2046.282611111111,7247.699522222221,274.0427,158201.22594444442,ave_nfs
229,0.0,0.0,4096.0,1024.0,1024.0,16.0,64.0,1024.0,1.0298666666666667,0.14546666666666666,,0.0411,2036.870466666667,7041.198433333334,,26299.302866666665,2046.282611111111,7247.699522222221,,158201.22594444442,beegfs
230,0.0,0.0,4096.0,1024.0,1024.0,32.0,32.0,1024.0,1.8378666666666668,0.08206666666666668,4.063266666666666,0.005033333333333333,1949.5810333333336,12481.411333333332,253.31543333333335,439134.66973333334,2046.282611111111,7247.699522222221,274.0427,158201.22594444442,nfs
231,0.0,0.0,4096.0,4096.0,2048.0,16.0,128.0,2048.0,,0.7460666666666667,,0.10360000000000001,,5510.868699999999,,39662.57853333333,,9838.065483333334,,59460.533183333326,localssd
232,0.0,0.0,4096.0,4096.0,2048.0,32.0,64.0,2048.0,0.41853333333333326,0.2891333333333333,8.148566666666666,0.0524,11333.307200000001,14165.262266666667,505.07169999999996,79258.48783333333,11333.307200000001,9838.065483333334,505.07169999999996,59460.533183333326,nfs
233,0.0,0.0,4096.0,4096.0,4096.0,32.0,128.0,4096.0,,0.504,14.696366666666668,0.13736666666666666,,8131.907733333333,278.8997,29971.041666666668,,8131.907733333333,278.8997,29971.041666666668,nfs
234,0.0,0.0,4096.0,5120.0,2.0,1.0,2.0,2.0,6.6565,6.6642,46.46136666666666,0.8736,874.0112,771.8283,110.19996666666668,5862.453866666667,1134.0962333333334,1040.1485,163.58936666666668,6234.592599999999,nfs
235,0.0,0.0,4096.0,5120.0,2.0,2.0,1.0,2.0,3.7005,4.0709,23.596766666666667,0.775,1394.1812666666665,1308.4687000000001,216.97876666666664,6606.731333333333,1134.0962333333334,1040.1485,163.58936666666668,6234.592599999999,ave_nfs
236,0.0,0.0,4096.0,5120.0,4.0,1.0,4.0,4.0,2.7124333333333333,7.754733333333334,45.9503,0.43263333333333337,1962.0197333333333,674.2121000000001,111.42526666666667,11835.7678,2442.186366666667,1216.285588888889,255.2246444444444,12226.37531111111,nfs
237,0.0,0.0,4096.0,5120.0,4.0,2.0,2.0,4.0,1.8266,4.7279333333333335,23.169366666666665,0.42993333333333333,2804.7129666666665,1083.0019666666667,220.98146666666665,11910.476433333331,2442.186366666667,1216.285588888889,255.2246444444444,12226.37531111111,nfs
238,0.0,0.0,4096.0,5120.0,4.0,4.0,1.0,4.0,2.0018333333333334,4.1314,11.8172,0.3959,2559.8264,1891.6427,433.2672,12932.8817,2442.186366666667,1216.285588888889,255.2246444444444,12226.37531111111,ave_nfs
239,0.0,0.0,4096.0,5120.0,8.0,1.0,8.0,8.0,2.1552666666666664,8.8102,45.6296,0.2361,2375.8501333333334,582.8231666666667,112.20796666666666,21686.693533333335,4517.386308333333,1663.64245,408.49088333333333,23417.37809166667,nfs
240,0.0,0.0,4096.0,5120.0,8.0,2.0,4.0,8.0,0.9026666666666667,5.585033333333333,22.906333333333333,0.2152666666666667,5684.2103,951.6838666666666,223.51879999999997,23791.841833333336,4517.386308333333,1663.64245,408.49088333333333,23417.37809166667,nfs
241,0.0,0.0,4096.0,5120.0,8.0,4.0,2.0,8.0,1.0426,2.3219,11.613366666666666,0.22166666666666668,4919.0559,2234.928066666667,440.87193333333335,23111.12716666667,4517.386308333333,1663.64245,408.49088333333333,23417.37809166667,ave_nfs
242,0.0,0.0,4096.0,5120.0,8.0,8.0,1.0,8.0,1.006,1.7794999999999999,5.9718333333333335,0.20413333333333336,5090.4289,2885.1347,857.3648333333334,25079.84983333333,4517.386308333333,1663.64245,408.49088333333333,23417.37809166667,ave_nfs
243,0.0,0.0,4096.0,5120.0,16.0,1.0,16.0,16.0,2.319033333333333,6.981166666666667,45.51616666666666,0.14316666666666666,2207.940533333333,735.4296,112.48763333333333,35822.3398,8726.884773333333,2830.3448733333335,415.19305,36806.906899999994,nfs
244,0.0,0.0,4096.0,5120.0,16.0,2.0,8.0,16.0,0.47859999999999997,3.9021333333333335,22.78146666666667,0.13136666666666666,10756.144366666667,1415.2341666666669,224.74429999999998,39100.25266666667,8726.884773333333,2830.3448733333335,415.19305,36806.906899999994,nfs
245,0.0,0.0,4096.0,5120.0,16.0,4.0,4.0,16.0,0.5405000000000001,1.8535333333333333,11.483699999999999,0.11473333333333334,9475.8055,2901.2374333333332,445.85043333333334,44626.84643333333,8726.884773333333,2830.3448733333335,415.19305,36806.906899999994,ave_nfs
246,0.0,0.0,4096.0,5120.0,16.0,8.0,2.0,16.0,0.5231,1.6158000000000001,5.833533333333333,0.1148,9811.378833333334,3169.1941,877.6898333333334,44621.06220000001,8726.884773333333,2830.3448733333335,415.19305,36806.906899999994,ave_nfs
247,0.0,0.0,4096.0,5120.0,16.0,16.0,1.0,16.0,0.45049999999999996,0.8633333333333333,,0.2577333333333333,11383.154633333334,5930.629066666667,,19864.0334,8726.884773333333,2830.3448733333335,,36806.906899999994,ave_localssd
248,0.0,0.0,4096.0,5120.0,32.0,1.0,32.0,32.0,2.5193666666666665,7.9303333333333335,45.37563333333333,0.0881,2032.2942,683.6439333333334,112.83596666666666,58477.606499999994,13614.96538,3127.871326666666,807.4012533333334,63900.43128333332,nfs
249,0.0,0.0,4096.0,5120.0,32.0,2.0,16.0,32.0,0.445,4.0716,22.7539,0.08323333333333334,11507.292033333333,1320.1418999999999,225.0177666666667,61526.420933333335,13614.96538,3127.871326666666,807.4012533333334,63900.43128333332,nfs
250,0.0,0.0,4096.0,5120.0,32.0,4.0,8.0,32.0,0.34886666666666666,1.3240333333333334,11.409633333333332,0.06993333333333333,14719.4998,3874.4677666666666,448.74376666666666,73576.21736666666,13614.96538,3127.871326666666,807.4012533333334,63900.43128333332,nfs
251,0.0,0.0,4096.0,5120.0,32.0,8.0,4.0,32.0,0.32053333333333334,1.4676,5.763233333333333,0.06146666666666667,17143.664666666667,3489.1984333333335,888.3972666666667,83310.0481,13614.96538,3127.871326666666,807.4012533333334,63900.43128333332,ave_nfs
252,0.0,0.0,4096.0,5120.0,32.0,16.0,2.0,32.0,0.22593333333333332,0.8164000000000001,,0.1748333333333333,22672.0762,6271.904599999999,,29355.04476666667,13614.96538,3127.871326666666,,63900.43128333332,ave_localssd
253,0.0,0.0,4096.0,5120.0,32.0,32.0,1.0,32.0,,,2.1842,0.06636666666666667,,,2362.0115,77157.25003333333,,,807.4012533333334,63900.43128333332,ave_nfs
254,0.0,0.0,4096.0,5120.0,64.0,1.0,64.0,64.0,2.5609333333333333,7.264399999999999,53.332699999999996,0.0809,1999.2781333333332,741.5260333333334,99.84386666666667,63301.5534,15056.88704,2755.510873333334,620.0649533333333,102579.21097777778,nfs
255,0.0,0.0,4096.0,5120.0,64.0,2.0,32.0,64.0,0.4293,4.240066666666666,22.685833333333335,0.06546666666666666,11926.9156,1224.0177333333334,225.69140000000002,78373.81833333334,15056.88704,2755.510873333334,620.0649533333333,102579.21097777778,nfs
256,0.0,0.0,4096.0,5120.0,64.0,4.0,16.0,64.0,0.3323333333333333,3.7635000000000005,11.376166666666668,0.04083333333333333,15411.591,1607.9490333333333,450.0640333333333,125355.09393333334,15056.88704,2755.510873333334,620.0649533333333,102579.21097777778,nfs
257,0.0,0.0,4096.0,5120.0,64.0,8.0,8.0,64.0,0.3196,1.5385666666666669,5.7399,0.038033333333333336,19936.7495,3342.102566666667,892.0110333333333,134769.77553333333,15056.88704,2755.510873333334,620.0649533333333,102579.21097777778,ave_nfs
258,0.0,0.0,4096.0,5120.0,64.0,16.0,4.0,64.0,0.19699999999999998,0.7463000000000001,,0.09133333333333334,26009.900966666668,6861.959,,56100.47006666667,15056.88704,2755.510873333334,,102579.21097777778,ave_localssd
259,0.0,0.0,4096.0,5120.0,64.0,32.0,2.0,64.0,,,3.6109666666666667,0.0325,,,1432.7144333333333,157574.5546,,,620.0649533333333,102579.21097777778,ave_nfs
260,0.0,0.0,4096.0,5120.0,128.0,1.0,128.0,128.0,2.7300333333333335,5.139933333333333,45.44636666666667,0.0876,1875.4960333333336,996.8609,112.66193333333332,58963.90466666667,12496.288453333333,3222.447853333333,618.0493866666667,132572.0878222222,nfs
261,0.0,0.0,4096.0,5120.0,128.0,2.0,64.0,128.0,0.43956666666666666,5.8738,22.677933333333332,0.0778,11648.015933333334,871.6820333333334,225.7704666666667,66349.7872,12496.288453333333,3222.447853333333,618.0493866666667,132572.0878222222,nfs
262,0.0,0.0,4096.0,5120.0,128.0,4.0,32.0,128.0,0.9457666666666666,1.2662666666666667,11.359666666666667,0.0345,5485.889966666667,4071.8605000000002,450.7164,148613.63016666667,12496.288453333333,3222.447853333333,618.0493866666667,132572.0878222222,nfs
263,0.0,0.0,4096.0,5120.0,128.0,8.0,16.0,128.0,0.48246666666666665,1.4592,5.747233333333334,0.024366666666666665,16602.143333333333,3508.8092333333334,890.8675999999999,210383.58723333335,12496.288453333333,3222.447853333333,618.0493866666667,132572.0878222222,ave_nfs
264,0.0,0.0,4096.0,5120.0,128.0,16.0,8.0,128.0,0.19063333333333332,0.7723333333333334,,0.1045,26869.897,6663.0266,,49887.2617,12496.288453333333,3222.447853333333,,132572.0878222222,ave_localssd
265,0.0,0.0,4096.0,5120.0,128.0,32.0,4.0,128.0,,,3.836233333333333,0.019600000000000003,,,1410.2305333333334,261234.35596666663,,,618.0493866666667,132572.0878222222,ave_nfs
266,0.0,0.0,4096.0,5120.0,256.0,1.0,256.0,256.0,2.8394,9.215733333333334,,0.08796666666666668,1803.2248666666667,656.8279333333334,,58283.2811,11370.390666666666,5252.441766666667,,167363.45827777777,localssd
267,0.0,0.0,4096.0,5120.0,256.0,2.0,128.0,256.0,,,22.700233333333333,0.0863,,,225.54843333333335,59644.279299999995,,,762.619,167363.45827777777,nfs
268,0.0,0.0,4096.0,5120.0,256.0,4.0,64.0,256.0,1.9694,2.8852666666666664,11.357199999999999,0.0507,4944.903533333333,1774.634366666667,450.8156333333333,100954.35346666665,11370.390666666666,5252.441766666667,762.619,167363.45827777777,nfs
269,0.0,0.0,4096.0,5120.0,256.0,8.0,32.0,256.0,0.7328,1.5194333333333334,5.7551,0.020033333333333334,7085.626533333333,3378.7839999999997,889.6931333333333,255720.6096333333,11370.390666666666,5252.441766666667,762.619,167363.45827777777,ave_nfs
270,0.0,0.0,4096.0,5120.0,256.0,16.0,16.0,256.0,0.2732333333333334,0.7370666666666666,,0.0665,18758.338200000002,6946.361933333334,,78831.87413333333,11370.390666666666,5252.441766666667,,167363.45827777777,ave_localssd
271,0.0,0.0,4096.0,5120.0,256.0,32.0,8.0,256.0,0.2125,0.3791,3.5332333333333334,0.0114,24259.8602,13505.6006,1484.4188000000001,450746.3520333334,11370.390666666666,5252.441766666667,762.619,167363.45827777777,ave_nfs
272,0.0,0.0,4096.0,5120.0,512.0,4.0,128.0,512.0,3.1659666666666664,2.8921666666666668,11.387233333333334,0.11333333333333334,1882.4597333333331,1772.8487333333335,449.6286,45590.95136666667,9184.720824999999,6514.791949999999,903.0778222222222,209048.97529999996,nfs
273,0.0,0.0,4096.0,5120.0,512.0,8.0,64.0,512.0,1.5701999999999998,1.446,5.729566666666667,0.04866666666666667,3269.1515333333336,3540.9618333333333,893.6115333333333,106087.64110000001,9184.720824999999,6514.791949999999,903.0778222222222,209048.97529999996,nfs
274,0.0,0.0,4096.0,5120.0,512.0,16.0,32.0,512.0,0.5783333333333333,0.7576,,0.0567,9645.149433333334,6784.493366666667,,90462.3362,9184.720824999999,6514.791949999999,,209048.97529999996,ave_localssd
275,0.0,0.0,4096.0,5120.0,512.0,32.0,16.0,512.0,0.23936666666666664,0.36673333333333336,3.749133333333333,0.008666666666666668,21942.122600000002,13960.863866666667,1365.993333333333,594054.9725333332,9184.720824999999,6514.791949999999,903.0778222222222,209048.97529999996,ave_nfs
276,0.0,0.0,4096.0,5120.0,1024.0,8.0,128.0,1024.0,1.7942,1.4946333333333335,6.317333333333333,0.11746666666666666,2855.4480000000003,3425.8335666666667,811.0704333333333,44031.60623333333,9586.677300000001,8173.426788888889,845.9832500000001,305743.2586777777,nfs
277,0.0,0.0,4096.0,5120.0,1024.0,16.0,64.0,1024.0,3.365866666666667,0.7203666666666667,,0.046533333333333336,2005.0339999999999,7107.449533333333,,110567.7595,9586.677300000001,8173.426788888889,,305743.2586777777,beegfs
278,0.0,0.0,4096.0,5120.0,1024.0,32.0,32.0,1024.0,0.21783333333333332,0.36633333333333334,5.823033333333334,0.0067666666666666665,23899.5499,13986.997266666667,880.8960666666667,762630.4103,9586.677300000001,8173.426788888889,845.9832500000001,305743.2586777777,ave_nfs
279,0.0,0.0,4096.0,49152.0,4096.0,32.0,128.0,4096.0,,6.2943,35.62116666666667,0.1628,,7863.729833333334,1382.2687333333333,318785.1235,,7863.729833333334,1382.2687333333333,318785.1235,nfs
280,0.0,0.0,4096.0,51200.0,2.0,1.0,2.0,2.0,37.6213,88.86983333333335,454.6194666666667,8.327066666666667,1361.2673,576.2037666666666,112.62193333333335,6203.483066666667,1306.0786833333334,608.2896499999999,167.95046666666667,6557.992816666666,nfs
281,0.0,0.0,4096.0,51200.0,2.0,2.0,1.0,2.0,40.95556666666667,82.00043333333333,229.30953333333332,7.4071,1250.8900666666666,640.3755333333334,223.279,6912.502566666667,1306.0786833333334,608.2896499999999,167.95046666666667,6557.992816666666,ave_nfs
282,0.0,0.0,4096.0,51200.0,4.0,1.0,4.0,4.0,23.679333333333332,87.68836666666668,454.1838333333333,3.9169666666666667,2163.2417,583.8866333333334,112.73016666666666,13072.902166666667,2429.9938888888887,1141.0627749999999,259.32047777777774,13065.702066666665,nfs
283,0.0,0.0,4096.0,51200.0,4.0,2.0,2.0,4.0,20.7257,45.858533333333334,228.0583333333333,4.140266666666666,2473.2984666666666,1123.7182333333333,224.504,12375.913266666665,2429.9938888888887,1141.0627749999999,259.32047777777774,13065.702066666665,nfs
284,0.0,0.0,4096.0,51200.0,4.0,4.0,1.0,4.0,19.32936666666667,25.671599999999998,116.17160000000001,3.7241666666666666,2653.4415,2002.8438,440.7272666666666,13748.290766666667,2429.9938888888887,1141.0627749999999,259.32047777777774,13065.702066666665,ave_nfs
285,0.0,0.0,4096.0,51200.0,8.0,1.0,8.0,8.0,22.217166666666667,90.50636666666666,462.8766,2.279866666666667,2305.706066666667,566.2338666666666,110.68286666666665,22457.689433333333,4347.492845454545,1479.1521333333333,412.0777166666667,24290.275983333337,nfs
286,0.0,0.0,4096.0,51200.0,8.0,2.0,4.0,8.0,10.118566666666666,55.01466666666666,227.09853333333334,2.1453333333333333,5073.737366666667,936.4338333333332,225.45280000000002,23876.07786666667,4347.492845454545,1479.1521333333333,412.0777166666667,24290.275983333337,nfs
287,0.0,0.0,4096.0,51200.0,8.0,4.0,2.0,8.0,9.977766666666668,24.233666666666664,114.96289999999999,2.148633333333333,5132.238566666667,2137.7750666666666,445.3611333333333,23834.670499999997,4347.492845454545,1479.1521333333333,412.0777166666667,24290.275983333337,ave_nfs
288,0.0,0.0,4096.0,51200.0,8.0,8.0,1.0,8.0,9.96735,22.648666666666667,59.06686666666667,1.8968666666666667,5143.68765,2276.1657666666665,866.8140666666667,26992.666133333332,4347.492845454545,1479.1521333333333,412.0777166666667,24290.275983333337,ave_nfs
289,0.0,0.0,4096.0,51200.0,16.0,1.0,16.0,16.0,23.2156,88.49543333333334,452.95795,1.2512999999999999,2205.504966666667,578.6015333333334,113.03475,40925.07673333333,8468.77645,2174.0999066666673,698.1413214285715,39414.74729333333,nfs
290,0.0,0.0,4096.0,51200.0,16.0,2.0,8.0,16.0,5.1055,63.4022,226.6917,1.2066999999999999,10042.469433333334,809.1837999999999,225.8574,42429.5222,8468.77645,2174.0999066666673,698.1413214285716,39414.74729333333,nfs
291,0.0,0.0,4096.0,51200.0,16.0,4.0,4.0,16.0,5.1528,21.145066666666665,114.03093333333334,1.0878666666666668,9945.974833333334,2433.0149,449.0011,47103.1202,8468.77645,2174.0999066666673,698.1413214285716,39414.74729333333,nfs
292,0.0,0.0,4096.0,51200.0,16.0,8.0,2.0,16.0,4.91065,21.81273333333333,58.02713333333333,1.1018000000000001,10426.44315,2363.3125,882.3464333333333,46479.22586666667,8468.77645,2174.0999066666673,698.1413214285716,39414.74729333333,ave_nfs
293,0.0,0.0,4096.0,51200.0,16.0,16.0,1.0,16.0,4.937166666666666,11.151266666666666,31.499366666666663,2.542666666666667,10376.045433333335,4686.3868,1625.4314000000002,20136.791466666666,8468.77645,2174.0999066666673,698.1413214285716,39414.74729333333,ave_nfs
294,0.0,0.0,4096.0,51200.0,32.0,1.0,32.0,32.0,25.406066666666664,88.85053333333333,453.02365,0.7741333333333333,2015.2822333333334,576.4448333333333,113.0184,66167.7493,14029.519713333333,1805.7078799999997,1070.3719588235294,72523.65673333334,nfs
295,0.0,0.0,4096.0,51200.0,32.0,2.0,16.0,32.0,4.1795,76.28786666666667,226.53503333333333,0.7869333333333334,12255.183333333334,672.7491666666666,226.0136,65118.071266666666,14029.519713333333,1805.7078799999997,1070.3719588235294,72523.65673333334,nfs
296,0.0,0.0,4096.0,51200.0,32.0,4.0,8.0,32.0,3.1465333333333327,25.04263333333333,113.61643333333332,0.6202,16276.841966666667,2046.1529,450.63899999999995,82558.05456666667,14029.519713333333,1805.7078799999997,1070.3719588235294,72523.65673333334,nfs
297,0.0,0.0,4096.0,51200.0,32.0,8.0,4.0,32.0,2.630433333333333,24.227999999999998,57.307866666666676,0.5550666666666667,19492.483833333332,2168.4679333333333,893.4204666666666,92320.3862,14029.519713333333,1805.7078799999997,1070.3719588235294,72523.65673333334,nfs
298,0.0,0.0,4096.0,51200.0,32.0,16.0,2.0,32.0,2.5504666666666664,14.716099999999999,30.2538,1.6240666666666668,20107.8072,3564.7245666666663,1692.4076666666667,32165.962466666668,14029.519713333333,1805.7078799999997,1070.3719588235294,72523.65673333334,ave_nfs
299,0.0,0.0,4096.0,51200.0,32.0,32.0,1.0,32.0,,,18.779966666666667,0.5288666666666666,,,2727.6147666666666,96811.7166,,,1070.3719588235294,72523.65673333334,ave_nfs
300,0.0,0.0,4096.0,51200.0,64.0,1.0,64.0,64.0,25.419966666666667,93.21086666666667,453.44915,0.6779999999999999,2014.1919333333335,550.1440333333334,112.9126,75647.82830000001,16218.109020000002,2048.2676285714288,955.5284470588234,117572.21636666667,nfs
301,0.0,0.0,4096.0,51200.0,64.0,2.0,32.0,64.0,4.396,83.86976666666666,226.47236666666666,0.6328333333333332,11649.237833333333,611.1736999999999,226.07613333333333,81357.8144,16218.109020000002,2048.2676285714288,955.5284470588234,117572.21636666667,nfs
302,0.0,0.0,4096.0,51200.0,64.0,4.0,16.0,64.0,2.9416333333333333,26.95405,113.4735,0.3877333333333333,17421.073833333332,1904.9631,451.2066333333334,132080.64963333332,16218.109020000002,2048.2676285714288,955.5284470588234,117572.21636666667,nfs
303,0.0,0.0,4096.0,51200.0,64.0,8.0,8.0,64.0,2.1218,22.079266666666665,57.00256666666667,0.3156666666666667,24137.682666666664,2327.141133333333,898.2054666666667,162310.53163333333,16218.109020000002,2048.2676285714288,955.5284470588234,117572.21636666667,nfs
304,0.0,0.0,4096.0,51200.0,64.0,16.0,4.0,64.0,1.9816,10.708633333333333,29.421400000000002,0.6598,25868.358833333332,4800.148,1740.2416999999998,77606.54383333334,16218.109020000002,2048.2676285714288,955.5284470588234,117572.21636666667,ave_nfs
305,0.0,0.0,4096.0,51200.0,64.0,32.0,2.0,64.0,,,25.45526666666667,0.2902666666666667,,,2023.6562000000001,176429.93039999998,,,955.5284470588234,117572.21636666667,ave_nfs
306,0.0,0.0,4096.0,51200.0,128.0,1.0,128.0,128.0,25.723566666666667,94.19636666666668,453.38779999999997,0.7514666666666666,1990.4211666666667,544.7255333333334,112.92785,68369.16523333333,16249.663385714288,1922.934113333333,939.6881235294117,164682.91241111112,nfs
307,0.0,0.0,4096.0,51200.0,128.0,2.0,64.0,128.0,4.364466666666666,83.37566666666667,226.48206666666667,0.5846333333333333,11732.549133333334,614.5081333333334,226.06643333333332,87601.37356666666,16249.663385714288,1922.934113333333,939.6881235294117,164682.91241111112,nfs
308,0.0,0.0,4096.0,51200.0,128.0,4.0,32.0,128.0,2.9577666666666667,28.89046666666667,113.35363333333333,0.32356666666666667,17316.034066666667,1784.1426333333332,451.6839333333333,158386.15473333336,16249.663385714288,1922.934113333333,939.6881235294117,164682.91241111112,nfs
309,0.0,0.0,4096.0,51200.0,128.0,8.0,16.0,128.0,1.9680666666666664,23.3011,56.856899999999996,0.20573333333333332,26016.558266666663,2204.6745666666666,900.5060333333332,249084.28683333332,16249.663385714288,1922.934113333333,939.6881235294117,164682.91241111112,nfs
310,0.0,0.0,4096.0,51200.0,128.0,16.0,8.0,128.0,1.818,11.535966666666667,29.113933333333335,0.48946666666666666,28164.29975,4466.6197,1758.6302666666668,104800.2278,16249.663385714288,1922.934113333333,939.6881235294117,164682.91241111112,ave_nfs
311,0.0,0.0,4096.0,51200.0,128.0,32.0,4.0,128.0,,,27.106733333333334,0.16073333333333334,,,1912.7274666666665,319856.2663,,,939.6881235294117,164682.91241111112,ave_nfs
312,0.0,0.0,4096.0,51200.0,256.0,1.0,256.0,256.0,27.061233333333334,385.7101,,0.6991999999999999,1892.0068333333331,132.86666666666667,,73833.42896666667,11790.978707142858,4966.241446666667,,210176.5905388889,localssd
313,0.0,0.0,4096.0,51200.0,256.0,2.0,128.0,256.0,,,226.41516666666666,0.6140333333333333,,,226.1333,83554.61460000002,,,1032.0865999999999,210176.5905388889,nfs
314,0.0,0.0,4096.0,51200.0,256.0,4.0,64.0,256.0,4.759733333333333,34.39733333333333,113.30290000000001,0.26230000000000003,10815.472033333333,1488.7041333333334,451.88623333333334,195900.21583333332,11790.978707142858,4966.241446666667,1032.0865999999999,210176.5905388889,nfs
315,0.0,0.0,4096.0,51200.0,256.0,8.0,32.0,256.0,4.971666666666667,20.118133333333333,56.725699999999996,0.17579999999999998,10314.575133333334,2633.4908666666665,902.5894666666667,291547.3826666667,11790.978707142858,4966.241446666667,1032.0865999999999,210176.5905388889,nfs
316,0.0,0.0,4096.0,51200.0,256.0,16.0,16.0,256.0,3.6288,7.553766666666667,28.79286666666667,0.41936666666666667,18636.524066666665,6778.745033333333,1778.2539333333334,122880.84666666666,11790.978707142858,4966.241446666667,1032.0865999999999,210176.5905388889,ave_nfs
317,0.0,0.0,4096.0,51200.0,256.0,32.0,8.0,256.0,2.9671,3.7108666666666665,28.7539,0.1038,20048.98385,13797.400533333333,1801.5700666666664,493343.0545,11790.978707142858,4966.241446666667,1032.0865999999999,210176.5905388889,ave_nfs
318,0.0,0.0,4096.0,51200.0,512.0,4.0,128.0,512.0,5.157,37.76683333333333,113.26546666666667,0.32913333333333333,9953.304100000001,1372.0097666666668,452.0353333333333,155698.55813333334,15659.704654545456,5908.831666666666,1325.9121083333334,363013.83373333333,nfs
319,0.0,0.0,4096.0,51200.0,512.0,8.0,64.0,512.0,5.052666666666666,15.457466666666667,56.69913333333333,0.1322,10148.660466666668,3314.9034666666666,903.0122666666666,389057.07803333335,15659.704654545456,5908.831666666666,1325.9121083333334,363013.83373333333,nfs
320,0.0,0.0,4096.0,51200.0,512.0,16.0,32.0,512.0,2.9402000000000004,12.067033333333333,28.907066666666665,0.3740666666666666,18961.630833333333,4661.287633333333,1771.2636,137683.47533333334,15659.704654545456,5908.831666666666,1325.9121083333334,363013.83373333333,ave_nfs
321,0.0,0.0,4096.0,51200.0,512.0,32.0,16.0,512.0,1.8599,3.5836666666666663,23.537499999999998,0.06653333333333333,27532.9825,14287.1258,2177.337233333333,769616.2234333333,15659.704654545454,5908.831666666666,1325.9121083333334,363013.83373333333,ave_nfs
322,0.0,0.0,4096.0,51200.0,1024.0,8.0,128.0,1024.0,5.7552666666666665,21.8766,56.71450000000001,0.19799999999999998,8905.250233333334,2348.2491999999997,902.7677333333332,259413.18753333332,16643.221444444447,7504.181311111111,1552.5906222222222,469996.8746888889,nfs
323,0.0,0.0,4096.0,51200.0,1024.0,16.0,64.0,1024.0,4.582533333333333,8.805266666666666,28.860966666666666,0.2386,12728.396333333332,5967.300533333332,1774.1035666666667,214675.45750000002,16643.221444444447,7504.181311111111,1552.5906222222222,469996.8746888889,ave_nfs
324,0.0,0.0,4096.0,51200.0,1024.0,32.0,32.0,1024.0,1.8098,3.606566666666667,25.8526,0.055433333333333334,28296.017766666668,14196.994200000001,1980.9005666666665,935901.9790333332,16643.221444444447,7504.181311111111,1552.5906222222222,469996.8746888889,ave_nfs
325,0.0,0.0,4096.0,51200.0,2048.0,16.0,128.0,2048.0,,9.300233333333333,32.31106666666667,0.3399666666666667,,5981.803933333333,1585.6310666666668,150893.65506666666,,10096.102333333332,1626.8165666666666,368313.5019166667,nfs
326,0.0,0.0,4096.0,51200.0,2048.0,32.0,64.0,2048.0,2.2661,3.6031,30.710733333333334,0.08839999999999999,23565.271666666667,14210.400733333334,1668.0020666666667,585733.3487666667,23565.271666666667,10096.102333333332,1626.8165666666666,368313.5019166667,ave_nfs
327,0.0,0.0,1048576.0,1024.0,2.0,1.0,2.0,2.0,0.37966666666666665,0.9783333333333334,9.881666666666668,0.16153333333333333,2732.0688666666665,1046.7375666666667,103.69726666666668,6352.977233333334,2648.66085,1406.4005833333333,160.59028333333333,6633.0021166666675,nfs
328,0.0,0.0,1048576.0,1024.0,2.0,2.0,1.0,2.0,0.3993,0.5935,4.7084,0.14816666666666667,2565.2528333333335,1766.0636000000002,217.4833,6913.026999999999,2648.66085,1406.4005833333333,160.59028333333333,6633.0021166666675,ave_nfs
329,0.0,0.0,1048576.0,1024.0,4.0,1.0,4.0,4.0,0.19813333333333336,0.9912333333333333,9.654200000000001,0.08493333333333335,5169.604266666666,1033.3531666666665,106.06816666666667,12162.4079,4799.671766666667,2162.103577777778,252.05757777777777,12707.413266666665,nfs
330,0.0,0.0,1048576.0,1024.0,4.0,2.0,2.0,4.0,0.2288,0.854,4.629766666666667,0.08063333333333333,4476.834433333333,1721.995766666667,221.17683333333332,12700.0179,4799.671766666667,2162.103577777778,252.05757777777777,12707.413266666665,nfs
331,0.0,0.0,1048576.0,1024.0,4.0,4.0,1.0,4.0,0.22833333333333336,0.27453333333333335,2.3874666666666666,0.07723333333333333,4752.5766,3730.9617999999996,428.9277333333334,13259.813999999998,4799.671766666667,2162.103577777778,252.05757777777777,12707.413266666665,ave_nfs
332,0.0,0.0,1048576.0,1024.0,8.0,1.0,8.0,8.0,0.21383333333333332,0.9701666666666666,9.404466666666666,0.0517,4819.563333333333,1055.9981,108.88603333333333,19825.269366666667,7045.8633,2760.4053416666666,401.3906,22571.222975,nfs
333,0.0,0.0,1048576.0,1024.0,8.0,2.0,4.0,8.0,0.20579999999999998,0.4129666666666667,4.591366666666667,0.0467,4980.889833333334,2481.1075666666666,223.0289,21945.952133333336,7045.8633,2760.4053416666666,401.3906,22571.222975,nfs
334,0.0,0.0,1048576.0,1024.0,8.0,4.0,2.0,8.0,0.12960000000000002,0.2363333333333333,2.3366666666666664,0.04206666666666667,7906.611033333334,4335.933599999999,438.23273333333333,24327.608966666667,7045.8633,2760.4053416666666,401.3906,22571.222975,ave_nfs
335,0.0,0.0,1048576.0,1024.0,8.0,8.0,1.0,8.0,0.0984,0.32336666666666664,1.2257999999999998,0.042333333333333334,10476.389000000001,3168.5820999999996,835.4147333333334,24186.061433333332,7045.8633,2760.4053416666666,401.3906,22571.222975,ave_nfs
336,0.0,0.0,1048576.0,1024.0,16.0,1.0,16.0,16.0,0.22606666666666667,0.9127333333333333,9.562366666666668,0.04126666666666667,4529.993733333334,1121.8879333333334,107.13199999999999,24943.054933333333,10940.727166666666,3701.1221666666665,405.9580583333333,30843.236733333335,nfs
337,0.0,0.0,1048576.0,1024.0,16.0,2.0,8.0,16.0,0.2702,0.36610000000000004,4.567966666666667,0.04016666666666666,3790.4945000000002,2797.0850666666665,224.1707,25657.746633333332,10940.727166666666,3701.1221666666665,405.9580583333333,30843.236733333335,nfs
338,0.0,0.0,1048576.0,1024.0,16.0,4.0,4.0,16.0,0.10389999999999999,0.22393333333333332,2.322033333333333,0.025166666666666667,10078.3642,4670.627066666667,441.00246666666663,40947.55273333334,10940.727166666666,3701.1221666666665,405.9580583333333,30843.236733333335,ave_nfs
339,0.0,0.0,1048576.0,1024.0,16.0,8.0,2.0,16.0,0.056466666666666665,0.2862,1.2026333333333332,0.023266666666666668,18614.852499999997,3577.9133333333334,851.5270666666667,44021.10453333333,10940.727166666666,3701.1221666666665,405.9580583333333,30843.236733333335,ave_nfs
340,0.0,0.0,1048576.0,1024.0,16.0,16.0,1.0,16.0,0.05876666666666667,0.16156666666666666,,0.054933333333333334,17689.930900000003,6338.097433333333,,18646.72483333333,10940.727166666666,3701.1221666666665,,30843.236733333335,ave_localssd
341,0.0,0.0,1048576.0,1024.0,32.0,1.0,32.0,32.0,0.22013333333333332,0.7261000000000001,9.399466666666667,0.026466666666666666,4654.509,1410.9180333333334,108.94603333333333,39753.67243333333,13007.246877777776,4986.918355555555,576.98594,51787.857166666676,nfs
342,0.0,0.0,1048576.0,1024.0,32.0,2.0,16.0,32.0,0.46513333333333334,0.3837333333333333,4.5538,0.02376666666666667,2202.8029,2675.5832666666665,224.86623333333333,43175.0005,13007.246877777776,4986.918355555555,576.98594,51787.857166666676,nfs
343,0.0,0.0,1048576.0,1024.0,32.0,4.0,8.0,32.0,0.12220000000000002,0.21346666666666667,2.3031666666666664,0.0198,9296.442366666666,4817.2144,444.60583333333335,52237.45873333333,13007.246877777776,4986.918355555555,576.98594,51787.857166666676,nfs
344,0.0,0.0,1048576.0,1024.0,32.0,8.0,4.0,32.0,0.04703333333333334,0.28309999999999996,1.2209666666666668,0.014866666666666667,21929.14096666667,3617.5133,839.0937,68960.94406666666,13007.246877777776,4986.918355555555,576.98594,51787.857166666676,ave_nfs
345,0.0,0.0,1048576.0,1024.0,32.0,16.0,2.0,32.0,0.049166666666666664,0.14876666666666669,,0.040933333333333335,20944.642433333334,6883.370033333333,,26745.374933333336,13007.246877777776,4986.918355555555,,51787.857166666676,ave_localssd
346,0.0,0.0,1048576.0,1024.0,32.0,32.0,1.0,32.0,0.09756666666666668,0.09796666666666666,0.8121666666666667,0.012833333333333334,19015.9436,10516.9111,1267.4179000000001,79854.69233333333,13007.246877777776,4986.918355555555,576.98594,51787.857166666676,ave_nfs
347,0.0,0.0,1048576.0,1024.0,64.0,1.0,64.0,64.0,0.2217,0.6919333333333334,9.478,0.0295,4630.027033333333,1480.6658,108.04673333333334,35437.76993333334,11074.943311111108,5168.041311111112,537.0434666666666,78848.48211666667,nfs
348,0.0,0.0,1048576.0,1024.0,64.0,2.0,32.0,64.0,0.9016000000000001,0.3704,4.5530333333333335,0.020433333333333335,1135.9838,2767.4806000000003,224.9054,50460.28143333333,11074.943311111108,5168.041311111112,537.0434666666666,78848.48211666667,nfs
349,0.0,0.0,1048576.0,1024.0,64.0,4.0,16.0,64.0,0.18223333333333333,0.19873333333333335,2.2963333333333336,0.012133333333333335,7260.206133333333,5181.449933333333,445.92920000000004,84417.5113,11074.943311111108,5168.041311111112,537.0434666666666,78848.48211666667,nfs
350,0.0,0.0,1048576.0,1024.0,64.0,8.0,8.0,64.0,0.0766,0.2779,1.2046333333333334,0.009933333333333334,17380.595066666665,3685.1296,850.0717333333333,106050.19856666667,11074.943311111108,5168.041311111112,537.0434666666666,78848.48211666667,ave_nfs
351,0.0,0.0,1048576.0,1024.0,64.0,16.0,4.0,64.0,0.044233333333333326,0.1432,,0.023000000000000003,23289.0624,7150.361333333333,,44576.2689,11074.943311111108,5168.041311111112,,78848.48211666667,ave_localssd
352,0.0,0.0,1048576.0,1024.0,64.0,32.0,2.0,64.0,0.1386,0.09566666666666666,1.0194666666666665,0.006733333333333333,12753.785433333333,10743.160600000001,1056.2642666666668,152148.86256666665,11074.943311111108,5168.041311111112,537.0434666666666,78848.48211666667,ave_nfs
353,0.0,0.0,1048576.0,1024.0,128.0,1.0,128.0,128.0,0.5090333333333333,0.7634666666666666,10.5122,0.0256,2019.5989,1345.6562666666666,97.4473,43018.16643333333,7099.170233333333,4637.289488888889,491.5088133333332,88977.2400888889,nfs
354,0.0,0.0,1048576.0,1024.0,128.0,2.0,64.0,128.0,1.7912666666666668,1.0669333333333333,4.561166666666667,0.03813333333333333,571.7556666666666,959.8679333333333,224.5059666666667,28936.0912,7099.170233333333,4637.289488888889,491.5088133333332,88977.2400888889,nfs
355,0.0,0.0,1048576.0,1024.0,128.0,4.0,32.0,128.0,0.40490000000000004,0.21366666666666667,2.2975666666666665,0.010700000000000001,2534.9375,4844.798633333333,445.69373333333334,97502.5663,7099.170233333333,4637.289488888889,491.5088133333332,88977.2400888889,nfs
356,0.0,0.0,1048576.0,1024.0,128.0,8.0,16.0,128.0,0.23273333333333335,0.30319999999999997,1.1932333333333334,0.008366666666666666,9185.211333333335,3413.8086000000003,858.1597333333333,122415.27656666667,7099.170233333333,4637.289488888889,491.5088133333332,88977.2400888889,ave_nfs
357,0.0,0.0,1048576.0,1024.0,128.0,16.0,8.0,128.0,0.05036666666666667,0.14316666666666666,,0.031400000000000004,20359.35423333333,7152.3243,,35125.937933333335,7099.170233333333,4637.289488888889,,88977.2400888889,ave_localssd
358,0.0,0.0,1048576.0,1024.0,128.0,32.0,4.0,128.0,0.4072,0.10146666666666666,1.2429,0.004966666666666667,7924.163766666666,10107.2812,831.7373333333334,206865.40209999998,7099.170233333333,4637.289488888889,491.5088133333332,88977.2400888889,ave_nfs
359,0.0,0.0,1048576.0,1024.0,256.0,1.0,256.0,256.0,0.7031666666666667,,,0.025166666666666667,1457.7507666666668,,,41140.4322,6399.1683,,,106623.69868333334,beegfs
360,0.0,0.0,1048576.0,1024.0,256.0,2.0,128.0,256.0,,,4.6703,0.07043333333333333,,,219.2736,14565.647299999999,,,465.27887499999997,106623.69868333334,nfs
361,0.0,0.0,1048576.0,1024.0,256.0,4.0,64.0,256.0,0.10816666666666667,0.5952333333333334,2.3876333333333335,0.028933333333333335,9751.023433333334,1720.8477333333333,430.0262,39895.3656,6399.1683,5389.474293333333,465.27887499999997,106623.69868333334,nfs
362,0.0,0.0,1048576.0,1024.0,256.0,8.0,32.0,256.0,0.10859999999999999,0.3127,1.5537333333333334,0.005633333333333333,12778.803500000002,3347.6549666666665,661.4982,182065.0137,6399.1683,5389.474293333333,465.27887499999997,106623.69868333334,ave_nfs
363,0.0,0.0,1048576.0,1024.0,256.0,16.0,16.0,256.0,0.27316666666666667,0.1415,,0.0194,3754.2127,7237.741466666666,,55273.728500000005,6399.1683,5389.474293333333,,106623.69868333334,beegfs
364,0.0,0.0,1048576.0,1024.0,256.0,32.0,8.0,256.0,0.24139999999999998,0.07736666666666667,1.8833000000000002,0.0033333333333333335,4254.0511,13324.141966666668,550.3175,306802.0048,6399.1683,5389.474293333333,465.27887499999997,106623.69868333334,ave_nfs
365,0.0,0.0,1048576.0,1024.0,512.0,4.0,128.0,512.0,0.24950000000000003,0.7062333333333334,2.4321,0.09846666666666666,4127.747633333333,1450.2099666666666,421.09173333333337,10457.496366666666,3967.471016666667,6471.946408333333,405.21993333333336,86133.54725,ave_nfs
366,0.0,0.0,1048576.0,1024.0,512.0,8.0,64.0,512.0,0.16216666666666668,0.2711666666666667,2.4974,0.05263333333333333,6436.646066666667,3776.7432666666664,411.5626666666667,21344.8009,3967.471016666667,6471.946408333333,405.21993333333336,86133.54725,ave_nfs
367,0.0,0.0,1048576.0,1024.0,512.0,16.0,32.0,512.0,0.5342,0.1452,,0.0239,1967.9873,7053.820333333333,,45251.8541,3967.471016666667,6471.946408333333,,86133.54725,beegfs
368,0.0,0.0,1048576.0,1024.0,512.0,32.0,16.0,512.0,0.3244,0.07556666666666667,2.7024666666666666,0.0041,3337.5030666666667,13607.012066666668,383.0054,267480.03763333336,3967.471016666667,6471.946408333333,405.21993333333336,86133.54725,nfs
369,0.0,0.0,1048576.0,1024.0,1024.0,8.0,128.0,1024.0,0.2788,0.416,3.6829666666666667,0.1339,3678.0355999999997,2465.3397666666665,278.70266666666663,7764.1886,1520.9122333333335,7671.455855555556,257.2341666666667,90298.84405555557,ave_nfs
370,0.0,0.0,1048576.0,1024.0,1024.0,16.0,64.0,1024.0,1.5437,0.16266666666666665,,0.0367,663.4422666666666,6520.799,,28637.1824,1520.9122333333335,7671.455855555556,,90298.84405555557,beegfs
371,0.0,0.0,1048576.0,1024.0,1024.0,32.0,32.0,1024.0,4.636633333333333,0.073,4.3664,0.009866666666666668,221.2588333333333,14028.228799999999,235.76566666666668,234495.16116666666,1520.9122333333335,7671.455855555556,257.2341666666667,90298.84405555557,beegfs
372,0.0,0.0,1048576.0,4096.0,2048.0,16.0,128.0,2048.0,,0.7122666666666667,,0.118,,5755.6116,,34815.37433333333,,10592.15105,,67673.5654,localssd
373,0.0,0.0,1048576.0,4096.0,2048.0,32.0,64.0,2048.0,0.39453333333333335,0.2654666666666667,9.1318,0.0408,11278.386100000002,15428.690499999999,448.84203333333335,100531.75646666666,11278.386099999998,10592.15105,448.84203333333335,67673.5654,nfs
374,0.0,0.0,1048576.0,4096.0,4096.0,32.0,128.0,4096.0,,0.48819999999999997,15.355033333333333,0.1576,,8397.379833333334,266.8376666666666,26662.0923,,8397.379833333332,266.8376666666666,26662.0923,nfs
375,0.0,0.0,1048576.0,5120.0,2.0,1.0,2.0,2.0,2.9729666666666663,5.190333333333333,46.10236666666666,0.8149000000000001,2158.2952666666665,989.1232999999999,111.0573,6308.716,2893.9605166666665,986.1525,164.68826666666666,6812.25045,nfs
376,0.0,0.0,1048576.0,5120.0,2.0,2.0,1.0,2.0,1.4128,5.7438666666666665,23.451866666666664,0.7001333333333334,3629.6257666666666,983.1817,218.31923333333336,7315.7849,2893.9605166666665,986.1525,164.68826666666666,6812.25045,ave_nfs
377,0.0,0.0,1048576.0,5120.0,4.0,1.0,4.0,4.0,1.1579333333333333,6.458533333333333,45.759433333333334,0.4258,4760.9286,795.2543999999999,111.88960000000002,12065.936099999999,5596.7744555555555,1644.7575888888887,255.68268888888892,13487.403222222223,nfs
378,0.0,0.0,1048576.0,5120.0,4.0,2.0,2.0,4.0,0.8172333333333333,5.6904,23.1353,0.40090000000000003,6283.405900000001,1222.1351666666667,221.30736666666667,12772.781700000001,5596.7744555555555,1644.7575888888887,255.68268888888892,13487.403222222223,nfs
379,0.0,0.0,1048576.0,5120.0,4.0,4.0,1.0,4.0,0.8928333333333334,1.8356333333333332,11.801333333333332,0.3277333333333333,5745.988866666667,2916.8832,433.85110000000003,15623.491866666669,5596.7744555555555,1644.7575888888887,255.68268888888892,13487.403222222223,ave_nfs
380,0.0,0.0,1048576.0,5120.0,8.0,1.0,8.0,8.0,0.999,6.881266666666666,45.559200000000004,0.2683,5125.933066666667,744.9453,112.38126666666666,19101.380699999998,9268.484516666667,2364.5208749999997,410.425575,23438.190491666668,nfs
381,0.0,0.0,1048576.0,5120.0,8.0,2.0,4.0,8.0,0.4428666666666667,5.046566666666666,22.89463333333333,0.22240000000000001,11577.050666666668,1377.3247333333331,223.6333666666667,23022.8221,9268.484516666667,2364.5208749999997,410.425575,23438.190491666668,nfs
382,0.0,0.0,1048576.0,5120.0,8.0,4.0,2.0,8.0,0.5111,1.2943666666666667,11.599733333333333,0.20583333333333334,10080.8588,4079.3219666666664,441.38983333333334,24910.4477,9268.484516666667,2364.5208749999997,410.425575,23438.190491666668,ave_nfs
383,0.0,0.0,1048576.0,5120.0,8.0,8.0,1.0,8.0,0.49853333333333333,1.5722666666666667,5.923966666666668,0.19166666666666665,10290.095533333333,3256.4915,864.2978333333334,26718.111466666665,9268.484516666667,2364.5208749999997,410.425575,23438.190491666668,ave_nfs
384,0.0,0.0,1048576.0,5120.0,16.0,1.0,16.0,16.0,1.1316333333333333,7.607166666666667,45.4334,0.1880666666666667,4524.818666666666,673.4936666666666,112.6925,27290.851333333336,14866.442673333333,2829.9022600000003,415.9086666666667,33137.659466666664,nfs
385,0.0,0.0,1048576.0,5120.0,16.0,2.0,8.0,16.0,0.38166666666666665,4.9401,22.77433333333333,0.15943333333333334,13456.891833333333,1282.6328333333333,224.81463333333332,32153.43966666666,14866.442673333333,2829.9022600000003,415.9086666666667,33137.659466666664,nfs
386,0.0,0.0,1048576.0,5120.0,16.0,4.0,4.0,16.0,0.27296666666666664,2.078066666666667,11.470733333333333,0.1268,18939.992866666667,2486.808333333333,446.35279999999995,40580.495566666665,14866.442673333333,2829.9022600000003,415.9086666666667,33137.659466666664,ave_nfs
387,0.0,0.0,1048576.0,5120.0,16.0,8.0,2.0,16.0,0.35233333333333333,1.4894333333333334,5.819733333333333,0.1114,14554.2685,3455.8195,879.7747333333333,46001.8972,14866.442673333333,2829.9022600000003,415.9086666666667,33137.659466666664,ave_nfs
388,0.0,0.0,1048576.0,5120.0,16.0,16.0,1.0,16.0,0.22433333333333336,0.8207,,0.26043333333333335,22856.2415,6250.756966666667,,19661.613566666667,14866.442673333333,2829.9022600000003,,33137.659466666664,ave_localssd
389,0.0,0.0,1048576.0,5120.0,32.0,1.0,32.0,32.0,1.1462333333333332,4.9646,45.35033333333333,0.11846666666666666,4467.0633333333335,1031.6294,112.89883333333334,43345.097766666666,15819.43816,3277.5375466666665,789.8914133333333,55090.318838888874,nfs
390,0.0,0.0,1048576.0,5120.0,32.0,2.0,16.0,32.0,0.4065666666666667,5.627066666666667,22.7076,0.1092,12594.729333333335,1150.1826,225.475,46908.55473333333,15819.43816,3277.5375466666665,789.8914133333333,55090.318838888874,nfs
391,0.0,0.0,1048576.0,5120.0,32.0,4.0,8.0,32.0,0.24433333333333332,2.059366666666667,11.401466666666666,0.07486666666666668,21650.033033333333,3327.2558666666664,449.0647666666667,68709.69966666667,15819.43816,3277.5375466666665,789.8914133333333,55090.318838888874,nfs
392,0.0,0.0,1048576.0,5120.0,32.0,8.0,4.0,32.0,0.36323333333333335,1.3715666666666666,5.7743,0.06923333333333333,14156.940466666667,3732.9347666666667,886.7198333333332,74013.00723333334,15819.43816,3277.5375466666665,789.8914133333333,55090.318838888874,ave_nfs
393,0.0,0.0,1048576.0,5120.0,32.0,16.0,2.0,32.0,0.19540000000000002,0.7165666666666667,,0.24296666666666666,26228.424633333332,7145.6851,,21072.394933333333,15819.43816,3277.5375466666665,,55090.318838888874,ave_localssd
394,0.0,0.0,1048576.0,5120.0,32.0,32.0,1.0,32.0,,,2.2827333333333333,0.067,,,2275.2986333333333,76493.15870000001,,,789.8914133333333,55090.318838888874,ave_nfs
395,0.0,0.0,1048576.0,5120.0,64.0,1.0,64.0,64.0,1.1453666666666666,5.644666666666667,45.332166666666666,0.09883333333333333,4470.2963,917.7087333333334,112.94416666666666,51905.0839,14404.411799999996,3609.577633333333,620.9064999999999,88043.05241666669,nfs
396,0.0,0.0,1048576.0,5120.0,64.0,2.0,32.0,64.0,0.42793333333333333,5.272200000000001,22.669700000000002,0.07843333333333334,11965.158366666665,1031.4463333333333,225.85243333333335,65314.735199999996,14404.411799999996,3609.577633333333,620.9064999999999,88043.05241666669,nfs
397,0.0,0.0,1048576.0,5120.0,64.0,4.0,16.0,64.0,0.36523333333333335,1.1146666666666667,11.3688,0.057333333333333326,15361.179733333332,4863.527733333333,450.354,90214.05329999999,14404.411799999996,3609.577633333333,620.9064999999999,88043.05241666669,nfs
398,0.0,0.0,1048576.0,5120.0,64.0,8.0,8.0,64.0,0.4040333333333333,1.3346666666666664,5.741433333333333,0.0486,13255.862633333332,3836.1713999999997,891.7635,105936.82540000002,14404.411799999996,3609.577633333333,620.9064999999999,88043.05241666669,ave_nfs
399,0.0,0.0,1048576.0,5120.0,64.0,16.0,4.0,64.0,0.18983333333333333,0.6920000000000001,,0.11893333333333334,26969.561966666664,7399.033966666667,,49304.85016666667,14404.411799999996,3609.577633333333,,88043.05241666669,ave_localssd
400,0.0,0.0,1048576.0,5120.0,64.0,32.0,2.0,64.0,,,3.6076333333333337,0.030966666666666667,,,1423.6184,165582.76653333334,,,620.9064999999999,88043.05241666669,ave_nfs
401,0.0,0.0,1048576.0,5120.0,128.0,1.0,128.0,128.0,1.2804,8.098,45.2995,0.11736666666666666,3999.0613,669.7860333333333,113.02556666666668,43788.4909,12592.996273333332,3437.8152133333338,688.3731199999999,112472.35984444444,nfs
402,0.0,0.0,1048576.0,5120.0,128.0,2.0,64.0,128.0,0.45113333333333333,7.928233333333334,22.670033333333333,0.08406666666666666,11349.872966666668,744.3974666666667,225.84906666666666,61979.06743333334,12592.996273333332,3437.8152133333338,688.3731199999999,112472.35984444444,nfs
403,0.0,0.0,1048576.0,5120.0,128.0,4.0,32.0,128.0,0.7997666666666667,1.1075000000000002,11.355433333333332,0.04153333333333333,7153.540866666667,4909.302733333333,450.8849,123513.51783333333,12592.996273333332,3437.8152133333338,688.3731199999999,112472.35984444444,nfs
404,0.0,0.0,1048576.0,5120.0,128.0,8.0,16.0,128.0,0.6725666666666666,1.3194333333333332,5.7317,0.03563333333333333,12796.222533333334,3880.3534,893.2824666666667,144402.33386666668,12592.996273333332,3437.8152133333338,688.3731199999999,112472.35984444444,ave_nfs
405,0.0,0.0,1048576.0,5120.0,128.0,16.0,8.0,128.0,0.18506666666666668,0.7435666666666667,,0.11359999999999999,27666.2837,6985.236433333333,,46125.60283333333,12592.996273333332,3437.8152133333338,,112472.35984444444,ave_localssd
406,0.0,0.0,1048576.0,5120.0,128.0,32.0,4.0,128.0,,,2.9113,0.0201,,,1758.8236,255025.1462,,,688.3731199999999,112472.35984444444,ave_nfs
407,0.0,0.0,1048576.0,5120.0,256.0,1.0,256.0,256.0,1.3232333333333333,3.515166666666667,,0.12793333333333334,3869.4508,1456.5477,,41098.66886666667,12498.698400000001,6004.992786666667,,133186.33635,localssd
408,0.0,0.0,1048576.0,5120.0,256.0,2.0,128.0,256.0,,,22.6882,0.09793333333333333,,,225.6679333333333,52870.299900000005,,,788.042325,133186.33635,nfs
409,0.0,0.0,1048576.0,5120.0,256.0,4.0,64.0,256.0,1.5007333333333335,2.6097333333333332,11.370133333333333,0.05226666666666666,4413.486233333333,1961.9127,450.30313333333334,102412.17616666667,12498.698400000001,6004.992786666667,788.042325,133186.33635,nfs
410,0.0,0.0,1048576.0,5120.0,256.0,8.0,32.0,256.0,0.8333666666666666,1.3639999999999999,5.7325333333333335,0.024066666666666667,6145.828366666666,3760.6513666666665,893.1548333333334,215649.96713333332,12498.698400000001,6004.992786666667,788.042325,133186.33635,ave_nfs
411,0.0,0.0,1048576.0,5120.0,256.0,16.0,16.0,256.0,0.27643333333333336,0.6713333333333334,,0.09146666666666665,19917.780766666667,7626.659133333334,,58075.542133333336,12498.698400000001,6004.992786666667,,133186.33635,ave_localssd
412,0.0,0.0,1048576.0,5120.0,256.0,32.0,8.0,256.0,0.1819333333333333,0.3364,3.246966666666667,0.015600000000000001,28146.94583333333,15219.193033333335,1583.0433999999998,329011.3639,12498.698400000001,6004.992786666667,788.042325,133186.33635,ave_nfs
413,0.0,0.0,1048576.0,5120.0,512.0,4.0,128.0,512.0,2.4304666666666663,2.7229333333333336,15.259099999999998,0.11676666666666667,5815.9616,1880.4732666666666,373.9149,44169.14796666667,10586.8003,7193.367025,791.7786,170172.57028333333,nfs
414,0.0,0.0,1048576.0,5120.0,512.0,8.0,64.0,512.0,1.6158666666666666,1.3576,5.760633333333334,0.04246666666666667,3169.5138,3776.8538000000003,888.7913666666667,121057.32046666666,10586.8003,7193.367025,791.7786,170172.57028333333,ave_nfs
415,0.0,0.0,1048576.0,5120.0,512.0,16.0,32.0,512.0,0.6584,0.6571333333333333,,0.06746666666666667,7809.706066666667,7791.465033333334,,76244.66729999999,10586.8003,7193.367025,,170172.57028333333,ave_localssd
416,0.0,0.0,1048576.0,5120.0,512.0,32.0,16.0,512.0,0.20376666666666665,0.33413333333333334,4.682266666666667,0.0118,25552.019733333334,15324.676,1112.6295333333335,439219.1454,10586.8003,7193.367025,791.7786,170172.57028333333,ave_nfs
417,0.0,0.0,1048576.0,5120.0,1024.0,8.0,128.0,1024.0,1.8336,1.4632333333333332,6.3226,0.10406666666666668,2793.1797666666666,3505.2583,811.1295333333334,49999.7922,7866.775044444444,8819.189433333333,844.4027,287612.96170000004,nfs
418,0.0,0.0,1048576.0,5120.0,1024.0,16.0,64.0,1024.0,4.541333333333333,0.6662333333333333,,0.05146666666666666,1127.9294,7695.643766666667,,101745.2785,7866.775044444444,8819.189433333333,,287612.96170000004,beegfs
419,0.0,0.0,1048576.0,5120.0,1024.0,32.0,32.0,1024.0,0.29446666666666665,0.3356333333333333,5.8373,0.007266666666666667,19679.215966666667,15256.666233333332,877.6758666666666,711093.8144,7866.775044444444,8819.189433333333,844.4027,287612.96170000004,ave_nfs
420,0.0,0.0,1048576.0,49152.0,4096.0,32.0,128.0,4096.0,,5.734966666666666,35.31733333333333,0.129,,8570.655833333332,1391.836,384215.58886666666,,8570.655833333332,1391.836,384215.5888666667,nfs
421,0.0,0.0,1048576.0,51200.0,2.0,1.0,2.0,2.0,19.301666666666666,86.41816666666666,,8.163400000000001,2655.5344333333333,592.4963666666667,,6272.660366666667,2717.7005666666664,636.9886666666667,,6771.181133333334,localssd
422,0.0,0.0,1048576.0,51200.0,2.0,2.0,1.0,2.0,18.427233333333334,75.15993333333334,228.80013333333332,7.043066666666667,2779.8667,681.4809666666666,223.7761,7269.7019,2717.7005666666664,636.9886666666667,223.7761,6771.181133333334,nfs
423,0.0,0.0,1048576.0,51200.0,4.0,1.0,4.0,4.0,10.323433333333332,85.67373333333335,,3.984666666666667,4959.697366666666,597.6165,,12851.629,5321.801444444445,1133.43005,,13975.839444444444,localssd
424,0.0,0.0,1048576.0,51200.0,4.0,2.0,2.0,4.0,9.306766666666666,43.869933333333336,227.87086666666664,3.9844666666666666,5522.667233333334,1167.6096333333332,224.68876666666665,12854.670566666668,5321.801444444445,1133.43005,333.10518333333334,13975.839444444444,nfs
425,0.0,0.0,1048576.0,51200.0,4.0,4.0,1.0,4.0,9.344833333333334,27.1492,115.96263333333333,3.157366666666667,5483.039733333334,1885.8809999999999,441.52160000000003,16221.218766666667,5321.801444444445,1133.43005,333.10518333333334,13975.839444444444,ave_nfs
426,0.0,0.0,1048576.0,51200.0,8.0,1.0,8.0,8.0,9.7376,87.74919999999999,,2.5381,5258.2355,584.1521333333334,,20441.88953333333,8616.30755,1350.7767333333334,,24531.613074999997,localssd
427,0.0,0.0,1048576.0,51200.0,8.0,2.0,4.0,8.0,5.302933333333333,54.2345,227.0335,2.084566666666667,9666.748333333333,962.8829999999999,225.51736666666667,24569.7344,8616.30755,1350.7767333333334,515.1256444444444,24531.613074999997,nfs
428,0.0,0.0,1048576.0,51200.0,8.0,4.0,2.0,8.0,4.988766666666667,27.491933333333332,114.95066666666666,2.0747666666666666,10294.439266666666,1868.1373999999998,445.4085666666667,24702.485666666664,8616.30755,1350.7767333333334,515.1256444444444,24531.613074999997,nfs
429,0.0,0.0,1048576.0,51200.0,8.0,8.0,1.0,8.0,5.563633333333333,25.824766666666665,58.55103333333333,1.8020666666666667,9245.8071,1987.9344,874.451,28412.342699999997,8616.30755,1350.7767333333334,515.1256444444444,24531.613074999997,ave_nfs
430,0.0,0.0,1048576.0,51200.0,16.0,1.0,16.0,16.0,11.152133333333333,86.3677,,1.5433666666666668,4591.096833333333,592.8182,,33198.1359,13768.311842857142,1952.3974866666674,,37862.43896666666,localssd
431,0.0,0.0,1048576.0,51200.0,16.0,2.0,8.0,16.0,3.9359333333333333,72.2579,226.69233333333332,1.2184333333333333,13088.261233333333,714.3869,225.85680000000002,42051.4035,13768.311842857142,1952.3974866666674,800.0402333333333,37862.43896666666,nfs
432,0.0,0.0,1048576.0,51200.0,16.0,4.0,4.0,16.0,2.7878000000000003,24.6408,113.9877,1.1046333333333334,18382.152466666666,2144.3536666666664,449.1713,46517.925866666665,13768.311842857142,1952.3974866666674,800.0402333333333,37862.43896666666,nfs
433,0.0,0.0,1048576.0,51200.0,16.0,8.0,2.0,16.0,3.17835,19.9886,57.81433333333333,1.0758666666666665,16171.904450000002,2570.0808666666667,885.5943666666667,47588.56573333333,13768.311842857143,1952.3974866666674,800.0402333333333,37862.43896666666,ave_nfs
434,0.0,0.0,1048576.0,51200.0,16.0,16.0,1.0,16.0,2.9736,14.060533333333334,31.2283,2.5663,17409.34176666667,3740.3477999999996,1639.5384666666666,19956.163833333336,13768.311842857142,1952.3974866666674,800.0402333333333,37862.43896666666,ave_nfs
435,0.0,0.0,1048576.0,51200.0,32.0,1.0,32.0,32.0,11.337966666666667,86.14403333333333,,1.0774333333333332,4515.856366666667,594.3615666666666,,47538.295333333335,17551.403326666667,2167.529093333333,,65228.639249999986,localssd
436,0.0,0.0,1048576.0,51200.0,32.0,2.0,16.0,32.0,3.6665666666666668,81.31413333333334,226.57633333333334,0.7899666666666666,14019.734333333334,629.6930666666667,225.9724,64947.708000000006,17551.403326666667,2167.529093333333,1211.1791266666667,65228.639249999986,nfs
437,0.0,0.0,1048576.0,51200.0,32.0,4.0,8.0,32.0,2.2875,23.156966666666666,113.63153333333334,0.7241666666666666,22465.686366666665,2236.3811666666666,450.5792333333334,70852.655,17551.403326666667,2167.529093333333,1211.1791266666667,65228.639249999986,nfs
438,0.0,0.0,1048576.0,51200.0,32.0,8.0,4.0,32.0,2.2647333333333335,21.3954,57.2378,0.5666666666666668,22690.598566666667,2404.3230666666664,894.5142,90378.3851,17551.403326666667,2167.529093333333,1211.1791266666667,65228.639249999986,nfs
439,0.0,0.0,1048576.0,51200.0,32.0,16.0,2.0,32.0,2.1320333333333337,10.838233333333333,30.484399999999997,2.0505666666666666,24065.141,4972.8866,1679.569166666667,25473.5696,17551.403326666667,2167.529093333333,1211.1791266666667,65228.639249999986,ave_nfs
440,0.0,0.0,1048576.0,51200.0,32.0,32.0,1.0,32.0,,,18.252399999999998,0.5564333333333334,,,2805.2606333333333,92181.22246666667,,,1211.1791266666667,65228.639249999986,ave_nfs
441,0.0,0.0,1048576.0,51200.0,64.0,1.0,64.0,64.0,11.262099999999998,88.7629,,0.9666666666666667,4546.257766666667,577.6519,,53280.8405,18507.80498,2067.56035,,100243.02177777777,localssd
442,0.0,0.0,1048576.0,51200.0,64.0,2.0,32.0,64.0,4.337266666666666,84.10166666666667,226.49093333333334,0.7261666666666667,11806.062266666666,610.9781666666667,226.05763333333334,71094.6961,18507.80498,2067.56035,989.9238933333331,100243.02177777777,nfs
443,0.0,0.0,1048576.0,51200.0,64.0,4.0,16.0,64.0,2.1145,27.686799999999998,113.5097,0.46950000000000003,24229.3691,1856.5985,451.0627,109397.31310000001,18507.80498,2067.56035,989.9238933333331,100243.02177777777,nfs
444,0.0,0.0,1048576.0,51200.0,64.0,8.0,8.0,64.0,2.063066666666667,19.65246666666667,56.980466666666665,0.40606666666666663,24893.537800000002,2610.754,898.5536666666667,126532.89113333332,18507.80498,2067.56035,989.9238933333331,100243.02177777777,nfs
445,0.0,0.0,1048576.0,51200.0,64.0,16.0,4.0,64.0,1.8918666666666668,11.830666666666668,29.331833333333332,0.9100333333333334,27063.797966666665,4611.498566666666,1745.5456333333332,58415.0123,18507.80498,2067.56035,989.9238933333331,100243.02177777777,ave_nfs
446,0.0,0.0,1048576.0,51200.0,64.0,32.0,2.0,64.0,,,31.50576666666667,0.2801666666666667,,,1628.3998333333332,182737.37753333335,,,989.9238933333331,100243.02177777777,ave_nfs
447,0.0,0.0,1048576.0,51200.0,128.0,1.0,128.0,128.0,11.8489,88.62556666666667,,0.9491999999999999,4321.115533333334,578.4454333333333,,54070.18746666666,18694.381006666667,2194.0075666666667,,139325.11094444443,localssd
448,0.0,0.0,1048576.0,51200.0,128.0,2.0,64.0,128.0,4.5565,69.1999,226.83219999999997,0.6120666666666666,11237.474433333331,744.7375000000001,225.71843333333334,83736.28796666667,18694.381006666667,2194.0075666666667,959.0630733333333,139325.11094444443,nfs
449,0.0,0.0,1048576.0,51200.0,128.0,4.0,32.0,128.0,2.1763999999999997,26.892066666666665,113.351,0.39363333333333334,23525.285733333334,1927.2007,451.69436666666667,130121.97876666667,18694.381006666667,2194.0075666666667,959.0630733333333,139325.11094444443,nfs
450,0.0,0.0,1048576.0,51200.0,128.0,8.0,16.0,128.0,1.9469666666666665,20.997466666666668,56.80323333333333,0.2936,26308.41976666667,2468.5923,901.3569666666667,174566.68013333334,18694.381006666667,2194.0075666666667,959.0630733333333,139325.11094444443,nfs
451,0.0,0.0,1048576.0,51200.0,128.0,16.0,8.0,128.0,1.8234666666666666,9.999633333333334,39.2732,0.6340333333333333,28079.609566666666,5251.061900000001,1461.1077333333333,83246.68306666666,18694.381006666667,2194.0075666666667,959.0630733333333,139325.11094444443,ave_nfs
452,0.0,0.0,1048576.0,51200.0,128.0,32.0,4.0,128.0,,,29.239866666666668,0.1651,,,1755.4378666666669,310208.8482666667,,,959.0630733333333,139325.11094444443,ave_nfs
453,0.0,0.0,1048576.0,51200.0,256.0,1.0,256.0,256.0,12.951099999999999,389.2146,,0.9274666666666667,3953.413866666667,132.0834,,55301.84,11130.534899999999,5185.132373333333,,164620.33258333337,localssd
454,0.0,0.0,1048576.0,51200.0,256.0,2.0,128.0,256.0,,,226.43266666666668,0.6333333333333333,,,226.1158,80963.33246666666,,,1064.4760933333334,164620.33258333337,nfs
455,0.0,0.0,1048576.0,51200.0,256.0,4.0,64.0,256.0,11.379733333333334,35.591033333333336,113.25396666666666,0.2776,4502.000333333333,1440.7732000000003,452.08126666666664,184518.92853333332,11130.534899999999,5185.132373333333,1064.4760933333334,164620.33258333337,nfs
456,0.0,0.0,1048576.0,51200.0,256.0,8.0,32.0,256.0,11.432333333333332,15.588233333333335,56.772400000000005,0.19936666666666666,4478.6051333333335,3308.1257,901.8497333333333,256947.1208,11130.534899999999,5185.132373333333,1064.4760933333334,164620.33258333337,nfs
457,0.0,0.0,1048576.0,51200.0,256.0,16.0,16.0,256.0,3.141,9.985333333333333,28.802466666666664,0.6983666666666667,17244.198966666667,5443.461,1777.6436666666668,73322.26926666667,11130.534899999999,5185.132373333333,1064.4760933333334,164620.33258333337,ave_nfs
458,0.0,0.0,1048576.0,51200.0,256.0,32.0,8.0,256.0,2.0555333333333334,3.2818,26.394166666666667,0.15216666666666667,25474.4562,15601.218566666668,1964.6899999999998,336668.50443333335,11130.534899999999,5185.132373333333,1064.4760933333334,164620.33258333337,ave_nfs
459,0.0,0.0,1048576.0,51200.0,512.0,4.0,128.0,512.0,11.4822,38.035666666666664,113.2651,0.3587666666666667,4478.913866666667,1410.8992666666666,452.03686666666664,142787.9277,14552.7322,6786.15615,1307.0486666666668,268046.6814083333,nfs
460,0.0,0.0,1048576.0,51200.0,512.0,8.0,64.0,512.0,11.368833333333333,15.470799999999999,56.6907,0.16473333333333331,4504.0393,3344.5637666666667,903.1460666666667,311246.55306666665,14552.7322,6786.15615,1307.0486666666668,268046.6814083333,nfs
461,0.0,0.0,1048576.0,51200.0,512.0,16.0,32.0,512.0,2.5604666666666667,8.0481,28.8018,0.6045666666666666,20877.012033333333,6614.121233333334,1777.7088999999999,84731.38276666666,14552.7322,6786.15615,1307.0486666666668,268046.6814083333,ave_nfs
462,0.0,0.0,1048576.0,51200.0,512.0,32.0,16.0,512.0,1.8063666666666667,3.2456666666666667,24.465433333333333,0.0961,28350.9636,15775.040333333332,2095.3028333333336,533420.8621,14552.7322,6786.15615,1307.0486666666668,268046.6814083333,ave_nfs
463,0.0,0.0,1048576.0,51200.0,1024.0,8.0,128.0,1024.0,11.750666666666666,26.14276666666667,56.736333333333334,0.22483333333333333,4365.3570666666665,2093.3550666666665,902.4200333333333,228305.5975,13002.37393333333,8308.376855555554,1542.4698444444446,390459.11632222217,nfs
464,0.0,0.0,1048576.0,51200.0,1024.0,16.0,64.0,1024.0,3.966466666666667,6.738633333333333,28.915233333333333,0.34626666666666667,16369.188133333335,7598.563366666666,1770.7911666666666,147940.6632,13002.37393333333,8308.376855555554,1542.4698444444446,390459.11632222217,ave_nfs
465,0.0,0.0,1048576.0,51200.0,1024.0,32.0,32.0,1024.0,2.9272666666666667,3.3694,26.2032,0.06503333333333333,18272.5766,15233.212133333334,1954.1983333333335,795131.0882666666,13002.37393333333,8308.376855555554,1542.4698444444446,390459.11632222217,ave_nfs
466,0.0,0.0,1048576.0,51200.0,2048.0,16.0,128.0,2048.0,,10.567300000000001,33.543733333333336,0.44553333333333334,,5233.377100000001,1536.8742333333332,115025.92996666666,,10581.52085,1619.1042166666666,312856.1828833333,nfs
467,0.0,0.0,1048576.0,51200.0,2048.0,32.0,64.0,2048.0,2.199,3.2141,30.115266666666667,0.10073333333333334,24123.948,15929.664599999998,1701.3342,510686.43580000004,24123.948,10581.52085,1619.1042166666666,312856.1828833333,ave_nfs
468,0.0,0.0,4194304.0,1024.0,2.0,1.0,2.0,2.0,0.2512666666666667,0.9718,9.813566666666667,0.15723333333333334,4407.577066666667,1053.7151333333334,104.3725,6514.2770666666665,4337.12955,1489.5171833333334,161.2270333333333,6957.596600000001,nfs
469,0.0,0.0,4194304.0,1024.0,2.0,2.0,1.0,2.0,0.24053333333333335,0.5323000000000001,4.6955,0.13836666666666667,4266.6820333333335,1925.3192333333334,218.08156666666665,7400.916133333333,4337.12955,1489.5171833333334,161.2270333333333,6957.596600000001,ave_nfs
470,0.0,0.0,4194304.0,1024.0,4.0,1.0,4.0,4.0,0.16866666666666666,0.972,9.7031,0.08900000000000001,6071.9039999999995,1053.4856,105.61613333333332,11703.267266666668,7065.8413222222225,2316.3084,252.48548888888885,12543.813022222219,nfs
471,0.0,0.0,4194304.0,1024.0,4.0,2.0,2.0,4.0,0.16616666666666666,0.46223333333333333,4.640133333333334,0.0814,6193.516766666667,2219.763466666667,220.68296666666666,12598.759433333333,7065.8413222222225,2316.3084,252.48548888888885,12543.813022222219,nfs
472,0.0,0.0,4194304.0,1024.0,4.0,4.0,1.0,4.0,0.11566666666666665,0.2793666666666667,2.375033333333333,0.07683333333333332,8932.1032,3675.676133333333,431.15736666666663,13329.412366666666,7065.8413222222225,2316.3084,252.48548888888885,12543.813022222219,ave_nfs
473,0.0,0.0,4194304.0,1024.0,8.0,1.0,8.0,8.0,0.2091333333333333,0.9357000000000001,9.5895,0.06693333333333333,4905.6709666666675,1094.3626000000002,106.7937,15794.616766666666,9822.758958333334,2678.020466666667,397.44500833333336,21940.406825000002,nfs
474,0.0,0.0,4194304.0,1024.0,8.0,2.0,4.0,8.0,0.16890000000000002,0.40650000000000003,4.595866666666667,0.04773333333333333,6065.6801000000005,2519.6192666666666,222.80916666666667,21452.514666666666,9822.758958333334,2678.020466666667,397.44500833333336,21940.406825000002,nfs
475,0.0,0.0,4194304.0,1024.0,8.0,4.0,2.0,8.0,0.06936666666666667,0.26543333333333335,2.3470333333333335,0.041666666666666664,14915.5532,3886.8979,436.29783333333336,24585.5637,9822.758958333334,2678.020466666667,397.44500833333336,21940.406825000002,ave_nfs
476,0.0,0.0,4194304.0,1024.0,8.0,8.0,1.0,8.0,0.08826666666666667,0.3188666666666667,1.2438,0.03946666666666667,13404.131566666669,3211.2021,823.8793333333333,25928.932166666666,9822.758958333334,2678.020466666667,397.44500833333336,21940.406825000002,ave_nfs
477,0.0,0.0,4194304.0,1024.0,16.0,1.0,16.0,16.0,0.21866666666666668,0.9114666666666666,9.6839,0.045066666666666665,4684.5054666666665,1123.4725333333333,105.78813333333333,22799.582066666666,11587.732853333333,3723.358106666667,403.9147666666667,32387.206726666667,nfs
478,0.0,0.0,4194304.0,1024.0,16.0,2.0,8.0,16.0,0.25076666666666664,0.3652333333333333,4.571633333333334,0.03256666666666667,4086.3541666666665,2803.987466666667,223.98926666666668,31612.1541,11587.732853333333,3723.358106666667,403.9147666666667,32387.206726666667,nfs
479,0.0,0.0,4194304.0,1024.0,16.0,4.0,4.0,16.0,0.07726666666666666,0.2061666666666667,2.3214,0.024566666666666667,13582.216366666667,4967.464633333333,441.12596666666667,41755.151099999995,11587.732853333333,3723.358106666667,403.9147666666667,32387.206726666667,ave_nfs
480,0.0,0.0,4194304.0,1024.0,16.0,8.0,2.0,16.0,0.09753333333333335,0.3065,1.2124,0.022266666666666667,12891.288633333335,3370.3955,844.7557,45937.5749,11587.732853333333,3723.358106666667,403.9147666666667,32387.206726666667,ave_nfs
481,0.0,0.0,4194304.0,1024.0,16.0,16.0,1.0,16.0,0.045533333333333335,0.16119999999999998,,0.05163333333333333,22694.299633333332,6351.470400000001,,19831.571466666664,11587.732853333333,3723.358106666667,,32387.206726666667,ave_localssd
482,0.0,0.0,4194304.0,1024.0,32.0,1.0,32.0,32.0,0.21386666666666668,0.7246,9.573233333333333,0.0294,4843.5624333333335,1413.6983666666667,106.97973333333334,35347.805433333335,8395.904255555555,5021.264455555556,505.43416666666667,53128.88782777778,nfs
483,0.0,0.0,4194304.0,1024.0,32.0,2.0,16.0,32.0,0.45353333333333334,0.3789,4.558233333333333,0.021033333333333334,2259.9372,2712.7261000000003,224.64793333333333,48657.96313333333,8395.904255555555,5021.264455555556,505.43416666666667,53128.88782777778,nfs
484,0.0,0.0,4194304.0,1024.0,32.0,4.0,8.0,32.0,0.14973333333333333,0.19586666666666666,2.3107333333333333,0.0181,7167.5888,5239.905466666666,443.1459,57458.82393333333,8395.904255555555,5021.264455555556,505.43416666666667,53128.88782777778,nfs
485,0.0,0.0,4194304.0,1024.0,32.0,8.0,4.0,32.0,0.13746666666666665,0.2833,1.1991333333333334,0.014533333333333334,9047.1248,3614.4646,854.2552666666667,70563.15019999999,8395.904255555555,5021.264455555556,505.43416666666667,53128.88782777778,ave_nfs
486,0.0,0.0,4194304.0,1024.0,32.0,16.0,2.0,32.0,0.04323333333333334,0.15086666666666668,,0.04626666666666667,23820.9494,6786.8636,,22128.213366666667,8395.904255555555,5021.264455555556,,53128.88782777778,ave_localssd
487,0.0,0.0,4194304.0,1024.0,32.0,32.0,1.0,32.0,0.31643333333333334,0.09893333333333333,1.1697333333333333,0.012133333333333335,3236.2628999999997,10359.9286,898.1419999999999,84617.3709,8395.904255555555,5021.264455555556,505.43416666666667,53128.88782777778,ave_nfs
488,0.0,0.0,4194304.0,1024.0,64.0,1.0,64.0,64.0,0.23093333333333332,0.7030333333333333,9.755666666666666,0.022133333333333335,4455.2954666666665,1456.8751333333332,105.0333,46412.96599999999,7872.112250000001,5143.406072222223,482.6403,88470.82736111112,nfs
489,0.0,0.0,4194304.0,1024.0,64.0,2.0,32.0,64.0,0.9199333333333333,0.37853333333333333,4.560966666666666,0.0178,1113.1556333333333,2707.103866666667,224.51666666666665,58325.3376,7872.112250000001,5143.406072222223,482.6403,88470.82736111112,nfs
490,0.0,0.0,4194304.0,1024.0,64.0,4.0,16.0,64.0,0.22216666666666665,0.18653333333333333,2.290366666666667,0.0106,4632.136966666666,5496.289833333333,447.0922666666667,97593.07703333332,7872.112250000001,5143.406072222223,482.6403,88470.82736111112,nfs
491,0.0,0.0,4194304.0,1024.0,64.0,8.0,8.0,64.0,0.2512,0.3178,1.1942000000000002,0.010066666666666666,8422.290466666667,3314.830433333333,857.4976666666666,102113.3174,7872.112250000001,5143.406072222223,482.6403,88470.82736111112,ave_nfs
492,0.0,0.0,4194304.0,1024.0,64.0,16.0,4.0,64.0,0.04823333333333333,0.14616666666666667,,0.0157,21419.823333333334,7006.0505,,69004.39816666667,7872.112250000001,5143.406072222223,,88470.82736111112,ave_localssd
493,0.0,0.0,4194304.0,1024.0,64.0,32.0,2.0,64.0,0.2474333333333333,0.09503333333333334,1.3403333333333334,0.0065,7189.971633333334,10879.286666666667,779.0616,157375.86796666667,7872.112250000001,5143.406072222223,482.6403,88470.82736111112,ave_nfs
494,0.0,0.0,4194304.0,1024.0,128.0,1.0,128.0,128.0,0.48543333333333333,0.7528,10.704433333333334,0.0251,2131.2083666666667,1362.9762333333333,95.90106666666667,41007.39056666667,5577.270922222222,4785.247344444444,484.48967999999996,93144.26650555556,nfs
495,0.0,0.0,4194304.0,1024.0,128.0,2.0,64.0,128.0,1.811,1.0513666666666666,4.5475,0.0305,565.7776666666667,974.0903333333332,225.1788,45124.104433333334,5577.270922222222,4785.247344444444,484.48967999999996,93144.26650555556,nfs
496,0.0,0.0,4194304.0,1024.0,128.0,4.0,32.0,128.0,0.47113333333333335,0.20133333333333334,2.310033333333333,0.009733333333333333,2174.2357666666667,5110.457766666666,443.28086666666667,106259.4145,5577.270922222222,4785.247344444444,484.48967999999996,93144.26650555556,nfs
497,0.0,0.0,4194304.0,1024.0,128.0,8.0,16.0,128.0,0.3474,0.27626666666666666,1.2660666666666667,0.010033333333333333,4003.2933333333335,3706.8377333333337,809.7097666666667,104057.47186666667,5577.270922222222,4785.247344444444,484.48967999999996,93144.26650555556,ave_nfs
498,0.0,0.0,4194304.0,1024.0,128.0,16.0,8.0,128.0,0.0441,0.14706666666666668,,0.022333333333333334,23250.826566666667,6966.283466666667,,46502.664933333326,5577.270922222222,4785.247344444444,,93144.26650555556,ave_localssd
499,0.0,0.0,4194304.0,1024.0,128.0,32.0,4.0,128.0,0.7653,0.09670000000000001,1.2111333333333334,0.0047666666666666664,1338.2838333333332,10590.838533333334,848.3779000000001,215914.55273333332,5577.270922222222,4785.247344444444,484.48967999999996,93144.26650555556,ave_nfs
500,0.0,0.0,4194304.0,1024.0,256.0,1.0,256.0,256.0,0.6532333333333333,,,0.022766666666666668,1578.1163666666664,,,45152.5937,7341.045806666666,,,116298.32565,beegfs
501,0.0,0.0,4194304.0,1024.0,256.0,2.0,128.0,256.0,,,4.626833333333334,0.06276666666666667,,,221.3192333333333,16511.110233333333,,,482.9205666666667,116298.32565,nfs
502,0.0,0.0,4194304.0,1024.0,256.0,4.0,64.0,256.0,0.9396,0.5820333333333333,2.3722333333333334,0.022566666666666665,6058.5692666666655,1760.9756333333335,431.9312,46534.989166666666,7341.045806666666,5661.002893333333,482.9205666666667,116298.32565,nfs
503,0.0,0.0,4194304.0,1024.0,256.0,8.0,32.0,256.0,1.3432000000000002,0.2783,1.4797,0.005266666666666667,7460.628033333333,3679.671233333333,695.0849666666667,194099.42500000002,7341.045806666666,5661.002893333333,482.9205666666667,116298.32565,ave_nfs
504,0.0,0.0,4194304.0,1024.0,256.0,16.0,16.0,256.0,0.146,0.13913333333333333,,0.017766666666666667,9697.233433333333,7362.170433333334,,58708.31163333333,7341.045806666666,5661.002893333333,,116298.32565,ave_localssd
505,0.0,0.0,4194304.0,1024.0,256.0,32.0,8.0,256.0,0.1325333333333333,0.07243333333333334,1.7902333333333331,0.0030333333333333336,11910.681933333331,14135.448266666666,583.3468666666666,336783.52416666667,7341.045806666666,5661.002893333333,482.9205666666667,116298.32565,ave_nfs
506,0.0,0.0,4194304.0,4096.0,512.0,4.0,128.0,512.0,0.36633333333333334,2.2131666666666665,9.159366666666665,0.10426666666666667,11203.698699999999,1853.9036666666668,447.1921,39661.4786,9658.50215,7096.482650000001,742.1118,177582.51734166665,nfs
507,0.0,0.0,4194304.0,4096.0,512.0,8.0,64.0,512.0,1.6690666666666667,1.0364,4.633566666666667,0.0327,2454.3236,3952.0090999999998,884.0007333333333,128367.54936666666,9658.50215,7096.482650000001,742.1118,177582.51734166665,ave_nfs
508,0.0,0.0,4194304.0,4096.0,512.0,16.0,32.0,512.0,0.6472333333333333,0.5448000000000001,,0.055966666666666665,6348.955866666667,7521.4638,,74786.91026666666,9658.50215,7096.482650000001,,177582.51734166665,beegfs
509,0.0,0.0,4194304.0,4096.0,512.0,32.0,16.0,512.0,0.23566666666666666,0.27203333333333335,4.819366666666666,0.0088,18627.030433333333,15058.554033333334,895.1425666666668,467514.1311333333,9658.50215,7096.482650000001,742.1118,177582.51734166665,ave_nfs
510,0.0,0.0,4194304.0,4096.0,1024.0,8.0,128.0,1024.0,1.8842666666666668,1.2373,5.346466666666667,0.10866666666666668,2174.498266666667,3369.7665333333334,766.744,37794.655066666666,5829.623655555556,8716.959722222222,792.4980833333334,255075.20168888886,nfs
511,0.0,0.0,4194304.0,4096.0,1024.0,16.0,64.0,1024.0,4.387066666666667,0.5195666666666666,,0.0534,934.6305666666667,7883.759999999999,,77207.91896666666,5829.623655555556,8716.959722222222,,255075.20168888886,beegfs
512,0.0,0.0,4194304.0,4096.0,1024.0,32.0,32.0,1024.0,0.3597333333333334,0.27499999999999997,5.024233333333334,0.006599999999999999,14379.742133333333,14897.352633333334,818.2521666666667,650223.0310333334,5829.623655555556,8716.959722222222,792.4980833333334,255075.20168888886,ave_nfs
513,0.0,0.0,4194304.0,5120.0,2.0,1.0,2.0,2.0,1.8649666666666667,6.386433333333334,46.120733333333334,0.8017333333333334,3789.2814999999996,879.5785,111.01296666666667,6386.491566666667,4911.442683333334,1336.49165,164.77866666666665,6858.926016666667,nfs
514,0.0,0.0,4194304.0,5120.0,2.0,2.0,1.0,2.0,0.8571,2.8889,23.427733333333332,0.7055000000000001,6033.603866666667,1793.4048,218.54436666666666,7331.360466666666,4911.442683333334,1336.49165,164.77866666666665,6858.926016666667,ave_nfs
515,0.0,0.0,4194304.0,5120.0,4.0,1.0,4.0,4.0,1.1763333333333332,6.388333333333333,45.76833333333334,0.4252,5216.3045999999995,805.4122333333333,111.86783333333334,12050.364133333334,8531.881933333334,1594.5789444444445,256.0811,13674.476333333332,nfs
516,0.0,0.0,4194304.0,5120.0,4.0,2.0,2.0,4.0,0.46763333333333335,5.133533333333333,23.10343333333333,0.3846,10975.949866666668,1021.8011,221.61206666666666,13346.3315,8531.881933333334,1594.5789444444445,256.0811,13674.476333333332,nfs
517,0.0,0.0,4194304.0,5120.0,4.0,4.0,1.0,4.0,0.546,1.8135666666666665,11.776566666666668,0.32763333333333333,9403.391333333333,2956.5235,434.7634,15626.733366666667,8531.881933333334,1594.5789444444445,256.0811,13674.476333333332,ave_nfs
518,0.0,0.0,4194304.0,5120.0,8.0,1.0,8.0,8.0,1.0012,7.607233333333333,45.57556666666667,0.2688,5114.0175,681.8110333333334,112.34093333333333,19082.622733333334,13689.375391666666,2600.3591333333334,411.00921666666665,23961.936391666663,nfs
519,0.0,0.0,4194304.0,5120.0,8.0,2.0,4.0,8.0,0.3098,4.072633333333333,22.8625,0.22623333333333331,16540.3347,1927.3410333333334,223.94766666666666,22658.828433333332,13689.375391666666,2600.3591333333334,411.00921666666665,23961.936391666663,nfs
520,0.0,0.0,4194304.0,5120.0,8.0,4.0,2.0,8.0,0.34509999999999996,1.1297,11.575966666666668,0.20133333333333334,15062.724900000001,4533.770666666666,442.2948666666666,25453.4439,13689.375391666666,2600.3591333333334,411.00921666666665,23961.936391666663,ave_nfs
521,0.0,0.0,4194304.0,5120.0,8.0,8.0,1.0,8.0,0.28833333333333333,1.5712666666666666,5.916,0.1787,18040.424466666667,3258.5138,865.4534,28652.8505,13689.375391666666,2600.3591333333334,411.00921666666665,23961.936391666663,ave_nfs
522,0.0,0.0,4194304.0,5120.0,16.0,1.0,16.0,16.0,1.127,7.734500000000001,45.44383333333334,0.2178,4543.045566666667,662.8074333333334,112.6666,23927.188033333336,18131.82909333333,3473.0304266666667,416.0657916666667,33641.32738,nfs
523,0.0,0.0,4194304.0,5120.0,16.0,2.0,8.0,16.0,0.31853333333333333,2.8360000000000003,22.752433333333332,0.14736666666666667,16076.156966666667,2176.4392000000003,225.03099999999998,35348.05473333333,18131.82909333333,3473.0304266666667,416.0657916666667,33641.32738,nfs
524,0.0,0.0,4194304.0,5120.0,16.0,4.0,4.0,16.0,0.24806666666666666,1.1033666666666666,11.460866666666666,0.12516666666666665,20862.065866666668,4650.7974,446.7381333333333,40998.60223333333,18131.82909333333,3473.0304266666667,416.0657916666667,33641.32738,ave_nfs
525,0.0,0.0,4194304.0,5120.0,16.0,8.0,2.0,16.0,0.20613333333333336,1.4664666666666666,5.819333333333333,0.10656666666666666,24912.199600000004,3500.8869666666665,879.8274333333334,48049.689366666666,18131.82909333333,3473.0304266666667,416.0657916666667,33641.32738,ave_nfs
526,0.0,0.0,4194304.0,5120.0,16.0,16.0,1.0,16.0,0.21386666666666668,0.8033666666666667,,0.2575,24265.677466666664,6374.2211333333335,,19883.102533333335,18131.82909333333,3473.0304266666667,,33641.32738,ave_localssd
527,0.0,0.0,4194304.0,5120.0,32.0,1.0,32.0,32.0,1.1234666666666666,4.849233333333333,45.37563333333333,0.11703333333333332,4557.4247,1055.8926333333334,112.83586666666667,43832.97640000001,19655.873186666668,3673.105086666667,759.2071666666667,55246.0075,nfs
528,0.0,0.0,4194304.0,5120.0,32.0,2.0,16.0,32.0,0.3153333333333333,2.978566666666667,22.703333333333333,0.10606666666666666,16245.873100000003,2039.0983666666668,225.5176333333333,48259.08496666667,19655.873186666668,3673.105086666667,759.2071666666667,55246.0075,nfs
529,0.0,0.0,4194304.0,5120.0,32.0,4.0,8.0,32.0,0.23736666666666664,1.2417666666666667,11.393166666666668,0.08673333333333333,22871.1099,4357.6426,449.39300000000003,59373.093400000005,19655.873186666668,3673.105086666667,759.2071666666667,55246.0075,nfs
530,0.0,0.0,4194304.0,5120.0,32.0,8.0,4.0,32.0,0.18976666666666667,1.3785666666666667,5.767966666666666,0.06766666666666667,26991.622133333334,3714.0898333333334,887.6656333333334,75679.02443333332,19655.873186666668,3673.105086666667,759.2071666666667,55246.0075,ave_nfs
531,0.0,0.0,4194304.0,5120.0,32.0,16.0,2.0,32.0,0.18546666666666667,0.7112333333333334,,0.24083333333333332,27613.3361,7198.802,,21258.891399999997,19655.873186666668,3673.105086666667,,55246.0075,ave_localssd
532,0.0,0.0,4194304.0,5120.0,32.0,32.0,1.0,32.0,,,2.5459,0.06163333333333334,,,2120.6237,83072.9744,,,759.2071666666667,55246.0075,ave_nfs
533,0.0,0.0,4194304.0,5120.0,64.0,1.0,64.0,64.0,1.1100999999999999,4.8376,45.31686666666667,0.11003333333333333,4613.207933333334,1058.5431,112.98213333333332,46585.38796666666,18203.78744,3500.9566266666666,515.7873466666666,88703.83996111112,nfs
534,0.0,0.0,4194304.0,5120.0,64.0,2.0,32.0,64.0,0.36056666666666665,5.345533333333333,22.669466666666665,0.07596666666666667,14208.0478,1015.8297666666667,225.8546,68015.65263333333,18203.78744,3500.9566266666666,515.7873466666666,88703.83996111112,nfs
535,0.0,0.0,4194304.0,5120.0,64.0,4.0,16.0,64.0,0.34109999999999996,1.3863666666666667,11.396866666666668,0.051333333333333335,16966.597766666666,4436.330999999999,449.2515333333333,100061.29126666667,18203.78744,3500.9566266666666,515.7873466666666,88703.83996111112,nfs
536,0.0,0.0,4194304.0,5120.0,64.0,8.0,8.0,64.0,0.18626666666666666,1.4254,5.728833333333333,0.05563333333333333,27541.1446,3604.861033333333,893.7276666666667,92068.09283333334,18203.78744,3500.9566266666666,515.7873466666666,88703.83996111112,ave_nfs
537,0.0,0.0,4194304.0,5120.0,64.0,16.0,4.0,64.0,0.1849333333333333,0.6929,,0.11333333333333334,27689.9391,7389.218233333333,,46087.18346666667,18203.78744,3500.9566266666666,,88703.83996111112,ave_localssd
538,0.0,0.0,4194304.0,5120.0,64.0,32.0,2.0,64.0,,,14.502200000000002,0.02853333333333333,,,897.1208,179405.4316,,,515.7873466666666,88703.83996111112,ave_nfs
539,0.0,0.0,4194304.0,5120.0,128.0,1.0,128.0,128.0,1.3286,4.582766666666667,45.35059999999999,0.10206666666666668,3854.881566666667,1117.7194,112.8983,50315.96343333333,14506.360139999999,3023.3820599999995,652.8608999999999,115449.05514999999,nfs
540,0.0,0.0,4194304.0,5120.0,128.0,2.0,64.0,128.0,0.41409999999999997,6.2302333333333335,22.666933333333333,0.0855,12382.340400000001,848.6398666666668,225.87966666666668,61576.70283333332,14506.360139999999,3023.3820599999995,652.8608999999999,115449.05514999999,nfs
541,0.0,0.0,4194304.0,5120.0,128.0,4.0,32.0,128.0,0.9112666666666667,2.2760666666666665,11.350733333333332,0.04043333333333333,5653.256266666666,2371.4954333333335,451.07216666666665,126846.18320000001,14506.360139999999,3023.3820599999995,652.8608999999999,115449.05514999999,nfs
542,0.0,0.0,4194304.0,5120.0,128.0,8.0,16.0,128.0,0.259,1.4117666666666666,5.7191,0.03596666666666667,23150.871499999997,3652.5639333333334,895.2464,144705.97160000002,14506.360139999999,3023.3820599999995,652.8608999999999,115449.05514999999,ave_nfs
543,0.0,0.0,4194304.0,5120.0,128.0,16.0,8.0,128.0,0.1863,0.7233666666666667,,0.1332,27490.450966666667,7126.491666666666,,39409.74306666667,14506.360139999999,3023.3820599999995,,115449.05514999999,ave_localssd
544,0.0,0.0,4194304.0,5120.0,128.0,32.0,4.0,128.0,,,3.4059666666666666,0.018966666666666666,,,1579.2079666666668,269839.76676666667,,,652.8608999999999,115449.05514999999,ave_nfs
545,0.0,0.0,4194304.0,5120.0,256.0,1.0,256.0,256.0,1.3504666666666667,4.0634,,0.12236666666666667,3795.4407666666666,1279.3661333333332,,41967.354466666664,13777.884326666668,5957.5759800000005,,131865.68689444443,localssd
546,0.0,0.0,4194304.0,5120.0,256.0,2.0,128.0,256.0,,,22.695066666666666,0.10603333333333333,,,225.59963333333334,48507.9165,,,770.1592666666667,131865.68689444443,nfs
547,0.0,0.0,4194304.0,5120.0,256.0,4.0,64.0,256.0,0.41653333333333337,2.6049333333333333,11.361966666666667,0.05353333333333334,12502.729433333334,1965.5148333333334,450.6257333333333,95785.97443333334,13777.884326666668,5957.5759800000005,770.1592666666667,131865.68689444443,nfs
548,0.0,0.0,4194304.0,5120.0,256.0,8.0,32.0,256.0,0.8210333333333333,1.4185666666666668,5.7166999999999994,0.02256666666666667,6240.392066666667,3636.7930333333334,895.6225,227557.89723333332,13777.884326666668,5957.5759800000005,770.1592666666667,131865.68689444443,ave_nfs
549,0.0,0.0,4194304.0,5120.0,256.0,16.0,16.0,256.0,0.24326666666666666,0.6718999999999999,,0.09726666666666667,21098.7495,7620.6033333333335,,53178.63433333333,13777.884326666668,5957.5759800000005,,131865.68689444443,ave_localssd
550,0.0,0.0,4194304.0,5120.0,256.0,32.0,8.0,256.0,0.20353333333333334,0.3349666666666667,3.3937000000000004,0.015799999999999998,25252.109866666666,15285.602566666666,1508.7892,324196.3444,13777.884326666668,5957.5759800000005,770.1592666666667,131865.68689444443,ave_nfs
551,0.0,0.0,4194304.0,49152.0,1024.0,8.0,128.0,1024.0,11.122666666666667,23.462233333333334,54.433299999999996,0.21273333333333333,4419.713366666667,2157.0597666666667,902.9763666666668,231483.731,12952.822977777776,8483.149355555555,1558.1760888888887,415636.1052777778,nfs
552,0.0,0.0,4194304.0,49152.0,1024.0,16.0,64.0,1024.0,5.3496,6.627,27.557833333333335,0.33903333333333335,9188.531366666668,7419.893533333333,1783.6036666666666,145091.19456666667,12952.822977777776,8483.149355555555,1558.1760888888887,415636.1052777778,ave_nfs
553,0.0,0.0,4194304.0,49152.0,1024.0,32.0,32.0,1024.0,1.9846333333333332,3.0966666666666662,24.73176666666667,0.056499999999999995,25250.224199999997,15872.494766666665,1987.9482333333333,870333.3902666667,12952.822977777776,8483.149355555555,1558.1760888888887,415636.1052777778,ave_nfs
554,0.0,0.0,4194304.0,49152.0,2048.0,16.0,128.0,2048.0,,11.457933333333335,31.465099999999996,0.4458666666666667,,4487.444433333333,1562.9694,110278.06,,10206.395749999998,1624.4764333333333,334321.3823666666,nfs
555,0.0,0.0,4194304.0,49152.0,2048.0,32.0,64.0,2048.0,3.1546333333333334,3.0864333333333334,29.156366666666667,0.08876666666666666,15587.6483,15925.347066666667,1685.9834666666666,558364.7047333333,15587.6483,10206.395749999998,1624.4764333333333,334321.3823666666,ave_nfs
556,0.0,0.0,4194304.0,49152.0,4096.0,32.0,128.0,4096.0,,6.3032,34.33043333333333,0.1594,,7823.557633333333,1432.0704333333333,311156.32093333337,,7823.557633333333,1432.0704333333333,311156.32093333337,nfs
557,0.0,0.0,4194304.0,51200.0,2.0,1.0,2.0,2.0,10.790799999999999,85.98093333333334,,7.663666666666667,4766.426466666667,595.4910333333333,,6684.547533333333,4649.479166666667,669.9600166666668,,7035.398066666666,localssd
558,0.0,0.0,4194304.0,51200.0,2.0,2.0,1.0,2.0,11.377333333333333,68.80706666666667,228.51440000000002,6.997933333333333,4532.531866666667,744.4290000000001,224.05589999999998,7386.2486,4649.479166666667,669.9600166666668,224.05589999999998,7035.398066666666,nfs
559,0.0,0.0,4194304.0,51200.0,4.0,1.0,4.0,4.0,8.0905,85.64853333333333,,4.0758,6330.016966666666,597.792,,12563.037533333334,7959.028977777777,1204.5760333333335,,14157.433588888887,localssd
560,0.0,0.0,4194304.0,51200.0,4.0,2.0,2.0,4.0,6.016366666666666,48.76213333333334,227.5933,3.8770000000000002,8520.3713,1050.0171,224.96266666666668,13206.188633333333,7959.028977777777,1204.5760333333335,333.15453333333335,14157.433588888887,nfs
561,0.0,0.0,4194304.0,51200.0,4.0,4.0,1.0,4.0,5.707233333333334,26.32043333333333,116.00866666666667,3.0653666666666664,9026.698666666665,1965.9189999999999,441.3464000000001,16703.0746,7959.028977777777,1204.5760333333335,333.15453333333335,14157.433588888887,ave_nfs
562,0.0,0.0,4194304.0,51200.0,8.0,1.0,8.0,8.0,9.696166666666667,85.4493,,2.4434,5280.483033333333,599.1862666666667,,20997.86013333333,11762.039366666666,1441.9346083333337,,25560.483683333336,localssd
563,0.0,0.0,4194304.0,51200.0,8.0,2.0,4.0,8.0,3.825533333333333,57.25903333333333,227.03806666666665,2.0648666666666666,13410.500866666667,894.1877666666666,225.5128,24795.959000000003,11762.039366666666,1441.9346083333337,515.3616999999999,25560.483683333336,nfs
564,0.0,0.0,4194304.0,51200.0,8.0,4.0,2.0,8.0,3.436366666666667,26.5415,114.8322,1.9954,14929.728799999999,1987.6145333333334,445.868,25670.374200000002,11762.039366666666,1441.9346083333337,515.3616999999999,25560.483683333336,nfs
565,0.0,0.0,4194304.0,51200.0,8.0,8.0,1.0,8.0,3.8277666666666668,22.592033333333333,58.5341,1.6635666666666669,13427.444766666667,2286.7498666666665,874.7043,30777.7414,11762.039366666666,1441.9346083333337,515.3616999999999,25560.483683333336,ave_nfs
566,0.0,0.0,4194304.0,51200.0,16.0,1.0,16.0,16.0,11.253533333333332,88.46476666666668,,1.4326666666666668,4550.172033333333,579.7531666666667,,35785.740366666665,16447.518266666666,2026.24702,,39014.82706,localssd
567,0.0,0.0,4194304.0,51200.0,16.0,2.0,8.0,16.0,3.5181333333333336,67.07316666666667,226.75906666666666,1.2288666666666668,14788.070800000001,764.4027,225.7903,41735.06706666667,16447.518266666666,2026.24702,799.789425,39014.82706,nfs
568,0.0,0.0,4194304.0,51200.0,16.0,4.0,4.0,16.0,2.4289666666666667,23.429266666666667,113.9063,1.0940666666666665,21471.069433333334,2188.1121,449.49240000000003,46857.2016,16447.518266666666,2026.24702,799.789425,39014.82706,nfs
569,0.0,0.0,4194304.0,51200.0,16.0,8.0,2.0,16.0,2.8265333333333333,20.246966666666665,57.82143333333334,1.0170333333333332,19295.701866666666,2542.7165,885.4853333333334,50347.22646666667,16447.518266666666,2026.24702,799.789425,39014.82706,ave_nfs
570,0.0,0.0,4194304.0,51200.0,16.0,16.0,1.0,16.0,2.317,12.710033333333334,31.250199999999996,2.5162,22132.5772,4056.2506333333336,1638.3896666666667,20348.8998,16447.518266666666,2026.24702,799.789425,39014.82706,ave_nfs
571,0.0,0.0,4194304.0,51200.0,32.0,1.0,32.0,32.0,10.822666666666668,88.09456666666667,,1.0407333333333333,4731.0,581.8548999999999,,49331.062066666665,18048.966826666667,2175.0048866666666,,68194.3063888889,localssd
572,0.0,0.0,4194304.0,51200.0,32.0,2.0,16.0,32.0,3.2817000000000003,76.63163333333334,226.63143333333335,0.826,15602.909066666667,669.6883333333334,225.91746666666666,62015.22376666667,18048.966826666667,2175.0048866666666,1233.3798666666664,68194.3063888889,nfs
573,0.0,0.0,4194304.0,51200.0,32.0,4.0,8.0,32.0,2.0374666666666665,25.155933333333337,113.60056666666667,0.7064,25131.044666666665,2045.8624666666667,450.7018666666667,72661.15236666666,18048.966826666667,2175.0048866666666,1233.3798666666664,68194.3063888889,nfs
574,0.0,0.0,4194304.0,51200.0,32.0,8.0,4.0,32.0,2.2135,18.9011,57.248799999999996,0.5458666666666666,23513.645033333334,2713.1062666666667,894.3424333333332,93833.57966666667,18048.966826666667,2175.0048866666666,1233.3798666666664,68194.3063888889,nfs
575,0.0,0.0,4194304.0,51200.0,32.0,16.0,2.0,32.0,2.4562,10.535066666666667,30.594066666666667,1.968,21266.235366666664,4864.512466666667,1674.0177666666666,28327.852000000003,18048.966826666667,2175.0048866666666,1233.3798666666664,68194.3063888889,ave_nfs
576,0.0,0.0,4194304.0,51200.0,32.0,32.0,1.0,32.0,,,17.5246,0.49733333333333335,,,2921.9197999999997,102996.96846666666,,,1233.3798666666664,68194.3063888889,ave_nfs
577,0.0,0.0,4194304.0,51200.0,64.0,1.0,64.0,64.0,10.774866666666668,86.2473,,0.8757,4752.252966666667,593.6431,,58496.558366666664,19480.41358666667,2373.7262266666667,,104591.99456111113,localssd
578,0.0,0.0,4194304.0,51200.0,64.0,2.0,32.0,64.0,3.6197,83.89403333333333,226.6389,0.7398666666666666,14147.839600000001,610.6571333333333,225.91006666666667,69427.35083333333,19480.41358666667,2373.7262266666667,1055.9507333333333,104591.99456111113,nfs
579,0.0,0.0,4194304.0,51200.0,64.0,4.0,16.0,64.0,1.955466666666667,25.884766666666668,113.48886666666665,0.44526666666666664,26245.571733333334,1987.2982333333332,451.1455,114992.54920000001,19480.41358666667,2373.7262266666667,1055.9507333333333,104591.99456111113,nfs
580,0.0,0.0,4194304.0,51200.0,64.0,8.0,8.0,64.0,2.0249666666666664,19.423199999999998,56.96066666666667,0.3884,25478.756666666668,2647.8399666666664,898.8656333333333,132428.91893333333,19480.41358666667,2373.7262266666667,1055.9507333333333,104591.99456111113,nfs
581,0.0,0.0,4194304.0,51200.0,64.0,16.0,4.0,64.0,1.9134666666666666,8.584,29.506333333333334,0.9594,26777.646966666667,6029.1927,1735.2845333333335,56540.35636666667,19480.41358666667,2373.7262266666667,1055.9507333333333,104591.99456111113,ave_nfs
582,0.0,0.0,4194304.0,51200.0,64.0,32.0,2.0,64.0,,,27.58236666666667,0.26166666666666666,,,1968.5479333333333,195666.23366666667,,,1055.9507333333333,104591.99456111113,ave_nfs
583,0.0,0.0,4194304.0,51200.0,128.0,1.0,128.0,128.0,11.772466666666666,90.98486666666666,,1.0025333333333333,4349.1817,563.5183666666667,,51133.882000000005,19370.4511,1999.5076333333334,,142828.5074388889,localssd
584,0.0,0.0,4194304.0,51200.0,128.0,2.0,64.0,128.0,4.175766666666667,72.6068,226.49979999999996,0.6037333333333333,12263.616399999999,708.2910333333333,226.0488,85003.6661,19370.4511,1999.5076333333334,1006.8989333333334,142828.5074388889,nfs
585,0.0,0.0,4194304.0,51200.0,128.0,4.0,32.0,128.0,1.9283333333333335,28.433766666666667,113.3488,0.3657333333333333,26577.0765,1812.9149666666665,451.7031,140485.88756666667,19370.4511,1999.5076333333334,1006.8989333333334,142828.5074388889,nfs
586,0.0,0.0,4194304.0,51200.0,128.0,8.0,16.0,128.0,1.8865999999999998,18.9192,56.78593333333333,0.2646,27161.605733333334,2746.4741,901.6313,193941.5044666667,19370.4511,1999.5076333333334,1006.8989333333334,142828.5074388889,nfs
587,0.0,0.0,4194304.0,51200.0,128.0,16.0,8.0,128.0,1.9321000000000002,12.508833333333333,29.0839,0.6365333333333334,26500.77516666667,4166.3396999999995,1760.424,80517.62879999999,19370.4511,1999.5076333333334,1006.8989333333334,142828.5074388889,ave_nfs
588,0.0,0.0,4194304.0,51200.0,128.0,32.0,4.0,128.0,,,31.001133333333332,0.16736666666666666,,,1694.687466666667,305888.4757,,,1006.8989333333334,142828.5074388889,ave_nfs
589,0.0,0.0,4194304.0,51200.0,256.0,1.0,256.0,256.0,12.954433333333334,368.3896,,0.8910333333333332,3952.8875666666668,139.36886666666666,,57752.361,12213.945573333333,5313.28158,,167761.79096111108,localssd
590,0.0,0.0,4194304.0,51200.0,256.0,2.0,128.0,256.0,,,226.43386666666666,0.7122,,,226.1146,71906.78373333333,,,1086.3751533333334,167761.79096111108,nfs
591,0.0,0.0,4194304.0,51200.0,256.0,4.0,64.0,256.0,11.717033333333333,36.024166666666666,113.2505,0.2738333333333333,4372.9329,1425.8461,452.09516666666667,188923.90456666666,12213.945573333333,5313.28158,1086.3751533333334,167761.79096111108,nfs
592,0.0,0.0,4194304.0,51200.0,256.0,8.0,32.0,256.0,11.482566666666665,16.159633333333332,56.678133333333335,0.19910000000000003,4460.947533333333,3187.7063,903.3465333333334,257259.06156666667,12213.945573333333,5313.28158,1086.3751533333334,167761.79096111108,nfs
593,0.0,0.0,4194304.0,51200.0,256.0,16.0,16.0,256.0,2.6824333333333334,9.132566666666667,28.917766666666665,0.7216333333333332,20412.972233333334,6182.952433333333,1770.6373333333333,71331.16119999999,12213.945573333333,5313.28158,1086.3751533333334,167761.79096111108,ave_nfs
594,0.0,0.0,4194304.0,51200.0,256.0,32.0,8.0,256.0,1.8372,3.2756666666666665,25.179166666666664,0.14293333333333333,27869.987633333334,15630.5342,2079.6821333333332,359397.4737,12213.945573333333,5313.28158,1086.3751533333334,167761.79096111108,ave_nfs
595,0.0,0.0,4194304.0,51200.0,512.0,4.0,128.0,512.0,11.546933333333333,31.456599999999998,113.26490000000001,0.3483,4436.585133333333,1631.5696,452.03766666666667,148184.70813333333,12961.167766666666,6535.291016666667,1296.344325,284031.18354999996,nfs
596,0.0,0.0,4194304.0,51200.0,512.0,8.0,64.0,512.0,10.882833333333332,19.4737,56.70603333333333,0.16646666666666668,4707.2633,2767.5670000000005,902.9016,309077.39426666667,12961.167766666666,6535.291016666667,1296.344325,284031.18354999996,nfs
597,0.0,0.0,4194304.0,51200.0,512.0,16.0,32.0,512.0,3.1555,8.928366666666667,29.208700000000004,0.5734,16620.734766666665,5977.349533333334,1752.9532333333334,89997.8347,12961.167766666666,6535.291016666667,1296.344325,284031.18354999996,ave_nfs
598,0.0,0.0,4194304.0,51200.0,512.0,32.0,16.0,512.0,1.9911333333333332,3.2477666666666667,24.6688,0.08713333333333334,26080.08786666667,15764.677933333332,2077.4848,588864.7971,12961.167766666666,6535.291016666667,1296.344325,284031.18354999996,ave_nfs
599,0.0,0.0,16777216.0,1024.0,2.0,1.0,2.0,2.0,0.19996666666666665,0.9937999999999999,9.666733333333333,0.16143333333333335,5151.529233333334,1030.4288,105.94093333333335,6366.885533333334,4787.120316666666,1464.70855,161.74278333333334,6628.525066666666,nfs
600,0.0,0.0,16777216.0,1024.0,2.0,2.0,1.0,2.0,0.23230000000000003,0.5398666666666666,4.707066666666667,0.14863333333333334,4422.7114,1898.9883,217.54463333333334,6890.1646,4787.120316666666,1464.70855,161.74278333333334,6628.525066666666,ave_nfs
601,0.0,0.0,16777216.0,1024.0,4.0,1.0,4.0,4.0,0.20753333333333335,0.9818666666666666,9.447233333333333,0.09683333333333333,5335.349366666666,1043.0181,108.39526666666666,10610.259933333333,6618.022966666667,2291.3162555555555,253.09481111111108,11774.230844444442,nfs
602,0.0,0.0,16777216.0,1024.0,4.0,2.0,2.0,4.0,0.16366666666666665,0.45103333333333334,4.6512,0.08573333333333333,6260.440033333333,2270.596666666667,220.1608666666667,11946.987833333333,6618.022966666667,2291.3162555555555,253.09481111111108,11774.230844444442,nfs
603,0.0,0.0,16777216.0,1024.0,4.0,4.0,1.0,4.0,0.1253,0.28826666666666667,2.3773666666666666,0.0803,8258.2795,3560.3340000000003,430.7283,12765.444766666667,6618.022966666667,2291.3162555555555,253.09481111111108,11774.230844444442,ave_nfs
604,0.0,0.0,16777216.0,1024.0,8.0,1.0,8.0,8.0,0.21436666666666668,0.9762,9.303266666666667,0.0707,4777.2535,1049.1782666666666,110.0711,14554.3566,8918.474225,2669.2334166666665,401.12010833333335,21130.433933333334,nfs
605,0.0,0.0,16777216.0,1024.0,8.0,2.0,4.0,8.0,0.1618666666666667,0.5699333333333333,4.587,0.0496,6338.624466666667,2059.7417333333333,223.24033333333333,20697.265833333335,8918.474225,2669.2334166666665,401.12010833333335,21130.433933333334,nfs
606,0.0,0.0,16777216.0,1024.0,8.0,4.0,2.0,8.0,0.0956,0.236,2.341066666666667,0.043399999999999994,10719.7331,4355.937466666667,437.41093333333333,23608.304399999997,8918.474225,2669.2334166666665,401.12010833333335,21130.433933333334,ave_nfs
607,0.0,0.0,16777216.0,1024.0,8.0,8.0,1.0,8.0,0.08073333333333334,0.3188,1.2282,0.039933333333333335,13838.285833333333,3212.0762,833.7580666666667,25661.808900000004,8918.474225,2669.2334166666665,401.12010833333335,21130.433933333334,ave_nfs
608,0.0,0.0,16777216.0,1024.0,16.0,1.0,16.0,16.0,0.22433333333333336,0.9100333333333334,9.3674,0.03436666666666666,4567.445733333333,1125.2272,109.34206666666667,29947.157300000003,12620.709246666665,3534.2495466666674,401.5133,32695.321999999996,nfs
609,0.0,0.0,16777216.0,1024.0,16.0,2.0,8.0,16.0,0.2502666666666667,0.3748,4.563666666666666,0.0313,4091.4148333333337,2736.115566666667,224.38246666666666,32705.829799999996,12620.709246666665,3534.2495466666674,401.5133,32695.321999999996,nfs
610,0.0,0.0,16777216.0,1024.0,16.0,4.0,4.0,16.0,0.09146666666666665,0.2479,2.3135333333333334,0.027133333333333332,11192.880599999999,4167.3523,442.63359999999994,37713.24146666667,12620.709246666665,3534.2495466666674,401.5133,32695.321999999996,ave_nfs
611,0.0,0.0,16777216.0,1024.0,16.0,8.0,2.0,16.0,0.045500000000000006,0.31160000000000004,1.2342666666666666,0.022933333333333333,22535.297733333337,3325.546833333334,829.6950666666667,44739.88336666667,12620.709246666665,3534.2495466666674,401.5133,32695.321999999996,ave_nfs
612,0.0,0.0,16777216.0,1024.0,16.0,16.0,1.0,16.0,0.050333333333333334,0.1621,,0.055766666666666666,20716.50733333333,6317.005833333333,,18370.498066666667,12620.709246666665,3534.2495466666674,,32695.321999999996,ave_localssd
613,0.0,0.0,16777216.0,1024.0,32.0,1.0,32.0,32.0,0.20286666666666667,0.7255333333333334,9.461566666666668,0.023966666666666667,5051.205466666666,1411.5211333333334,108.25286666666666,42878.87873333333,12133.551433333334,5015.017277777778,523.87142,55484.85620000001,nfs
614,0.0,0.0,16777216.0,1024.0,32.0,2.0,16.0,32.0,0.46649999999999997,0.4203666666666666,4.552066666666667,0.02036666666666667,2196.6307666666667,2458.7383333333332,224.95270000000002,51128.5143,12133.551433333334,5015.017277777778,523.87142,55484.85620000001,nfs
615,0.0,0.0,16777216.0,1024.0,32.0,4.0,8.0,32.0,0.13193333333333332,0.2139333333333333,2.3295666666666666,0.017166666666666667,7985.362766666666,4859.963066666666,439.60996666666665,60513.75456666667,12133.551433333334,5015.017277777778,523.87142,55484.85620000001,nfs
616,0.0,0.0,16777216.0,1024.0,32.0,8.0,4.0,32.0,0.04573333333333333,0.2845333333333333,1.222,0.014566666666666667,22481.039999999997,3599.2464333333337,838.7408,70297.6767,12133.551433333334,5015.017277777778,523.87142,55484.85620000001,ave_nfs
617,0.0,0.0,16777216.0,1024.0,32.0,16.0,2.0,32.0,0.05296666666666667,0.1515,,0.04443333333333333,19979.2353,6758.637900000001,,23100.365533333334,12133.551433333334,5015.017277777778,,55484.85620000001,ave_localssd
618,0.0,0.0,16777216.0,1024.0,32.0,32.0,1.0,32.0,0.13896666666666666,0.09306666666666667,1.0376666666666667,0.012033333333333333,15107.8343,11001.996799999999,1007.8007666666666,84989.94736666667,12133.551433333334,5015.017277777778,523.87142,55484.85620000001,ave_nfs
619,0.0,0.0,16777216.0,1024.0,64.0,1.0,64.0,64.0,0.22546666666666668,0.7164,9.322933333333333,0.0239,4567.654266666667,1429.3971666666666,109.85746666666667,43057.81053333334,10781.364705555556,4525.7569722222215,492.1154199999999,76707.42020555557,nfs
620,0.0,0.0,16777216.0,1024.0,64.0,2.0,32.0,64.0,0.9171,0.36366666666666664,4.5549,0.018766666666666668,1116.8302666666666,2816.4546666666665,224.81550000000001,54807.9517,10781.364705555556,4525.7569722222215,492.1154199999999,76707.42020555557,nfs
621,0.0,0.0,16777216.0,1024.0,64.0,4.0,16.0,64.0,0.23256666666666667,0.252,2.293833333333333,0.012066666666666665,4403.460666666667,4411.458466666667,446.4185333333333,84987.63113333333,10781.364705555556,4525.7569722222215,492.1154199999999,76707.42020555557,nfs
622,0.0,0.0,16777216.0,1024.0,64.0,8.0,8.0,64.0,0.05013333333333333,0.2793333333333334,1.2108,0.0141,20745.97523333333,3665.912366666667,845.7371333333334,78515.71096666667,10781.364705555556,4525.7569722222215,492.1154199999999,76707.42020555557,ave_nfs
623,0.0,0.0,16777216.0,1024.0,64.0,16.0,4.0,64.0,0.0694,0.14916666666666667,,0.0252,18475.93533333333,6867.372466666667,,41893.83606666667,10781.364705555556,4525.7569722222215,,76707.42020555557,ave_localssd
624,0.0,0.0,16777216.0,1024.0,64.0,32.0,2.0,64.0,0.10993333333333333,0.2533666666666667,1.2542,0.006533333333333333,15378.332466666667,7963.9467,833.7484666666666,156981.58083333334,10781.364705555556,4525.7569722222215,492.1154199999999,76707.42020555557,ave_nfs
625,0.0,0.0,16777216.0,4096.0,128.0,1.0,128.0,128.0,1.0893666666666666,2.9156,36.23593333333333,0.09503333333333334,3762.7165666666665,1405.1869666666669,113.0369,43116.7158,12449.605573333332,3633.545,621.4904466666666,112388.38562222225,nfs
626,0.0,0.0,16777216.0,4096.0,128.0,2.0,64.0,128.0,0.33346666666666663,4.153133333333333,18.143333333333334,0.0704,12283.255833333335,986.2584666666667,225.75826666666669,58583.2379,12449.605573333332,3633.545,621.4904466666666,112388.38562222225,nfs
627,0.0,0.0,16777216.0,4096.0,128.0,4.0,32.0,128.0,0.9488,1.2634,9.091766666666667,0.031599999999999996,4318.9312666666665,4372.1645,450.52113333333335,130013.13419999999,12449.605573333332,3633.545,621.4904466666666,112388.38562222225,nfs
628,0.0,0.0,16777216.0,4096.0,128.0,8.0,16.0,128.0,0.3871,1.0583,4.587466666666667,0.02886666666666667,14343.4232,3870.3938333333335,892.8719000000001,142142.15670000002,12449.605573333332,3633.545,621.4904466666666,112388.38562222225,ave_nfs
629,0.0,0.0,16777216.0,4096.0,128.0,16.0,8.0,128.0,0.14883333333333335,0.5437,,0.0791,27539.701,7533.721233333334,,53838.59623333334,12449.605573333332,3633.545,,112388.38562222225,ave_localssd
630,0.0,0.0,16777216.0,4096.0,128.0,32.0,4.0,128.0,,,2.9475,0.016633333333333333,,,1425.2640333333331,246636.47290000002,,,621.4904466666666,112388.38562222225,ave_nfs
631,0.0,0.0,16777216.0,4096.0,256.0,1.0,256.0,256.0,1.0575666666666668,5.672133333333332,,0.09583333333333333,3886.506566666667,868.3824000000001,,42916.089100000005,11284.650733333334,5940.719959999999,,134313.49458333332,localssd
632,0.0,0.0,16777216.0,4096.0,256.0,2.0,128.0,256.0,,,18.182366666666667,0.08353333333333333,,,225.27366666666668,49142.166900000004,,,736.2758583333334,134313.49458333332,nfs
633,0.0,0.0,16777216.0,4096.0,256.0,4.0,64.0,256.0,1.3468,2.0851666666666664,9.108566666666666,0.037,6721.3669,1964.3580333333332,449.6883666666667,110756.92936666666,11284.650733333334,5940.719959999999,736.2758583333334,134313.49458333332,nfs
634,0.0,0.0,16777216.0,4096.0,256.0,8.0,32.0,256.0,0.82,1.0509333333333333,4.629133333333333,0.0184,4995.5839000000005,3897.6781333333333,884.9131666666667,225989.32030000002,11284.650733333334,5940.719959999999,736.2758583333334,134313.49458333332,ave_nfs
635,0.0,0.0,16777216.0,4096.0,256.0,16.0,16.0,256.0,0.2374666666666667,0.5272666666666667,,0.08,17284.358333333334,7768.8609,,51745.781866666664,11284.650733333334,5940.719959999999,,134313.49458333332,ave_localssd
636,0.0,0.0,16777216.0,4096.0,256.0,32.0,8.0,256.0,0.1885,0.26940000000000003,3.0104333333333333,0.012566666666666665,23535.437966666665,15204.320333333331,1385.2282333333333,325330.6799666667,11284.650733333334,5940.719959999999,736.2758583333334,134313.49458333332,ave_nfs
637,0.0,0.0,16777216.0,5120.0,2.0,1.0,2.0,2.0,2.0862,7.6391333333333336,46.25273333333333,0.8389333333333333,3948.9132000000004,723.3948,110.6972,6103.1879,4747.207216666667,981.7749,164.52133333333333,6632.563216666666,nfs
638,0.0,0.0,16777216.0,5120.0,2.0,2.0,1.0,2.0,0.9324666666666666,4.247166666666666,23.4491,0.7149333333333333,5545.501233333333,1240.155,218.34546666666665,7161.938533333334,4747.207216666667,981.7749,164.52133333333333,6632.563216666666,ave_nfs
639,0.0,0.0,16777216.0,5120.0,4.0,1.0,4.0,4.0,1.2239333333333333,5.594,45.787800000000004,0.4285666666666667,5203.0093,934.5693666666666,111.82036666666666,11948.551500000001,8522.46131111111,1511.8503333333335,255.94383333333334,12975.385977777776,nfs
640,0.0,0.0,16777216.0,5120.0,4.0,2.0,2.0,4.0,0.4707666666666667,4.636133333333333,23.124566666666666,0.4102333333333333,10878.118366666667,1124.3407,221.40966666666668,12489.0009,8522.46131111111,1511.8503333333335,255.94383333333334,12975.385977777776,nfs
641,0.0,0.0,16777216.0,5120.0,4.0,4.0,1.0,4.0,0.5402999999999999,2.0673333333333335,11.7809,0.3534,9486.256266666667,2476.6409333333336,434.6014666666667,14488.605533333333,8522.46131111111,1511.8503333333335,255.94383333333334,12975.385977777776,ave_nfs
642,0.0,0.0,16777216.0,5120.0,8.0,1.0,8.0,8.0,1.0176333333333334,8.994633333333333,45.56426666666667,0.2577333333333333,5034.261033333333,571.9077000000001,112.3689,19877.804033333334,13483.270458333332,2221.7673499999996,410.5035333333333,23566.681966666667,nfs
643,0.0,0.0,16777216.0,5120.0,8.0,2.0,4.0,8.0,0.3159,5.074366666666667,22.8867,0.23186666666666667,16213.914233333335,1386.8379333333332,223.71076666666667,22084.588366666667,13483.270458333332,2221.7673499999996,410.5035333333333,23566.681966666667,nfs
644,0.0,0.0,16777216.0,5120.0,8.0,4.0,2.0,8.0,0.3022,1.5251000000000001,11.583633333333333,0.21323333333333336,16980.241766666666,3756.234,442.00410000000005,24014.490366666665,13483.270458333332,2221.7673499999996,410.5035333333333,23566.681966666667,ave_nfs
645,0.0,0.0,16777216.0,5120.0,8.0,8.0,1.0,8.0,0.3342,1.6158333333333335,5.926433333333333,0.1809666666666667,15704.664799999999,3172.0897666666665,863.9303666666666,28289.845099999995,13483.270458333332,2221.7673499999996,410.5035333333333,23566.681966666667,ave_nfs
646,0.0,0.0,16777216.0,5120.0,16.0,1.0,16.0,16.0,1.1125666666666667,7.0782,45.4358,0.18433333333333332,4602.223233333333,730.8895666666667,112.68643333333334,27835.59226666667,17857.460333333333,3049.14776,415.83779166666665,33520.45035333333,nfs
647,0.0,0.0,16777216.0,5120.0,16.0,2.0,8.0,16.0,0.3192333333333333,4.7810999999999995,22.775666666666666,0.1533,16040.795733333332,1187.7349666666667,224.8016,33661.846,17857.460333333333,3049.14776,415.83779166666665,33520.45035333333,nfs
648,0.0,0.0,16777216.0,5120.0,16.0,4.0,4.0,16.0,0.21813333333333332,1.6176000000000001,11.463833333333334,0.11846666666666666,23481.66,3406.501233333333,446.62190000000004,43220.79066666667,17857.460333333333,3049.14776,415.83779166666665,33520.45035333333,ave_nfs
649,0.0,0.0,16777216.0,5120.0,16.0,8.0,2.0,16.0,0.27,1.4748,5.8232333333333335,0.11399999999999999,19873.3346,3482.1097666666665,879.2412333333333,44922.309700000005,17857.460333333333,3049.14776,415.83779166666665,33520.45035333333,ave_nfs
650,0.0,0.0,16777216.0,5120.0,16.0,16.0,1.0,16.0,0.2027,0.7952,,0.28506666666666663,25289.2881,6438.503266666667,,17961.713133333335,17857.460333333333,3049.14776,,33520.45035333333,ave_localssd
651,0.0,0.0,16777216.0,5120.0,32.0,1.0,32.0,32.0,1.1524,4.8937,45.365,0.11836666666666668,4444.082133333333,1046.2524999999998,112.86236666666667,43350.24479999999,19199.130133333332,3318.7973,831.5220066666667,54664.964,nfs
652,0.0,0.0,16777216.0,5120.0,32.0,2.0,16.0,32.0,0.31043333333333334,5.6495,22.70143333333333,0.10486666666666666,16502.314733333333,919.7967333333332,225.53653333333332,48834.363000000005,19199.130133333332,3318.7973,831.5220066666667,54664.964,nfs
653,0.0,0.0,16777216.0,5120.0,32.0,4.0,8.0,32.0,0.1991666666666667,1.5180999999999998,11.399133333333333,0.0852,25723.0736,3756.5559666666663,449.1569666666667,60323.17446666667,19199.130133333332,3318.7973,831.5220066666667,54664.964,nfs
654,0.0,0.0,16777216.0,5120.0,32.0,8.0,4.0,32.0,0.24689999999999998,1.3775333333333333,5.781166666666667,0.0697,22710.4411,3716.8025666666667,885.6385666666666,73479.66006666666,19199.130133333332,3318.7973,831.5220066666667,54664.964,ave_nfs
655,0.0,0.0,16777216.0,5120.0,32.0,16.0,2.0,32.0,0.1929,0.7156333333333333,,0.2414333333333333,26615.739100000003,7154.578733333333,,21207.199833333332,19199.130133333332,3318.7973,,54664.964,ave_localssd
656,0.0,0.0,16777216.0,5120.0,32.0,32.0,1.0,32.0,,,2.0805333333333333,0.0634,,,2484.4156,80795.14183333334,,,831.5220066666667,54664.964,ave_nfs
657,0.0,0.0,16777216.0,5120.0,64.0,1.0,64.0,64.0,1.1106333333333334,4.750766666666666,45.365833333333335,0.10210000000000001,4610.6925666666675,1077.7236999999998,112.8603,50290.269166666665,17877.261913333336,3803.4784466666665,599.7242399999999,88948.97609444446,nfs
658,0.0,0.0,16777216.0,5120.0,64.0,2.0,32.0,64.0,0.3558333333333333,2.5655666666666668,22.670433333333335,0.07593333333333334,14392.894533333334,2254.7419,225.84483333333333,67761.87516666666,17877.261913333336,3803.4784466666665,599.7242399999999,88948.97609444446,nfs
659,0.0,0.0,16777216.0,5120.0,64.0,4.0,16.0,64.0,0.25793333333333335,0.9191333333333334,11.402833333333334,0.056400000000000006,19895.260633333335,5570.563266666667,449.0221333333334,92242.92436666666,17877.261913333336,3803.4784466666665,599.7242399999999,88948.97609444446,nfs
660,0.0,0.0,16777216.0,5120.0,64.0,8.0,8.0,64.0,0.2718333333333333,1.4209666666666667,5.759666666666667,0.04843333333333333,22467.685299999997,3627.5491333333334,889.0010333333333,106961.51823333332,17877.261913333336,3803.4784466666665,599.7242399999999,88948.97609444446,ave_nfs
661,0.0,0.0,16777216.0,5120.0,64.0,16.0,4.0,64.0,0.18283333333333332,0.7967666666666666,,0.12023333333333334,28019.776533333334,6486.8142333333335,,42582.18523333333,17877.261913333336,3803.4784466666665,,88948.97609444446,ave_localssd
662,0.0,0.0,16777216.0,5120.0,64.0,32.0,2.0,64.0,,,3.939133333333333,0.029466666666666665,,,1321.8929,173855.08440000002,,,599.7242399999999,88948.97609444446,ave_nfs
663,0.0,0.0,16777216.0,32768.0,2048.0,16.0,128.0,2048.0,,4.476966666666667,24.96556666666667,0.3116333333333334,,7325.303933333334,1342.5847666666666,105339.69663333334,,11609.948083333335,1386.4399666666666,278519.29308333335,nfs
664,0.0,0.0,16777216.0,32768.0,2048.0,32.0,64.0,2048.0,4.3331333333333335,2.0616,22.979133333333333,0.07273333333333333,7589.025766666667,15894.592233333335,1430.2951666666668,451698.8895333333,7589.025766666666,11609.948083333335,1386.4399666666666,278519.29308333335,ave_nfs
665,0.0,0.0,16777216.0,49152.0,256.0,1.0,256.0,256.0,12.463766666666666,352.80823333333336,,0.9130666666666666,3944.3396333333335,139.60603333333333,,54144.08666666667,11404.322515384616,5002.866613333333,,170965.83976666667,localssd
666,0.0,0.0,16777216.0,49152.0,256.0,2.0,128.0,256.0,,,217.38746666666665,0.6460666666666667,,,226.10320000000002,76118.7221,,,1058.5484133333332,170965.83976666667,nfs
667,0.0,0.0,16777216.0,49152.0,256.0,4.0,64.0,256.0,11.12355,29.292833333333334,108.75883333333333,0.25486666666666663,4418.81125,1677.9742333333334,451.9356333333333,195477.3058666667,11404.322515384616,5002.866613333333,1058.5484133333332,170965.83976666667,nfs
668,0.0,0.0,16777216.0,49152.0,256.0,8.0,32.0,256.0,10.932533333333334,15.629733333333334,54.4708,0.19113333333333335,4497.491366666666,3206.566733333333,902.3557666666667,257412.76493333335,11404.322515384616,5002.866613333333,1058.5484133333332,170965.83976666667,nfs
669,0.0,0.0,16777216.0,49152.0,256.0,16.0,16.0,256.0,1.9709333333333332,7.635233333333333,27.7495,0.6561333333333333,25075.131333333335,6620.9278,1771.2774333333334,75187.34483333334,11404.322515384616,5002.866613333333,1058.5484133333332,170965.83976666667,ave_nfs
670,0.0,0.0,16777216.0,49152.0,256.0,32.0,8.0,256.0,2.53755,3.821566666666666,25.571033333333332,0.134,19433.8416,13369.258266666666,1941.0700333333334,367454.81419999996,11404.322515384616,5002.866613333333,1058.5484133333332,170965.83976666667,ave_nfs
671,0.0,0.0,16777216.0,49152.0,512.0,4.0,128.0,512.0,11.196266666666666,33.02523333333333,108.79356666666666,0.34990000000000004,4392.3939,1488.9239666666665,451.7914333333333,140921.17309999999,12697.178074999998,6115.6826,1270.9436333333333,297808.33458333334,nfs
672,0.0,0.0,16777216.0,49152.0,512.0,8.0,64.0,512.0,10.844766666666667,17.7488,54.41536666666667,0.15336666666666668,4537.285266666667,2889.8940000000002,903.2747666666668,320503.0452666667,12697.178074999998,6115.6826,1270.9436333333333,297808.33458333334,nfs
673,0.0,0.0,16777216.0,49152.0,512.0,16.0,32.0,512.0,2.689633333333333,9.268066666666668,27.841066666666666,0.5811333333333333,18415.486133333336,5619.890899999999,1765.453166666667,84586.46896666667,12697.178074999998,6115.6826,1270.9436333333333,297808.33458333334,ave_nfs
674,0.0,0.0,16777216.0,49152.0,512.0,32.0,16.0,512.0,2.1551,3.4619,25.123866666666668,0.07623333333333333,23443.547000000002,14464.021533333333,1963.2551666666668,645222.651,12697.178074999998,6115.6826,1270.9436333333333,297808.33458333334,ave_nfs
675,0.0,0.0,16777216.0,49152.0,1024.0,8.0,128.0,1024.0,11.214533333333334,20.0838,54.44136666666666,0.22303333333333333,4383.687166666667,2449.1022333333335,902.8429666666667,221547.01846666666,15271.295388888893,8386.768977777778,1480.6546333333333,415125.2327555556,nfs
676,0.0,0.0,16777216.0,49152.0,1024.0,16.0,64.0,1024.0,3.3821,7.160833333333334,28.7431,0.3329333333333333,14991.023966666668,6904.549433333334,1716.2667666666666,147644.28819999998,15271.295388888893,8386.768977777778,1480.6546333333333,415125.2327555556,ave_nfs
677,0.0,0.0,16777216.0,49152.0,1024.0,32.0,32.0,1024.0,1.8676666666666666,3.1096,26.96653333333333,0.0567,26439.175033333333,15806.655266666667,1822.8541666666667,876184.3916000001,15271.295388888893,8386.768977777778,1480.6546333333333,415125.2327555556,ave_nfs
678,0.0,0.0,16777216.0,51200.0,2.0,1.0,2.0,2.0,11.081533333333333,86.51046666666667,,7.593666666666667,4638.891033333333,591.8388333333334,,6746.666166666667,5079.690483333333,649.5674166666668,,7253.684083333334,localssd
679,0.0,0.0,16777216.0,51200.0,2.0,2.0,1.0,2.0,9.626166666666666,72.56253333333332,228.63653333333332,6.5974,5520.489933333333,707.2959999999999,223.93619999999999,7760.702,5079.690483333333,649.5674166666668,223.93619999999999,7253.684083333334,nfs
680,0.0,0.0,16777216.0,51200.0,4.0,1.0,4.0,4.0,8.037733333333334,85.71886666666667,,4.142366666666667,6370.1257000000005,597.3018333333333,,12391.872966666668,7706.194966666666,1201.5487333333335,,13465.981933333334,localssd
681,0.0,0.0,16777216.0,51200.0,4.0,2.0,2.0,4.0,6.736633333333334,47.120066666666666,227.60569999999998,4.090466666666667,7665.806733333334,1086.6132,224.95043333333334,12524.300866666666,7706.194966666666,1201.5487333333335,333.2869166666666,13465.981933333334,nfs
682,0.0,0.0,16777216.0,51200.0,4.0,4.0,1.0,4.0,5.657933333333333,27.3215,115.93603333333334,3.3071333333333333,9082.652466666666,1920.7311666666665,441.62339999999995,15481.771966666667,7706.194966666666,1201.5487333333335,333.2869166666666,13465.981933333334,ave_nfs
683,0.0,0.0,16777216.0,51200.0,8.0,1.0,8.0,8.0,9.811533333333333,85.6517,,2.2809333333333335,5218.846733333333,597.7698666666666,,22453.202566666663,12103.681991666666,1554.9816416666665,,25200.03306666667,localssd
684,0.0,0.0,16777216.0,51200.0,8.0,2.0,4.0,8.0,4.4309666666666665,47.873799999999996,227.01106666666666,2.1894,11996.420666666667,1077.8294666666668,225.53966666666668,23385.076933333334,12103.681991666666,1554.9816416666665,514.6994888888889,25200.03306666667,nfs
685,0.0,0.0,16777216.0,51200.0,8.0,4.0,2.0,8.0,3.5022,25.924933333333332,114.85706666666665,2.1069,14901.269933333335,2005.7363333333333,445.7718,24301.507,12103.681991666666,1554.9816416666665,514.6994888888889,25200.03306666667,nfs
686,0.0,0.0,16777216.0,51200.0,8.0,8.0,1.0,8.0,3.1773000000000002,20.1885,58.66266666666667,1.6699000000000002,16298.190633333334,2538.5908999999997,872.7869999999999,30660.345766666665,12103.681991666666,1554.9816416666665,514.6994888888889,25200.03306666667,ave_nfs
687,0.0,0.0,16777216.0,51200.0,16.0,1.0,16.0,16.0,11.054533333333334,85.91623333333332,,1.4265666666666668,4631.8432,595.9331,,35962.103833333334,16239.599123076921,2195.539566666667,,37732.861626666665,localssd
688,0.0,0.0,16777216.0,51200.0,16.0,2.0,8.0,16.0,3.6189999999999998,68.51780000000001,226.70100000000002,1.2477,14458.922366666666,750.0833666666667,225.84813333333332,41055.999233333336,16239.599123076921,2195.539566666667,798.7018916666667,37732.861626666665,nfs
689,0.0,0.0,16777216.0,51200.0,16.0,4.0,4.0,16.0,2.2800333333333334,21.944599999999998,113.91253333333333,1.1216666666666668,22457.158866666665,2348.9744666666666,449.46763333333337,45649.1954,16239.599123076921,2195.539566666667,798.7018916666667,37732.861626666665,nfs
690,0.0,0.0,16777216.0,51200.0,16.0,8.0,2.0,16.0,2.3373,23.416433333333334,57.813966666666666,1.0666,22026.98675,2222.3500333333336,885.5998666666668,48005.58183333334,16239.599123076921,2195.539566666667,798.7018916666667,37732.861626666665,ave_nfs
691,0.0,0.0,16777216.0,51200.0,16.0,16.0,1.0,16.0,2.43855,10.802233333333334,31.336266666666663,2.845833333333333,21208.5209,5060.356866666666,1633.8919333333333,17991.427833333335,16239.599123076921,2195.539566666667,798.7018916666667,37732.861626666665,ave_nfs
692,0.0,0.0,16777216.0,51200.0,32.0,1.0,32.0,32.0,10.950133333333333,86.52140000000001,,0.956,4675.895733333334,591.7676666666666,,53569.2818,18704.94686,2063.733646666667,,66966.14836111112,localssd
693,0.0,0.0,16777216.0,51200.0,32.0,2.0,16.0,32.0,3.329466666666667,74.49316666666667,226.58513333333335,0.8868333333333333,15392.396200000001,690.4588666666667,225.96363333333332,57903.53926666667,18704.94686,2063.733646666667,1186.9502933333335,66966.14836111112,nfs
694,0.0,0.0,16777216.0,51200.0,32.0,4.0,8.0,32.0,1.9917333333333334,26.102966666666664,113.6185,0.6629,25817.85103333333,1996.6676333333332,450.63093333333336,77257.61816666667,18704.94686,2063.733646666667,1186.9502933333335,66966.14836111112,nfs
695,0.0,0.0,16777216.0,51200.0,32.0,8.0,4.0,32.0,2.2304333333333335,21.191466666666667,57.26173333333333,0.5572,23634.016066666667,2448.0907666666667,894.1394666666666,91921.19750000001,18704.94686,2063.733646666667,1186.9502933333335,66966.14836111112,nfs
696,0.0,0.0,16777216.0,51200.0,32.0,16.0,2.0,32.0,2.1758333333333333,12.056599999999998,30.352999999999998,2.1254,24004.575266666667,4591.6833,1687.1541333333334,24463.59833333333,18704.94686,2063.733646666667,1186.9502933333335,66966.14836111112,ave_nfs
697,0.0,0.0,16777216.0,51200.0,32.0,32.0,1.0,32.0,,,19.328533333333336,0.5322333333333333,,,2676.8633,96681.65509999999,,,1186.9502933333335,66966.14836111112,ave_nfs
698,0.0,0.0,16777216.0,51200.0,64.0,1.0,64.0,64.0,10.737833333333333,88.39730000000002,,0.9507666666666666,4769.052500000001,579.9927666666667,,53986.182700000005,18556.911161538465,2044.2991333333332,,100079.97875,localssd
699,0.0,0.0,16777216.0,51200.0,64.0,2.0,32.0,64.0,3.5934000000000004,80.20346666666667,226.52769999999998,0.7065,14250.953233333334,643.3569333333334,226.02093333333335,72857.9338,18556.911161538465,2044.2991333333332,1078.3036,100079.97875,nfs
700,0.0,0.0,16777216.0,51200.0,64.0,4.0,16.0,64.0,1.8759333333333332,26.67056666666667,113.49459999999999,0.5078,27299.9327,1953.5420000000001,451.1229666666666,101297.9068,18556.911161538465,2044.2991333333332,1078.3036,100079.97875,nfs
701,0.0,0.0,16777216.0,51200.0,64.0,8.0,8.0,64.0,1.9935333333333334,21.531233333333333,56.976866666666666,0.3826,25763.423033333336,2390.7454333333335,898.61,133835.66936666667,18556.911161538465,2044.2991333333332,1078.3036,100079.97875,nfs
702,0.0,0.0,16777216.0,51200.0,64.0,16.0,4.0,64.0,2.0488,11.851033333333334,29.44483333333333,1.016,24989.7607,4653.858533333333,1738.896,52880.73396666666,18556.911161538465,2044.2991333333332,1078.3036,100079.97875,ave_nfs
703,0.0,0.0,16777216.0,51200.0,64.0,32.0,2.0,64.0,,,25.8489,0.2758333333333333,,,2076.8681,185621.44586666665,,,1078.3036,100079.97875,ave_nfs
704,0.0,0.0,16777216.0,51200.0,128.0,1.0,128.0,128.0,11.7139,90.91579999999999,,0.9720666666666666,4370.9118,563.9099333333334,,52870.79373333333,19608.96832666667,1739.6910400000004,,139114.46318333334,localssd
705,0.0,0.0,16777216.0,51200.0,128.0,2.0,64.0,128.0,4.1143,69.4586,226.49009999999998,0.5913333333333334,12449.732566666666,741.2377333333334,226.05843333333334,86814.75033333333,19608.96832666667,1739.6910400000004,1007.3123066666667,139114.46318333334,nfs
706,0.0,0.0,16777216.0,51200.0,128.0,4.0,32.0,128.0,1.9456,28.23363333333333,113.38943333333334,0.3662,26317.260133333333,1822.3253333333332,451.54123333333337,140578.99289999998,19608.96832666667,1739.6910400000004,1007.3123066666667,139114.46318333334,nfs
707,0.0,0.0,16777216.0,51200.0,128.0,8.0,16.0,128.0,1.8605,22.301233333333332,56.80093333333334,0.26520000000000005,27523.3809,2316.0463999999997,901.3943666666665,193411.67553333333,19608.96832666667,1739.6910400000004,1007.3123066666667,139114.46318333334,nfs
708,0.0,0.0,16777216.0,51200.0,128.0,16.0,8.0,128.0,1.8746333333333334,16.1943,29.108099999999997,0.9019666666666666,27383.556233333336,3254.9357999999997,1758.9681666666668,57182.68823333333,19608.96832666667,1739.6910400000004,1007.3123066666667,139114.46318333334,ave_nfs
709,0.0,0.0,16777216.0,51200.0,128.0,32.0,4.0,128.0,,,30.776666666666667,0.16856666666666667,,,1698.5993333333333,303827.8783666667,,,1007.3123066666667,139114.46318333334,ave_nfs
710,0.0,0.0,16777216.0,98304.0,512.0,4.0,128.0,512.0,,70.54523333333333,,0.6854,,1394.135,,143505.99103333332,,1394.135,,143505.99103333332,localssd
711,0.0,0.0,67108864.0,1024.0,2.0,1.0,2.0,2.0,0.19720000000000001,0.9952,9.653233333333333,0.16176666666666667,5198.336933333333,1028.9419666666665,106.08553333333333,6344.860933333333,4527.3463,1435.89265,161.84373333333335,6628.577533333334,nfs
712,0.0,0.0,67108864.0,1024.0,2.0,2.0,1.0,2.0,0.27166666666666667,0.5565333333333333,4.705866666666666,0.14813333333333334,3856.3556666666664,1842.8433333333332,217.60193333333333,6912.294133333334,4527.3463,1435.89265,161.84373333333335,6628.577533333334,ave_nfs
713,0.0,0.0,67108864.0,1024.0,4.0,1.0,4.0,4.0,0.16463333333333333,1.0028666666666666,9.517666666666665,0.10153333333333332,6220.072433333334,1022.4117999999999,107.59696666666666,10105.419833333333,6867.668166666666,2339.8066000000003,252.87524444444443,11535.063011111111,nfs
714,0.0,0.0,67108864.0,1024.0,4.0,2.0,2.0,4.0,0.15846666666666667,0.44176666666666664,4.632133333333333,0.0852,6505.656166666667,2318.4976,221.06463333333332,12019.942166666668,6867.668166666666,2339.8066000000003,252.87524444444443,11535.063011111111,nfs
715,0.0,0.0,67108864.0,1024.0,4.0,4.0,1.0,4.0,0.1312,0.27923333333333333,2.3816,0.08206666666666666,7877.2759,3678.5104000000006,429.96413333333334,12479.827033333335,6867.668166666666,2339.8066000000003,252.87524444444443,11535.063011111111,ave_nfs
716,0.0,0.0,67108864.0,1024.0,8.0,1.0,8.0,8.0,0.20636666666666667,0.9767666666666667,9.471,0.060066666666666664,4962.3722,1048.7857000000001,108.20216666666666,17319.375266666666,9785.520783333333,2768.8233333333333,396.8417749999999,22081.647208333336,nfs
717,0.0,0.0,67108864.0,1024.0,8.0,2.0,4.0,8.0,0.1722,0.4085666666666667,4.595433333333333,0.04756666666666667,5954.754100000001,2508.5861666666665,222.8315,21541.126633333333,9785.520783333333,2768.8233333333333,396.8417749999999,22081.647208333336,nfs
718,0.0,0.0,67108864.0,1024.0,8.0,4.0,2.0,8.0,0.073,0.23399999999999999,2.337766666666667,0.0431,14245.160300000001,4398.591033333333,438.0255,23762.968133333332,9785.520783333333,2768.8233333333333,396.8417749999999,22081.647208333336,ave_nfs
719,0.0,0.0,67108864.0,1024.0,8.0,8.0,1.0,8.0,0.0757,0.3287333333333333,1.2534666666666665,0.03983333333333333,13979.796533333334,3119.330433333333,818.3079333333334,25703.1188,9785.520783333333,2768.8233333333333,396.8417749999999,22081.647208333336,ave_nfs
720,0.0,0.0,67108864.0,1024.0,16.0,1.0,16.0,16.0,0.21763333333333335,1.1502333333333332,9.421566666666667,0.04123333333333334,4706.587233333333,953.7278333333334,108.75383333333333,25312.7841,12808.737979999998,3573.306893333333,405.43659166666663,31342.71914,nfs
721,0.0,0.0,67108864.0,1024.0,16.0,2.0,8.0,16.0,0.25766666666666665,0.3814,4.565533333333334,0.03556666666666667,3977.0754666666667,2695.6679666666664,224.28836666666666,30687.673866666664,12808.737979999998,3573.306893333333,405.43659166666663,31342.71914,nfs
722,0.0,0.0,67108864.0,1024.0,16.0,4.0,4.0,16.0,0.07153333333333332,0.2347,2.3260666666666667,0.025966666666666666,15211.695233333332,4380.350566666667,440.25593333333336,39545.90123333333,12808.737979999998,3573.306893333333,405.43659166666663,31342.71914,ave_nfs
723,0.0,0.0,67108864.0,1024.0,16.0,8.0,2.0,16.0,0.0557,0.2872666666666666,1.2069999999999999,0.023533333333333333,18936.055666666667,3564.8127666666664,848.4482333333334,43490.177533333335,12808.737979999998,3573.306893333333,405.43659166666663,31342.71914,ave_nfs
724,0.0,0.0,67108864.0,1024.0,16.0,16.0,1.0,16.0,0.0483,0.16323333333333334,,0.05793333333333334,21212.2763,6271.975333333333,,17677.058966666667,12808.737979999998,3573.306893333333,,31342.71914,ave_localssd
725,0.0,0.0,67108864.0,4096.0,32.0,1.0,32.0,32.0,0.9097,4.3643,36.29673333333333,0.09383333333333332,4503.912933333333,945.7814,112.84783333333333,43774.54903333334,19895.441473333332,3520.239479999999,771.7076533333333,57522.99895555555,nfs
726,0.0,0.0,67108864.0,4096.0,32.0,2.0,16.0,32.0,0.2548333333333333,3.2015666666666664,18.1664,0.078,16071.680733333333,1345.0206,225.47113333333334,52824.273533333326,19895.441473333332,3520.239479999999,771.7076533333333,57522.99895555555,nfs
727,0.0,0.0,67108864.0,4096.0,32.0,4.0,8.0,32.0,0.1571,0.9819333333333334,9.126133333333334,0.0631,26091.499666666667,4608.380166666667,448.8209,64945.2259,19895.441473333332,3520.239479999999,771.7076533333333,57522.99895555555,nfs
728,0.0,0.0,67108864.0,4096.0,32.0,8.0,4.0,32.0,0.15396666666666667,1.1554,4.624733333333334,0.0542,26632.494933333335,3556.5505333333335,885.6810999999999,75545.29396666666,19895.441473333332,3520.239479999999,771.7076533333333,57522.99895555555,ave_nfs
729,0.0,0.0,67108864.0,4096.0,32.0,16.0,2.0,32.0,0.15653333333333333,0.5732333333333334,,0.17056666666666667,26177.6191,7145.4647,,25443.939599999998,19895.441473333332,3520.239479999999,,57522.99895555555,ave_localssd
730,0.0,0.0,67108864.0,4096.0,32.0,32.0,1.0,32.0,,,1.9540666666666666,0.04956666666666667,,,2185.7173,82604.7117,,,771.7076533333333,57522.99895555555,ave_nfs
731,0.0,0.0,67108864.0,4096.0,64.0,1.0,64.0,64.0,0.8919666666666667,5.5533,36.2828,0.08259999999999999,4592.533766666666,815.3771333333334,112.89093333333334,49588.8892,17657.275566666667,3393.9670266666667,567.4318266666668,91643.45951666665,nfs
732,0.0,0.0,67108864.0,4096.0,64.0,2.0,32.0,64.0,0.2814666666666667,2.1284666666666667,18.145833333333332,0.05803333333333333,14558.2819,2298.0014333333334,225.72663333333333,70934.21496666667,17657.275566666667,3393.9670266666667,567.4318266666668,91643.45951666665,nfs
733,0.0,0.0,67108864.0,4096.0,64.0,4.0,16.0,64.0,0.2889,2.1917666666666666,9.109933333333332,0.045399999999999996,14238.259033333334,3077.1216999999997,449.62076666666667,90447.21776666667,17657.275566666667,3393.9670266666667,567.4318266666668,91643.45951666665,nfs
734,0.0,0.0,67108864.0,4096.0,64.0,8.0,8.0,64.0,0.15326666666666666,1.0728,4.6039,0.0376,26764.099933333335,3818.0623333333333,889.6891333333333,108973.85716666665,17657.275566666667,3393.9670266666667,567.4318266666668,91643.45951666665,ave_nfs
735,0.0,0.0,67108864.0,4096.0,64.0,16.0,4.0,64.0,0.14563333333333334,0.5918333333333333,,0.07913333333333333,28133.2032,6961.272533333333,,57272.54983333333,17657.275566666667,3393.9670266666667,,91643.45951666665,ave_localssd
736,0.0,0.0,67108864.0,4096.0,64.0,32.0,2.0,64.0,,,3.5662333333333334,0.023733333333333332,,,1159.2316666666666,172644.02816666666,,,567.4318266666668,91643.45951666665,ave_nfs
737,0.0,0.0,67108864.0,5120.0,2.0,1.0,2.0,2.0,1.6072,6.800066666666666,46.17366666666667,0.8195,3524.9234333333334,790.7333,110.88576666666667,6251.079466666667,4753.1981000000005,1149.7973166666668,164.65435,6736.662033333334,nfs
738,0.0,0.0,67108864.0,5120.0,2.0,2.0,1.0,2.0,0.8604666666666666,4.4052,23.440766666666665,0.7094333333333332,5981.472766666667,1508.8613333333333,218.42293333333336,7222.244599999999,4753.1981000000005,1149.7973166666668,164.65435,6736.662033333334,ave_nfs
739,0.0,0.0,67108864.0,5120.0,4.0,1.0,4.0,4.0,0.8543666666666666,5.4052,45.75103333333333,0.3995666666666667,6063.815833333334,948.5537333333333,111.9101,12816.4453,9322.722077777777,1992.762822222222,256.08115555555554,13227.0669,nfs
740,0.0,0.0,67108864.0,5120.0,4.0,2.0,2.0,4.0,0.4464666666666666,3.587566666666667,23.121433333333332,0.41369999999999996,11508.961366666665,1580.0145666666667,221.43946666666668,12378.807933333332,9322.722077777777,1992.762822222222,256.08115555555554,13227.0669,nfs
741,0.0,0.0,67108864.0,5120.0,4.0,4.0,1.0,4.0,0.49276666666666663,1.5270666666666666,11.773000000000001,0.35346666666666665,10395.389033333333,3449.7201666666665,434.89390000000003,14485.947466666667,9322.722077777777,1992.762822222222,256.08115555555554,13227.0669,ave_nfs
742,0.0,0.0,67108864.0,5120.0,8.0,1.0,8.0,8.0,0.9880333333333334,8.503966666666667,45.602000000000004,0.29096666666666665,5186.7885,604.5571,112.27596666666666,17629.879733333335,14535.199716666668,2432.781225,410.2781916666666,23098.236958333335,nfs
743,0.0,0.0,67108864.0,5120.0,8.0,2.0,4.0,8.0,0.31816666666666665,3.5683666666666665,22.8729,0.23063333333333333,16111.323233333334,1941.631566666667,223.84593333333336,22198.470866666667,14535.199716666668,2432.781225,410.2781916666666,23098.236958333335,nfs
744,0.0,0.0,67108864.0,5120.0,8.0,4.0,2.0,8.0,0.3068666666666667,1.3679,11.590133333333334,0.21209999999999998,16735.1416,3942.2214666666664,441.75413333333336,24142.690966666665,14535.199716666668,2432.781225,410.2781916666666,23098.236958333335,ave_nfs
745,0.0,0.0,67108864.0,5120.0,8.0,8.0,1.0,8.0,0.25566666666666665,1.5789333333333333,5.931166666666667,0.18016666666666667,20107.545533333334,3242.7147666666665,863.2367333333333,28421.90626666667,14535.199716666668,2432.781225,410.2781916666666,23098.236958333335,ave_nfs
746,0.0,0.0,67108864.0,5120.0,16.0,1.0,16.0,16.0,1.1335666666666666,6.540633333333333,45.45153333333334,0.17003333333333334,4517.112233333333,783.907,112.64756666666666,30155.41026666667,18377.206313333332,3296.10572,415.58105,33205.59088,nfs
747,0.0,0.0,67108864.0,5120.0,16.0,2.0,8.0,16.0,0.32083333333333336,4.723133333333333,22.772466666666663,0.17053333333333334,15960.108966666667,1309.6458333333333,224.83286666666666,30299.170733333332,18377.206313333332,3296.10572,415.58105,33205.59088,nfs
748,0.0,0.0,67108864.0,5120.0,16.0,4.0,4.0,16.0,0.244,1.2504666666666666,11.4642,0.12043333333333334,20993.143533333332,4322.069533333333,446.6086,42568.846,18377.206313333332,3296.10572,415.58105,33205.59088,ave_nfs
749,0.0,0.0,67108864.0,5120.0,16.0,8.0,2.0,16.0,0.2048,1.4163,5.8299666666666665,0.1135,25070.492,3615.0172333333335,878.2351666666667,45106.28076666666,18377.206313333332,3296.10572,415.58105,33205.59088,ave_nfs
750,0.0,0.0,67108864.0,5120.0,16.0,16.0,1.0,16.0,0.20233333333333334,0.7938333333333333,,0.28606666666666664,25345.174833333334,6449.889,,17898.246633333332,18377.206313333332,3296.10572,,33205.59088,ave_localssd
751,0.0,0.0,67108864.0,32768.0,512.0,4.0,128.0,512.0,6.930666666666667,24.926299999999998,72.4982,0.25620000000000004,4729.5506,1320.3017666666667,451.9835,128372.86643333333,15238.595981818185,6623.056108333333,1453.23792,279834.61224166665,nfs
752,0.0,0.0,67108864.0,32768.0,512.0,8.0,64.0,512.0,6.7774,8.742433333333333,36.359100000000005,0.12246666666666667,4837.563766666667,3749.5397666666668,901.2348666666667,267689.1584,15238.595981818185,6623.056108333333,1453.2379200000003,279834.61224166665,nfs
753,0.0,0.0,67108864.0,32768.0,512.0,16.0,32.0,512.0,1.2644,6.962,18.3942,0.35779999999999995,26190.14265,5714.4847,1781.4344666666668,91646.12483333332,15238.595981818185,6623.056108333333,1453.2379200000003,279834.61224166665,ave_nfs
754,0.0,0.0,67108864.0,32768.0,512.0,32.0,16.0,512.0,1.1361,2.0861,16.3008,0.0519,28847.642466666668,15707.898200000001,2010.7959,631630.2993,15238.595981818185,6623.056108333333,1453.2379200000003,279834.61224166665,ave_nfs
755,0.0,0.0,67108864.0,49152.0,64.0,1.0,64.0,64.0,10.168866666666666,85.32286666666666,,0.8495333333333334,4833.647266666667,577.0187333333333,,58603.80789999999,19712.38239333333,2384.4468933333333,,101597.86680555558,localssd
756,0.0,0.0,67108864.0,49152.0,64.0,2.0,32.0,64.0,3.5073333333333334,76.84663333333333,217.45209999999997,0.6362333333333333,14017.402333333333,640.8641666666666,226.03596666666667,78299.64693333334,19712.38239333333,2384.4468933333333,1025.4983714285715,101597.86680555558,nfs
757,0.0,0.0,67108864.0,49152.0,64.0,4.0,16.0,64.0,1.8800333333333334,24.7794,108.9527,0.46213333333333334,26163.744166666667,1999.1687333333332,451.13145,106620.33840000001,19712.38239333333,2384.4468933333333,1025.4983714285715,101597.86680555558,nfs
758,0.0,0.0,67108864.0,49152.0,64.0,8.0,8.0,64.0,1.8004,16.737933333333334,54.7149,0.37283333333333335,27309.6257,2947.227033333333,898.3294333333333,131832.14773333332,19712.38239333333,2384.4468933333333,1025.4983714285715,101597.86680555558,nfs
759,0.0,0.0,67108864.0,49152.0,64.0,16.0,4.0,64.0,1.8811666666666669,8.689733333333333,28.32896666666667,1.096,26237.492500000004,5757.955800000001,1735.1181666666669,45290.1587,19712.38239333333,2384.4468933333333,1025.4983714285715,101597.86680555558,ave_nfs
760,0.0,0.0,67108864.0,49152.0,64.0,32.0,2.0,64.0,,,30.240933333333334,0.26016666666666666,,,1625.4212,188941.10116666663,,,1025.4983714285715,101597.86680555558,ave_nfs
761,0.0,0.0,67108864.0,49152.0,128.0,1.0,128.0,128.0,11.581266666666666,87.26193333333333,,0.9549333333333333,4256.3011,564.0891333333333,,51543.92246666667,19505.11831333333,2045.6761733333333,,142562.8765111111,localssd
762,0.0,0.0,67108864.0,49152.0,128.0,2.0,64.0,128.0,3.9663,68.66760000000001,217.43346666666665,0.5655333333333333,12392.5447,715.9520666666667,226.0553,87077.10373333334,19505.11831333333,2045.6761733333333,1068.6908076923078,142562.8765111111,nfs
763,0.0,0.0,67108864.0,49152.0,128.0,4.0,32.0,128.0,1.8094000000000001,25.8815,108.8309,0.3743666666666667,27170.51283333333,1903.0448333333334,451.6365,132365.25356666665,19505.11831333333,2045.6761733333333,1068.6908076923078,142562.8765111111,nfs
764,0.0,0.0,67108864.0,49152.0,128.0,8.0,16.0,128.0,1.8299333333333332,17.090866666666667,54.52473333333334,0.2463,26869.955066666666,2879.097333333333,901.4631333333333,199846.74933333334,19505.11831333333,2045.6761733333333,1068.6908076923078,142562.8765111111,nfs
765,0.0,0.0,67108864.0,49152.0,128.0,16.0,8.0,128.0,1.8359666666666667,11.875,27.990433333333332,0.6554333333333333,26836.277866666667,4166.1975,1756.0535,75240.8095,19505.11831333333,2045.6761733333333,1068.6908076923078,142562.8765111111,ave_nfs
766,0.0,0.0,67108864.0,49152.0,128.0,32.0,4.0,128.0,,,30.885166666666667,0.15893333333333334,,,1596.8760666666667,309303.42046666663,,,1068.6908076923078,142562.8765111111,ave_nfs
767,0.0,0.0,67108864.0,49152.0,256.0,1.0,256.0,256.0,13.213866666666666,351.37646666666666,,0.9089666666666667,3738.2153,140.00096666666667,,54307.08729999999,13524.434040000002,5236.926673333333,,168203.52192777777,localssd
768,0.0,0.0,67108864.0,49152.0,256.0,2.0,128.0,256.0,,,217.3727,0.6587666666666667,,,226.11856666666665,74621.34866666667,,,1177.6534153846153,168203.52192777777,nfs
769,0.0,0.0,67108864.0,49152.0,256.0,4.0,64.0,256.0,10.973033333333333,34.64823333333334,108.7125,0.27440000000000003,4479.7215,1458.6570666666667,452.1284,181682.94376666666,13524.434040000002,5236.926673333333,1177.6534153846153,168203.52192777777,nfs
770,0.0,0.0,67108864.0,49152.0,256.0,8.0,32.0,256.0,11.061633333333333,15.328133333333334,54.46533333333334,0.19113333333333335,4443.655133333334,3219.0336666666667,902.4454333333333,257211.95346666666,13524.434040000002,5236.926673333333,1177.6534153846153,168203.52192777777,nfs
771,0.0,0.0,67108864.0,49152.0,256.0,16.0,16.0,256.0,1.7937,9.0059,27.6996,0.6165666666666666,27421.624633333337,5743.4968,1774.4787333333334,80001.34923333333,13524.434040000002,5236.926673333333,1177.6534153846153,168203.52192777777,ave_nfs
772,0.0,0.0,67108864.0,49152.0,256.0,32.0,8.0,256.0,1.7963666666666664,3.1460000000000004,24.281633333333332,0.1363,27538.953633333334,15623.444866666667,2049.4126,361396.4491333333,13524.434040000002,5236.926673333333,1177.6534153846153,168203.52192777777,ave_nfs
773,0.0,0.0,67108864.0,51200.0,2.0,1.0,2.0,2.0,11.108866666666666,86.91113333333332,,7.8884,4646.512266666667,589.1102333333333,,6495.5134,4686.656466666666,660.35955,,6980.902033333335,localssd
774,0.0,0.0,67108864.0,51200.0,2.0,2.0,1.0,2.0,10.858933333333333,70.0927,228.62890000000002,6.858433333333333,4726.800666666666,731.6088666666666,223.94366666666664,7466.290666666667,4686.656466666666,660.35955,223.94366666666664,6980.902033333335,nfs
775,0.0,0.0,67108864.0,51200.0,4.0,1.0,4.0,4.0,8.2012,85.6392,,4.1699,6253.113633333333,597.8570333333333,,12314.030899999998,7771.843733333332,1286.7037444444443,,13497.384266666668,localssd
776,0.0,0.0,67108864.0,51200.0,4.0,2.0,2.0,4.0,5.991666666666667,42.5542,227.59400000000002,4.019233333333333,8549.514433333332,1204.5203666666666,224.96196666666665,12739.346633333334,7771.843733333332,1286.7037444444443,311.88576,13497.384266666668,nfs
777,0.0,0.0,67108864.0,51200.0,4.0,4.0,1.0,4.0,6.0353,24.9113,115.76599999999999,3.316333333333333,8512.903133333333,2057.733833333333,442.27144999999996,15438.775266666666,7771.843733333332,1286.7037444444443,311.88576,13497.384266666668,ave_nfs
778,0.0,0.0,67108864.0,51200.0,8.0,1.0,8.0,8.0,10.0723,87.71656666666667,,2.3671333333333333,5093.039633333333,584.3526,,21634.281766666667,10742.889716666667,1444.00925,,25116.92193333333,localssd
779,0.0,0.0,67108864.0,51200.0,8.0,2.0,4.0,8.0,5.505433333333333,56.08846666666667,227.01573333333332,2.1489,9680.4086,924.4641666666666,225.53506666666667,23840.92986666667,10742.889716666667,1444.00925,489.20970000000005,25116.92193333333,nfs
780,0.0,0.0,67108864.0,51200.0,8.0,4.0,2.0,8.0,3.547,27.75616666666667,114.85040000000001,2.0991999999999997,14518.6198,1856.2604666666666,445.79735,24390.291500000003,10742.889716666667,1444.00925,489.2097,25116.92193333333,nfs
781,0.0,0.0,67108864.0,51200.0,8.0,8.0,1.0,8.0,4.009066666666667,21.3386,67.5648,1.6731,13679.490833333335,2410.959766666667,781.8258999999999,30602.184599999997,10742.889716666667,1444.00925,489.20970000000005,25116.92193333333,ave_nfs
782,0.0,0.0,67108864.0,51200.0,16.0,1.0,16.0,16.0,11.066833333333333,85.85216666666666,,1.4054000000000002,4626.841966666667,596.3751333333333,,36494.68746666666,17729.056086666664,2084.4375,,37677.31023333333,localssd
783,0.0,0.0,67108864.0,51200.0,16.0,2.0,8.0,16.0,2.9896,65.3616,226.68536666666668,1.2882,17127.868466666667,787.7630333333333,225.8637,39770.07233333334,17729.056086666664,2084.4375,829.2733545454544,37677.31023333333,nfs
784,0.0,0.0,67108864.0,51200.0,16.0,4.0,4.0,16.0,2.300266666666667,24.443966666666665,113.89745,1.1071333333333333,22445.571133333335,2122.0686,449.52715,46253.43236666667,17729.056086666664,2084.4375,829.2733545454544,37677.31023333333,nfs
785,0.0,0.0,67108864.0,51200.0,16.0,8.0,2.0,16.0,2.4238,19.9599,57.8228,1.0666,21125.748566666665,2568.0961666666667,885.4639999999999,48005.6812,17729.056086666664,2084.4375,829.2733545454544,37677.31023333333,ave_nfs
786,0.0,0.0,67108864.0,51200.0,16.0,16.0,1.0,16.0,2.1980333333333335,12.109333333333334,31.418366666666667,2.8663000000000003,23319.2503,4347.884566666667,1629.6565,17862.6778,17729.056086666664,2084.4375,829.2733545454544,37677.31023333333,ave_nfs
787,0.0,0.0,67108864.0,51200.0,32.0,1.0,32.0,32.0,10.864233333333333,86.56806666666667,,0.9465,4712.914366666667,591.4544999999999,,54122.0045,19151.12928666667,2173.896153333333,,67560.32354444446,localssd
788,0.0,0.0,67108864.0,51200.0,32.0,2.0,16.0,32.0,3.1994000000000002,73.3074,226.56663333333333,0.8624,16010.436366666667,698.9920333333333,225.98206666666667,59873.612766666665,19151.12928666667,2173.896153333333,1297.5896285714286,67560.32354444446,nfs
789,0.0,0.0,67108864.0,51200.0,32.0,4.0,8.0,32.0,1.9811333333333334,25.06833333333333,113.63149999999999,0.6779333333333333,25956.6103,2052.577733333333,450.5793,75730.89383333334,19151.12928666667,2173.896153333333,1297.5896285714286,67560.32354444446,nfs
790,0.0,0.0,67108864.0,51200.0,32.0,8.0,4.0,32.0,2.051066666666667,21.44536666666667,57.26103333333333,0.5651333333333334,25028.468033333334,2418.4910333333332,894.1514999999999,90623.88909999999,19151.12928666667,2173.896153333333,1297.5896285714286,67560.32354444446,nfs
791,0.0,0.0,67108864.0,51200.0,32.0,16.0,2.0,32.0,2.175133333333333,10.224533333333333,30.74116666666667,1.9526333333333332,24047.217366666668,5107.9654666666665,1665.6230666666668,26230.584766666667,19151.12928666667,2173.896153333333,1297.5896285714286,67560.32354444446,ave_nfs
792,0.0,0.0,67108864.0,51200.0,32.0,32.0,1.0,32.0,,,17.243399999999998,0.5185666666666666,,,2969.2754333333337,98780.9563,,,1297.5896285714286,67560.32354444446,ave_nfs
793,0.0,0.0,67108864.0,98304.0,128.0,4.0,32.0,128.0,,71.74453333333334,,,,1372.7555333333332,,,,2877.2831,,,localssd
794,0.0,0.0,67108864.0,98304.0,128.0,8.0,16.0,128.0,,37.24646666666667,,,,2647.5467000000003,,,,2877.2831,,,localssd
795,0.0,0.0,67108864.0,98304.0,128.0,16.0,8.0,128.0,,21.422433333333334,,,,4611.547066666667,,,,2877.2831,,,ave_localssd
796,0.0,0.0,67108864.0,98304.0,256.0,4.0,64.0,256.0,,88.10926666666667,,,,1143.9769999999999,,,,1143.9769999999999,,,localssd
797,0.0,0.0,67108864.0,98304.0,512.0,4.0,128.0,512.0,,77.07603333333333,,0.6573666666666667,,1279.5506333333333,,149938.10713333334,,1279.5506333333333,,149938.10713333334,localssd
798,0.0,0.0,268435456.0,1024.0,2.0,1.0,2.0,2.0,0.22196666666666665,1.0195,9.395366666666666,0.16490000000000002,4674.032433333334,1004.4714666666667,108.99286666666667,6213.778366666666,4318.730783333333,1427.399583333333,163.36476666666667,6544.94365,nfs
799,0.0,0.0,268435456.0,1024.0,2.0,2.0,1.0,2.0,0.25876666666666664,0.5562666666666667,4.702933333333333,0.1489,3963.4291333333335,1850.3276999999998,217.73666666666668,6876.108933333333,4318.730783333333,1427.399583333333,163.36476666666667,6544.94365,ave_nfs
800,0.0,0.0,268435456.0,1024.0,4.0,1.0,4.0,4.0,0.1675333333333333,0.9968,9.314866666666667,0.09716666666666667,6112.724066666667,1028.2507333333333,109.94756666666667,10575.214866666667,6689.859844444444,2368.5200999999997,254.04752222222226,11684.884433333333,nfs
801,0.0,0.0,268435456.0,1024.0,4.0,2.0,2.0,4.0,0.14659999999999998,0.4546333333333334,4.6334,0.08513333333333334,7018.240333333332,2256.540033333333,221.00346666666667,12031.463633333333,6689.859844444444,2368.5200999999997,254.04752222222226,11684.884433333333,nfs
802,0.0,0.0,268435456.0,1024.0,4.0,4.0,1.0,4.0,0.14783333333333334,0.268,2.374833333333333,0.08226666666666667,6938.615133333333,3820.7695333333336,431.1915333333333,12447.974800000002,6689.859844444444,2368.5200999999997,254.04752222222226,11684.884433333333,ave_nfs
803,0.0,0.0,268435456.0,4096.0,8.0,1.0,8.0,8.0,0.7899333333333334,6.9994000000000005,36.462700000000005,0.1894,5188.010966666666,585.7761,112.334,21654.670766666666,12907.939641666666,2377.8740916666666,410.2162,23914.870333333336,nfs
804,0.0,0.0,268435456.0,4096.0,8.0,2.0,4.0,8.0,0.2531333333333334,3.6870999999999996,18.289666666666665,0.18536666666666668,16194.312633333333,1427.3852333333332,223.95176666666666,22100.804533333332,12907.939641666666,2377.8740916666666,410.2162,23914.870333333336,nfs
805,0.0,0.0,268435456.0,4096.0,8.0,4.0,2.0,8.0,0.25343333333333334,0.9284,9.279366666666666,0.17103333333333334,16168.357333333333,4414.148266666667,441.4115,23954.605733333334,12907.939641666666,2377.8740916666666,410.2162,23914.870333333336,ave_nfs
806,0.0,0.0,268435456.0,4096.0,8.0,8.0,1.0,8.0,0.29106666666666664,1.3297666666666668,4.7453,0.14656666666666665,14081.077633333334,3084.186766666667,863.1675333333333,27949.400299999998,12907.939641666666,2377.8740916666666,410.2162,23914.870333333336,ave_nfs
807,0.0,0.0,268435456.0,4096.0,16.0,1.0,16.0,16.0,0.9054000000000001,5.1098,36.352399999999996,0.13366666666666668,4524.252799999999,828.1265,112.67473333333334,30728.556766666665,16236.10346,3587.436366666667,415.2614249999999,34655.08477333333,nfs
808,0.0,0.0,268435456.0,4096.0,16.0,2.0,8.0,16.0,0.2481,1.5107333333333335,18.212266666666668,0.1105,16551.864866666667,2711.5458,224.90346666666665,37172.506433333336,16236.10346,3587.436366666667,415.2614249999999,34655.08477333333,nfs
809,0.0,0.0,268435456.0,4096.0,16.0,4.0,4.0,16.0,0.20753333333333335,0.9243333333333333,9.1605,0.09806666666666668,19999.7558,4594.569466666667,447.1368,41914.083033333336,16236.10346,3587.436366666667,415.2614249999999,34655.08477333333,ave_nfs
810,0.0,0.0,268435456.0,4096.0,16.0,8.0,2.0,16.0,0.2613666666666667,1.2041333333333333,4.674066666666667,0.08983333333333333,15675.178333333335,3422.9393333333333,876.3307,45626.91093333333,16236.10346,3587.436366666667,415.2614249999999,34655.08477333333,ave_nfs
811,0.0,0.0,268435456.0,4096.0,16.0,16.0,1.0,16.0,0.17276666666666665,0.642,,0.22966666666666669,24429.465500000002,6380.000733333334,,17833.3667,16236.10346,3587.436366666667,,34655.08477333333,ave_localssd
812,0.0,0.0,268435456.0,5120.0,2.0,1.0,2.0,2.0,1.0465666666666666,6.8290999999999995,46.134299999999996,0.7395666666666667,4895.347433333333,822.5437000000001,110.98033333333335,6936.8731,5326.841916666667,1280.4936833333334,164.7139,7159.48975,nfs
813,0.0,0.0,268435456.0,5120.0,2.0,2.0,1.0,2.0,0.8958666666666667,3.0235,23.438133333333337,0.6936,5758.3364,1738.4436666666668,218.44746666666666,7382.1064,5326.841916666667,1280.4936833333334,164.7139,7159.48975,ave_nfs
814,0.0,0.0,268435456.0,5120.0,4.0,1.0,4.0,4.0,0.7829,6.038799999999999,45.81726666666666,0.39693333333333336,6539.9238000000005,849.9173999999999,111.7484,12954.454233333332,8817.600622222222,1967.3925222222217,256.1767222222222,13221.384677777774,nfs
815,0.0,0.0,268435456.0,5120.0,4.0,2.0,2.0,4.0,0.47606666666666664,5.083233333333333,23.1157,0.41536666666666666,10805.021666666667,1300.8647333333333,221.49443333333332,12325.9378,8817.600622222222,1967.3925222222217,256.1767222222222,13221.384677777774,nfs
816,0.0,0.0,268435456.0,5120.0,4.0,4.0,1.0,4.0,0.5632333333333334,1.3661666666666665,11.762333333333332,0.3559666666666667,9107.856399999999,3751.395433333333,435.2873333333334,14383.762,8817.600622222222,1967.3925222222217,256.1767222222222,13221.384677777774,ave_nfs
817,0.0,0.0,268435456.0,32768.0,128.0,1.0,128.0,128.0,7.572766666666666,57.2794,,0.6550666666666666,4327.0752,573.4199,,50057.935,19613.25548,2222.1014466666666,,142181.97540555557,localssd
818,0.0,0.0,268435456.0,32768.0,128.0,2.0,64.0,128.0,2.6022666666666665,45.346900000000005,144.96776666666668,0.375,12599.067633333334,732.4499666666667,226.03643333333332,87849.773,19613.25548,2222.1014466666666,1087.670825,142181.97540555557,nfs
819,0.0,0.0,268435456.0,32768.0,128.0,4.0,32.0,128.0,1.2295666666666667,14.4786,,0.2508333333333333,26652.732533333332,2355.2111,,130696.88540000001,19613.25548,2222.1014466666666,,142181.97540555557,ave_localssd
820,0.0,0.0,268435456.0,32768.0,128.0,8.0,16.0,128.0,1.2060666666666666,12.525733333333333,36.367799999999995,0.16256666666666666,27186.13266666667,2632.6188333333334,901.0169666666667,201839.29246666667,19613.25548,2222.1014466666666,1087.670825,142181.97540555557,nfs
821,0.0,0.0,268435456.0,32768.0,128.0,16.0,8.0,128.0,1.2013666666666667,7.714266666666667,18.609399999999997,0.41086666666666666,27301.269366666664,4816.807433333333,1760.8415666666667,79771.7279,19613.25548,2222.1014466666666,1087.670825,142181.97540555557,ave_nfs
822,0.0,0.0,268435456.0,32768.0,128.0,32.0,4.0,128.0,,,22.417133333333336,0.1082,,,1462.7883333333332,302876.2386666667,,,1087.670825,142181.97540555557,ave_nfs
823,0.0,0.0,268435456.0,49152.0,16.0,1.0,16.0,16.0,10.572133333333333,84.6182,,1.3004,4649.3413666666665,581.7686,,37852.09096666666,17211.809666666664,2248.0109599999996,,37638.517146666665,localssd
824,0.0,0.0,268435456.0,49152.0,16.0,2.0,8.0,16.0,3.0235,63.43796666666666,217.63746666666665,1.2937,16275.499666666665,779.7961666666666,225.84346666666667,38110.6395,17211.809666666664,2248.0109599999996,914.8515666666667,37638.517146666665,nfs
825,0.0,0.0,268435456.0,49152.0,16.0,4.0,4.0,16.0,2.2702,21.871866666666666,,1.0623,21748.893666666667,2252.6271333333334,,46268.675233333335,17211.809666666664,2248.0109599999996,,37638.517146666665,ave_localssd
826,0.0,0.0,268435456.0,49152.0,16.0,8.0,2.0,16.0,2.2064666666666666,23.53663333333333,55.5426,1.0232666666666665,22417.907466666667,2141.5260999999996,884.9423666666667,48034.83706666667,17211.809666666664,2248.0109599999996,914.8515666666667,37638.517146666665,nfs
827,0.0,0.0,268435456.0,49152.0,16.0,16.0,1.0,16.0,2.3691666666666666,9.342633333333334,30.0851,2.7418666666666667,20967.406166666668,5484.3368,1633.7688666666666,17926.342966666667,17211.809666666664,2248.0109599999996,914.8515666666667,37638.517146666665,ave_nfs
828,0.0,0.0,268435456.0,49152.0,32.0,1.0,32.0,32.0,10.394333333333334,83.04693333333334,,0.9371,4728.7398,591.8799,,52478.3598,18870.593586666666,2189.2290533333335,,68177.39997222222,localssd
829,0.0,0.0,268435456.0,49152.0,32.0,2.0,16.0,32.0,3.2588333333333335,72.21163333333334,217.49983333333333,0.7901333333333334,15160.188266666666,682.8220333333334,225.98636666666667,62272.81853333333,18870.593586666666,2189.2290533333335,1431.130475,68177.39997222222,nfs
830,0.0,0.0,268435456.0,49152.0,32.0,4.0,8.0,32.0,1.9316000000000002,22.16033333333333,,0.6254,25536.794666666665,2255.1753,,78594.26766666667,18870.593586666666,2189.2290533333335,,68177.39997222222,ave_localssd
831,0.0,0.0,268435456.0,49152.0,32.0,8.0,4.0,32.0,2.1020333333333334,18.792066666666667,54.9942,0.5330666666666667,23643.777966666665,2631.1733666666664,893.7668666666667,92207.48359999999,18870.593586666666,2189.2290533333335,1431.130475,68177.39997222222,nfs
832,0.0,0.0,268435456.0,49152.0,32.0,16.0,2.0,32.0,1.9560666666666666,10.903766666666668,29.6533,2.154,25283.467233333333,4785.094666666667,1657.5640666666666,23119.288166666665,18870.593586666666,2189.2290533333335,1431.130475,68177.39997222222,ave_nfs
833,0.0,0.0,268435456.0,49152.0,32.0,32.0,1.0,32.0,,,16.6824,0.48963333333333336,,,2947.2045999999996,100392.18206666666,,,1431.130475,68177.39997222222,ave_nfs
834,0.0,0.0,268435456.0,49152.0,64.0,1.0,64.0,64.0,10.221233333333332,82.36676666666666,,0.8023000000000001,4808.990833333333,596.7571333333334,,61427.65266666667,19166.34316,2443.235346666667,,105171.71126111112,localssd
835,0.0,0.0,268435456.0,49152.0,64.0,2.0,32.0,64.0,3.4688,77.33116666666666,217.45903333333334,0.7249333333333333,14180.0233,636.0022,226.02873333333332,67929.94546666667,19166.34316,2443.235346666667,1249.1673333333333,105171.71126111112,nfs
836,0.0,0.0,268435456.0,49152.0,64.0,4.0,16.0,64.0,1.9456333333333333,25.602733333333333,,0.44273333333333326,25410.093066666668,1920.3554333333334,,111087.065,19166.34316,2443.235346666667,,105171.71126111112,localssd
837,0.0,0.0,268435456.0,49152.0,64.0,8.0,8.0,64.0,1.9753666666666667,19.390266666666665,54.7014,0.33949999999999997,25051.383733333332,2541.2236333333335,898.5511333333334,144916.27173333333,19166.34316,2443.235346666667,1249.1673333333333,105171.71126111112,nfs
838,0.0,0.0,268435456.0,49152.0,64.0,16.0,4.0,64.0,1.8678333333333335,7.554033333333333,28.214266666666663,0.9162333333333333,26381.224866666667,6521.838333333333,1742.0993333333333,55871.01456666667,19166.34316,2443.235346666667,1249.1673333333333,105171.71126111112,ave_nfs
839,0.0,0.0,268435456.0,49152.0,64.0,32.0,2.0,64.0,,,23.895233333333334,0.259,,,2129.9901333333332,189798.31813333332,,,1249.1673333333333,105171.71126111112,ave_nfs
840,0.0,0.0,268435456.0,51200.0,2.0,1.0,2.0,2.0,11.136766666666666,90.37323333333335,,8.096566666666666,4612.385333333333,567.0912,,6344.248766666667,4717.58995,573.3380000000001,,6933.289633333334,localssd
841,0.0,0.0,268435456.0,51200.0,2.0,2.0,1.0,2.0,10.6385,88.43156666666668,228.61383333333333,6.8068333333333335,4822.7945666666665,579.5848,223.95846666666668,7522.3305,4717.58995,573.3380000000001,223.95846666666668,6933.289633333334,nfs
842,0.0,0.0,268435456.0,51200.0,4.0,1.0,4.0,4.0,8.0588,85.6739,,4.025566666666667,6355.544833333333,597.6149333333333,,12721.189766666668,7804.5676111111125,1182.4837666666667,,13732.863911111112,localssd
843,0.0,0.0,268435456.0,51200.0,4.0,2.0,2.0,4.0,5.973199999999999,45.292,227.5871,3.9385666666666665,8581.204066666667,1134.9702333333335,224.96876666666665,13000.271433333333,7804.5676111111125,1182.4837666666667,224.96876666666665,13732.863911111112,nfs
844,0.0,0.0,268435456.0,51200.0,4.0,4.0,1.0,4.0,6.113066666666666,29.273133333333334,,3.3081333333333336,8476.953933333332,1814.8661333333332,,15477.130533333335,7804.5676111111125,1182.4837666666667,,13732.863911111112,ave_localssd
845,0.0,0.0,268435456.0,51200.0,8.0,1.0,8.0,8.0,9.795233333333334,85.646,,2.2391,5227.603766666667,597.813,,22949.472233333334,11771.860758333334,1515.1090333333334,,25345.48716666667,localssd
846,0.0,0.0,268435456.0,51200.0,8.0,2.0,4.0,8.0,4.434733333333333,45.06913333333333,226.98846666666668,2.1826666666666665,11831.193999999998,1136.3770000000002,225.56216666666668,23457.817,11771.860758333334,1515.1090333333334,549.1783999999999,25345.48716666667,nfs
847,0.0,0.0,268435456.0,51200.0,8.0,4.0,2.0,8.0,3.5141666666666667,24.0307,,2.0980666666666665,14641.684366666666,2186.6827333333335,,24403.362266666667,11771.860758333334,1515.1090333333334,,25345.48716666667,ave_localssd
848,0.0,0.0,268435456.0,51200.0,8.0,8.0,1.0,8.0,3.328533333333333,24.254166666666666,58.66213333333334,1.6747666666666667,15386.9609,2139.5634,872.7946333333333,30571.297166666667,11771.860758333334,1515.1090333333334,549.1783999999999,25345.48716666667,ave_nfs
849,0.0,0.0,268435456.0,65536.0,256.0,4.0,64.0,256.0,,54.6927,,,,1209.8386666666668,,,,1209.8386666666665,,,ave_localssd
850,0.0,0.0,268435456.0,98304.0,32.0,4.0,8.0,32.0,,63.6068,,,,1547.5720333333331,,,,1955.9390833333334,,,localssd
851,0.0,0.0,268435456.0,98304.0,32.0,8.0,4.0,32.0,,41.6378,,,,2364.3061333333335,,,,1955.9390833333334,,,ave_localssd
852,0.0,0.0,268435456.0,98304.0,64.0,4.0,16.0,64.0,,69.57276666666667,,,,1418.0516333333335,,,,2552.4353555555554,,,localssd
853,0.0,0.0,268435456.0,98304.0,64.0,8.0,8.0,64.0,,41.13003333333334,,,,2390.705266666667,,,,2552.4353555555554,,,localssd
854,0.0,0.0,268435456.0,98304.0,64.0,16.0,4.0,64.0,,26.370800000000003,,,,3848.549166666666,,,,2552.4353555555554,,,ave_localssd
855,0.0,0.0,268435456.0,98304.0,128.0,4.0,32.0,128.0,,76.87480000000001,,,,1279.6866,,,,2772.17,,,localssd
856,0.0,0.0,268435456.0,98304.0,128.0,8.0,16.0,128.0,,45.00986666666666,,,,2244.2376666666664,,,,2772.17,,,localssd
857,0.0,0.0,268435456.0,98304.0,128.0,16.0,8.0,128.0,,20.655066666666666,,,,4792.585733333333,,,,2772.17,,,ave_localssd
858,0.0,0.0,1073741824.0,4096.0,2.0,1.0,2.0,2.0,0.7794666666666666,4.1940333333333335,36.72566666666667,0.5583666666666667,5317.9988,981.6209333333333,111.53680000000001,7335.997266666666,5581.420883333333,1364.3078,164.96768333333333,7354.727333333333,nfs
859,0.0,0.0,1073741824.0,4096.0,2.0,2.0,1.0,2.0,0.7027666666666667,2.395,18.754733333333334,0.5555333333333333,5844.842966666666,1746.9946666666667,218.39856666666665,7373.457399999999,5581.420883333333,1364.3078,164.96768333333333,7354.727333333333,ave_nfs
860,0.0,0.0,1073741824.0,4096.0,4.0,1.0,4.0,4.0,0.6254333333333334,5.0628,36.60593333333333,0.3204666666666667,6549.399566666667,871.4091666666667,111.89443333333334,12818.396533333333,9008.174388888887,2144.7041555555556,256.16089999999997,13127.919866666669,nfs
861,0.0,0.0,1073741824.0,4096.0,4.0,2.0,2.0,4.0,0.3534,2.8442666666666665,18.497033333333334,0.3331,11616.308333333334,1688.7808999999997,221.44089999999997,12298.757866666667,9008.174388888887,2144.7041555555556,256.16089999999997,13127.919866666669,nfs
862,0.0,0.0,1073741824.0,4096.0,4.0,4.0,1.0,4.0,0.4637,1.0573666666666668,9.4129,0.28709999999999997,8858.815266666667,3873.9224,435.14736666666664,14266.6052,9008.174388888887,2144.7041555555556,256.16089999999997,13127.919866666669,ave_nfs
863,0.0,0.0,1073741824.0,32768.0,32.0,1.0,32.0,32.0,6.9914000000000005,56.9983,,0.6007333333333333,4686.941699999999,576.6769333333333,,54560.772933333334,21166.678907142857,2153.91924,,70527.10730555555,localssd
864,0.0,0.0,1073741824.0,32768.0,32.0,2.0,16.0,32.0,2.0760666666666663,45.59226666666667,145.08253333333334,0.4993666666666667,15784.554533333334,720.3781333333333,225.85760000000002,65696.1299,21166.678907142857,2153.91924,1336.295825,70527.10730555555,nfs
865,0.0,0.0,1073741824.0,32768.0,32.0,4.0,8.0,32.0,1.2183,14.443333333333333,,0.40829999999999994,26915.4482,2320.7323333333334,,80266.93866666667,21166.678907142857,2153.91924,,70527.10730555555,ave_localssd
866,0.0,0.0,1073741824.0,32768.0,32.0,8.0,4.0,32.0,1.2727333333333333,13.884666666666666,36.6534,0.3507,25766.562466666666,2462.8932,893.9961333333334,93448.4118,21166.678907142857,2153.91924,1336.295825,70527.10730555555,nfs
867,0.0,0.0,1073741824.0,32768.0,32.0,16.0,2.0,32.0,1.2054666666666667,7.860366666666667,19.477099999999997,1.2466333333333333,27186.6419,4688.915599999999,1682.7519666666667,27078.402133333333,21166.678907142857,2153.91924,1336.295825,70527.10730555555,ave_nfs
868,0.0,0.0,1073741824.0,32768.0,32.0,32.0,1.0,32.0,,,13.5554,0.32093333333333335,,,2542.5776,102111.98839999999,,,1336.295825,70527.10730555555,ave_nfs
869,0.0,0.0,1073741824.0,49152.0,4.0,1.0,4.0,4.0,7.73055,82.30726666666668,,3.718866666666667,6358.3002,597.1814,,13226.620933333334,7352.481562499999,1170.0329222222222,,13780.159711111111,localssd
870,0.0,0.0,1073741824.0,49152.0,4.0,2.0,2.0,4.0,6.133266666666667,41.67603333333333,218.53470000000002,3.8968666666666665,8070.290399999999,1181.4549333333334,224.91623333333334,12616.200133333332,7352.4815625,1170.0329222222222,224.91623333333334,13780.159711111111,nfs
871,0.0,0.0,1073741824.0,49152.0,4.0,4.0,1.0,4.0,7.526133333333334,29.3907,,3.1715999999999998,7297.4603,1731.4624333333334,,15497.658066666665,7352.4815625,1170.0329222222222,,13780.159711111111,ave_localssd
872,0.0,0.0,1073741824.0,49152.0,8.0,1.0,8.0,8.0,9.17375,82.02103333333334,,2.1107333333333336,5357.96795,599.2652333333334,,23290.277966666665,12877.237118181818,1601.7880666666667,,25523.9973,localssd
873,0.0,0.0,1073741824.0,49152.0,8.0,2.0,4.0,8.0,3.576066666666667,53.22193333333333,217.91246666666666,2.0729666666666664,13755.022266666667,946.6918666666667,225.55846666666665,23711.8867,12877.237118181818,1601.7880666666667,549.1109833333334,25523.9973,nfs
874,0.0,0.0,1073741824.0,49152.0,8.0,4.0,2.0,8.0,3.1770333333333336,19.7878,,2.0061666666666667,15500.163866666668,2521.1117,,24500.373466666668,12877.237118181818,1601.7880666666667,,25523.9973,ave_localssd
875,0.0,0.0,1073741824.0,49152.0,8.0,8.0,1.0,8.0,3.474,21.023633333333333,56.32413333333333,1.6066333333333336,14389.371333333334,2340.0834666666665,872.6635,30593.451066666665,12877.237118181818,1601.7880666666667,549.1109833333334,25523.9973,ave_nfs
876,0.0,0.0,1073741824.0,49152.0,16.0,1.0,16.0,16.0,10.69445,82.2292,,1.2409333333333332,4596.3641,597.7547333333333,,39610.53826666667,17088.174084615384,2176.95652,,38627.59828666666,localssd
877,0.0,0.0,1073741824.0,49152.0,16.0,2.0,8.0,16.0,3.0407666666666664,68.57973333333332,217.6380333333333,1.2331666666666665,16180.805766666666,718.1850666666666,225.84286666666665,39972.61923333333,17088.174084615384,2176.95652,913.5096444444447,38627.59828666666,nfs
878,0.0,0.0,1073741824.0,49152.0,16.0,4.0,4.0,16.0,2.3825,19.226200000000002,,1.0409,20804.605133333334,2572.3612,,47220.590066666664,17088.174084615384,2176.95652,,38627.59828666666,ave_localssd
879,0.0,0.0,1073741824.0,49152.0,16.0,8.0,2.0,16.0,2.4179999999999997,18.601066666666668,55.562000000000005,1.0168666666666668,20329.2598,2646.7335,884.6343,48337.670933333335,17088.174084615384,2176.95652,913.5096444444447,38627.59828666666,nfs
880,0.0,0.0,1073741824.0,49152.0,16.0,16.0,1.0,16.0,2.4443,11.358866666666666,30.1538,2.7312,20504.7614,4349.7481,1630.0517666666667,17996.572933333333,17088.174084615384,2176.95652,913.5096444444447,38627.59828666666,ave_nfs
881,0.0,0.0,1073741824.0,51200.0,2.0,1.0,2.0,2.0,10.6438,86.04416666666667,,7.660733333333333,4810.627200000001,595.0515333333333,,6733.046299999999,4880.4499000000005,581.4626166666666,,7266.752866666666,ave_localssd
882,0.0,0.0,1073741824.0,51200.0,2.0,2.0,1.0,2.0,10.426233333333334,90.73483333333333,228.60583333333332,6.5638000000000005,4926.998366666667,567.8737,223.96630000000002,7800.459433333333,4880.4499000000005,581.4626166666666,223.96630000000002,7266.752866666666,nfs
883,0.0,0.0,1073741824.0,65536.0,64.0,4.0,16.0,64.0,,43.8804,,,,1522.0974999999999,,,,2829.8719777777783,,,localssd
884,0.0,0.0,1073741824.0,65536.0,64.0,8.0,8.0,64.0,,25.467966666666666,,,,2625.637833333333,,,,2829.8719777777783,,,localssd
885,0.0,0.0,1073741824.0,65536.0,64.0,16.0,4.0,64.0,,16.413766666666664,,,,4341.8805999999995,,,,2829.8719777777783,,,ave_localssd
886,0.0,0.0,1073741824.0,98304.0,8.0,4.0,2.0,8.0,,41.201166666666666,,,,2396.3603,,,,2424.164416666667,,,localssd
887,0.0,0.0,1073741824.0,98304.0,8.0,8.0,1.0,8.0,,40.09713333333333,,,,2451.968533333333,,,,2424.164416666667,,,ave_localssd
888,0.0,0.0,1073741824.0,98304.0,16.0,4.0,4.0,16.0,,45.46573333333333,,,,2163.0957,,,,2271.7957666666666,,,localssd
889,0.0,0.0,1073741824.0,98304.0,16.0,8.0,2.0,16.0,,41.83156666666667,,,,2380.495833333333,,,,2271.7957666666666,,,ave_localssd
890,0.0,0.0,1073741824.0,98304.0,32.0,4.0,8.0,32.0,,60.9223,,,,1625.8446999999999,,,,2119.2709,,,localssd
891,0.0,0.0,1073741824.0,98304.0,32.0,8.0,4.0,32.0,,37.63333333333333,,,,2612.6971,,,,2119.2709,,,ave_localssd
892,0.0,1.0,64.0,1024.0,256.0,1.0,256.0,256.0,,16.422233333333335,,,,62.39566666666667,,,,626.8744333333333,,,localssd
893,0.0,1.0,1024.0,1024.0,256.0,1.0,256.0,256.0,,1.5210666666666668,,,,673.7686333333334,,,,3837.7936533333336,,,localssd
894,0.0,1.0,1024.0,5120.0,256.0,1.0,256.0,256.0,,12.0043,,,,426.5148,,,,3960.862133333333,,,localssd
895,0.0,1.0,4096.0,1024.0,256.0,1.0,256.0,256.0,,1.1618666666666666,,,,996.3433,,,,5035.15642,,,localssd
896,0.0,1.0,1048576.0,1024.0,256.0,1.0,256.0,256.0,,0.7797000000000001,,,,1316.9853333333333,,,,5389.474293333333,,,localssd
897,0.0,1.0,4194304.0,1024.0,256.0,1.0,256.0,256.0,,0.7496999999999999,,,,1366.7488999999998,,,,5661.002893333333,,,localssd
898,1.0,0.0,64.0,1024.0,2.0,1.0,2.0,2.0,7.216,,3.523733333333334,3.6320333333333337,141.912,,290.6166,281.9401666666667,195.71888333333334,,290.51193333333333,281.7366,beegfs
899,1.0,0.0,64.0,1024.0,2.0,2.0,1.0,2.0,4.103866666666668,3.619533333333333,3.5261666666666667,3.6372999999999998,249.52576666666667,282.91686666666664,290.40726666666666,281.5330333333333,195.71888333333334,282.9168666666667,290.51193333333333,281.7366,ave_beegfs
900,1.0,0.0,64.0,1024.0,4.0,1.0,4.0,4.0,7.261299999999999,,1.7593666666666667,1.818266666666667,141.0243,,582.0219000000001,563.1779666666666,380.0700888888889,,571.6637111111111,558.2638000000001,beegfs
901,1.0,0.0,64.0,1024.0,4.0,2.0,2.0,4.0,2.0431666666666666,1.8214333333333332,1.7566666666666666,1.8311333333333335,501.2482,562.2457666666667,582.9239666666666,559.2525333333333,380.0700888888889,551.58435,571.6637111111111,558.2638000000001,ave_beegfs
902,1.0,0.0,64.0,1024.0,4.0,4.0,1.0,4.0,2.0566999999999998,1.8930666666666667,1.8617333333333335,1.854,497.9377666666667,540.9229333333333,550.0452666666666,552.3609,380.0700888888889,551.58435,571.6637111111111,558.2638000000001,ave_beegfs
903,1.0,0.0,64.0,1024.0,8.0,1.0,8.0,8.0,7.2632,,0.8867333333333333,0.915,140.98653333333334,,1154.8481333333334,1119.1292,775.4048750000001,,1139.7795666666666,1118.4369250000002,beegfs
904,1.0,0.0,64.0,1024.0,8.0,2.0,4.0,8.0,1.0434,0.9097666666666667,0.8819,0.9124333333333333,981.5177666666667,1125.5858333333333,1161.1647333333333,1122.2508333333333,775.4048750000001,1111.0405999999998,1139.7795666666666,1118.4369250000002,ave_beegfs
905,1.0,0.0,64.0,1024.0,8.0,4.0,2.0,8.0,1.0275,0.9427666666666666,0.9377,0.9163666666666667,996.6394666666666,1086.2150333333334,1092.0204999999999,1117.4725666666666,775.4048750000001,1111.0405999999998,1139.7795666666666,1118.4369250000002,ave_beegfs
906,1.0,0.0,64.0,1024.0,8.0,8.0,1.0,8.0,1.0425,0.9132000000000001,0.8896666666666667,0.9185,982.4757333333333,1121.3209333333334,1151.0849,1114.8951,775.4048750000001,1111.0405999999998,1139.7795666666666,1118.4369250000002,ave_beegfs
907,1.0,0.0,64.0,1024.0,16.0,1.0,16.0,16.0,7.354399999999999,,0.44720000000000004,0.4602333333333333,139.24676666666667,,2289.9158,2225.2955333333334,1583.00368,,2261.663791666667,1918.2860266666664,beegfs
908,1.0,0.0,64.0,1024.0,16.0,2.0,8.0,16.0,0.5325333333333333,0.45670000000000005,0.4457,0.46003333333333335,1923.1743666666669,2242.0466333333334,2297.5520333333334,2225.7852333333335,1583.00368,2203.7929583333334,2261.663791666667,1918.2860266666664,ave_beegfs
909,1.0,0.0,64.0,1024.0,16.0,4.0,4.0,16.0,0.5241333333333333,0.47936666666666666,0.4681666666666667,0.4590666666666667,1953.7421000000002,2136.1746333333335,2187.3695000000002,2230.6527666666666,1583.00368,2203.7929583333334,2261.663791666667,1918.2860266666664,ave_beegfs
910,1.0,0.0,64.0,1024.0,16.0,8.0,2.0,16.0,0.5262333333333333,0.46116666666666667,0.45083333333333336,0.46613333333333334,1945.9408333333333,2220.4673666666663,2271.817833333333,2196.914133333333,1583.00368,2203.7929583333334,2261.663791666667,1918.2860266666664,ave_beegfs
911,1.0,0.0,64.0,1024.0,16.0,16.0,1.0,16.0,0.5243666666666668,0.462,,1.4367,1952.9143333333334,2216.4832,,712.7824666666667,1583.00368,2203.7929583333334,,1918.2860266666664,tmpfs
912,1.0,0.0,64.0,1024.0,32.0,1.0,32.0,32.0,7.4136,,0.22683333333333333,0.2307,138.12576666666666,,4514.231066666666,4438.647333333333,3172.0039166666666,,4433.889573333334,3917.511072222222,beegfs
913,1.0,0.0,64.0,1024.0,32.0,2.0,16.0,32.0,0.2738333333333333,0.2316,0.2248,0.2305,3739.3253,4421.442333333333,4555.429966666667,4442.897366666667,3172.0039166666666,4370.084780000001,4433.889573333334,3917.511072222222,ave_beegfs
914,1.0,0.0,64.0,1024.0,32.0,4.0,8.0,32.0,0.2791666666666666,0.23763333333333334,0.23813333333333334,0.23303333333333334,3673.652133333333,4308.947533333333,4300.881966666667,4394.463833333334,3172.0039166666666,4370.084780000001,4433.889573333334,3917.511072222222,ave_beegfs
915,1.0,0.0,64.0,1024.0,32.0,8.0,4.0,32.0,0.26976666666666665,0.23393333333333333,0.22716666666666666,0.23283333333333334,3797.3365333333336,4377.353133333333,4507.9988,4398.026966666667,3172.0039166666666,4370.084780000001,4433.889573333334,3917.511072222222,ave_beegfs
916,1.0,0.0,64.0,1024.0,32.0,16.0,2.0,32.0,0.26463333333333333,0.2326,,0.7159,3869.8009333333334,4402.7396,,1430.3789666666669,3172.0039166666666,4370.084780000001,,3917.511072222222,tmpfs
917,1.0,0.0,64.0,1024.0,32.0,32.0,1.0,32.0,0.26853333333333335,0.23596666666666666,0.23863333333333334,0.2327,3813.782833333333,4339.9412999999995,4290.906066666666,4400.651966666667,3172.0039166666666,4370.084780000001,4433.889573333334,3917.511072222222,ave_beegfs
918,1.0,0.0,64.0,1024.0,64.0,1.0,64.0,64.0,7.472700000000001,,0.17236666666666667,0.21919999999999998,137.03300000000002,,6241.103899999999,4674.782633333333,5849.2503166666675,,7759.1417666666675,7106.589150000001,beegfs
919,1.0,0.0,64.0,1024.0,64.0,2.0,32.0,64.0,0.1628,0.1158,0.1156,0.11696666666666666,6336.319666666667,8842.423466666667,8860.565266666667,8759.070666666667,5849.2503166666675,8716.068366666666,7759.1417666666675,7106.589150000001,ave_beegfs
920,1.0,0.0,64.0,1024.0,64.0,4.0,16.0,64.0,0.14453333333333332,0.12120000000000002,0.1189,0.1154,7090.022333333333,8452.280366666666,8612.399333333333,8874.773566666665,5849.2503166666675,8716.068366666666,7759.1417666666675,7106.589150000001,ave_beegfs
921,1.0,0.0,64.0,1024.0,64.0,8.0,8.0,64.0,0.1455,0.1153,0.15743333333333334,0.11766666666666666,7050.7401,8882.890533333333,6508.727833333333,8707.759166666667,5849.2503166666675,8716.068366666666,7759.1417666666675,7106.589150000001,ave_beegfs
922,1.0,0.0,64.0,1024.0,64.0,16.0,4.0,64.0,0.13846666666666665,0.1169,,0.3571,7396.614066666666,8761.2055,,2867.6493333333333,5849.2503166666675,8716.068366666666,,7106.589150000001,tmpfs
923,1.0,0.0,64.0,1024.0,64.0,32.0,2.0,64.0,0.1451,0.1185,0.11946666666666667,0.11696666666666666,7084.772733333334,8641.541966666666,8572.9125,8755.499533333334,5849.2503166666675,8716.068366666666,7759.1417666666675,7106.589150000001,ave_beegfs
924,1.0,0.0,64.0,1024.0,128.0,1.0,128.0,128.0,7.6567333333333325,,0.2248,0.24746666666666664,133.74306666666666,,4557.605833333334,4149.8985,8439.808355555555,,12346.130333333333,11468.2161,beegfs
925,1.0,0.0,64.0,1024.0,128.0,2.0,64.0,128.0,0.16603333333333334,0.13703333333333334,0.1223,0.1353,6192.3747,7474.244733333333,8413.787266666666,7589.170000000001,8439.808355555555,14829.157399999998,12346.130333333333,11468.2161,beegfs
926,1.0,0.0,64.0,1024.0,128.0,4.0,32.0,128.0,0.10006666666666668,0.06506666666666668,0.06306666666666666,0.05923333333333333,10399.0808,15840.777666666667,16241.047633333334,17296.467933333333,8439.808355555555,14829.157399999998,12346.130333333333,11468.2161,ave_beegfs
927,1.0,0.0,64.0,1024.0,128.0,8.0,16.0,128.0,0.09013333333333333,0.06,0.065,0.0594,11379.427266666666,17062.85383333333,16017.706533333332,17237.928366666667,8439.808355555555,14829.157399999998,12346.130333333333,11468.2161,ave_beegfs
928,1.0,0.0,64.0,1024.0,128.0,16.0,8.0,128.0,0.08773333333333333,0.060066666666666664,,0.18433333333333335,11744.1711,17045.9235,,5555.273266666667,8439.808355555555,14829.157399999998,,11468.2161,tmpfs
929,1.0,0.0,64.0,1024.0,128.0,32.0,4.0,128.0,0.09626666666666667,0.061233333333333334,0.06210000000000001,0.06033333333333333,10790.0532,16721.987266666667,16500.5044,16980.558533333333,8439.808355555555,14829.157399999998,12346.130333333333,11468.2161,ave_beegfs
930,1.0,0.0,64.0,1024.0,256.0,1.0,256.0,256.0,7.590800000000001,,,0.20186666666666667,134.9002,,,5073.423333333333,10750.976206666666,,,16096.09365,beegfs
931,1.0,0.0,64.0,1024.0,256.0,2.0,128.0,256.0,,,0.19099999999999998,0.15916666666666665,,,5452.602566666667,6581.056866666667,,,16939.279541666667,16096.09365,nfs
932,1.0,0.0,64.0,1024.0,256.0,4.0,64.0,256.0,0.11586666666666667,0.030666666666666665,0.0933,0.0722,8919.720666666666,33425.904566666664,11085.155866666668,14231.590766666666,10750.976206666666,26595.289039999992,16939.279541666667,16096.09365,beegfs
933,1.0,0.0,64.0,1024.0,256.0,8.0,32.0,256.0,0.07440000000000001,0.0353,0.04543333333333333,0.029766666666666667,13803.486133333334,29414.986033333334,22595.873600000003,34428.973933333335,10750.976206666666,26595.289039999992,16939.279541666667,16096.09365,ave_beegfs
934,1.0,0.0,64.0,1024.0,256.0,16.0,16.0,256.0,0.08323333333333333,0.03233333333333333,,0.08903333333333334,13918.276866666667,31657.0702,,11504.071100000001,10750.976206666666,26595.289039999992,,16096.09365,ave_beegfs
935,1.0,0.0,64.0,1024.0,256.0,32.0,8.0,256.0,0.06043333333333334,0.029733333333333334,0.03673333333333333,0.04136666666666667,16978.497166666668,34432.55786666667,28623.486133333336,24757.445900000002,10750.976206666666,26595.289039999992,16939.279541666667,16096.09365,ave_beegfs
936,1.0,0.0,64.0,1024.0,512.0,4.0,128.0,512.0,0.16346666666666668,0.18066666666666667,0.25196666666666667,0.14753333333333332,6272.273833333333,5706.671066666667,4085.2375000000006,6984.690033333333,10054.136041666667,41975.66305,22026.808333333334,19179.0323,nfs
937,1.0,0.0,64.0,1024.0,512.0,8.0,64.0,512.0,0.11673333333333334,0.01933333333333333,0.0837,0.0598,8919.292966666666,52969.0747,12394.2431,17532.675166666664,10054.136041666667,41975.66305,22026.808333333334,19179.0323,beegfs
938,1.0,0.0,64.0,1024.0,512.0,16.0,32.0,512.0,0.0842,0.0217,,0.06043333333333333,12284.193633333334,49396.05963333333,,16952.088733333334,10054.136041666667,41975.66305,,19179.0323,ave_beegfs
939,1.0,0.0,64.0,1024.0,512.0,32.0,16.0,512.0,0.10526666666666668,0.017133333333333334,0.0207,0.030666666666666665,12740.783733333332,59830.8468,49600.9444,35246.675266666665,10054.136041666667,41975.66305,22026.808333333334,19179.0323,ave_beegfs
940,1.0,0.0,64.0,1024.0,1024.0,8.0,128.0,1024.0,0.19210000000000002,0.14026666666666668,0.1956,0.11363333333333332,5357.970466666667,7341.328966666667,5243.319966666667,9199.633533333334,7947.195122222222,71039.17030000001,31782.164350000003,36051.93946666667,nfs
941,1.0,0.0,64.0,1024.0,1024.0,16.0,64.0,1024.0,0.09736666666666667,0.0083,,0.05306666666666667,10622.5565,123217.36469999999,,19457.033266666665,7947.195122222222,71039.17030000001,,36051.93946666667,ave_beegfs
942,1.0,0.0,64.0,1024.0,1024.0,32.0,32.0,1024.0,0.13049999999999998,0.014166666666666666,0.017566666666666664,0.013066666666666666,7861.058399999999,82558.81723333334,58321.00873333333,79499.1516,7947.195122222222,71039.17030000001,31782.164350000003,36051.93946666667,beegfs
943,1.0,0.0,1024.0,1024.0,2.0,1.0,2.0,2.0,0.8111666666666667,0.48806666666666665,0.2623333333333333,0.25693333333333335,1262.8517,2098.0068333333334,3904.0421666666666,3987.282466666667,1247.7575166666668,3120.2498666666665,4065.0337500000005,3967.1685833333336,ave_beegfs
944,1.0,0.0,1024.0,1024.0,2.0,2.0,1.0,2.0,0.8314666666666667,0.24716666666666667,0.2423,0.2594666666666667,1232.6633333333332,4142.4929,4226.025333333334,3947.0547,1247.7575166666668,3120.2498666666665,4065.0337500000005,3967.1685833333336,beegfs
945,1.0,0.0,1024.0,1024.0,4.0,1.0,4.0,4.0,0.7265333333333333,0.49069999999999997,0.12883333333333333,0.12643333333333334,1409.4216666666669,2086.8128,7949.859333333334,8100.885966666666,2186.8086999999996,6055.845644444445,7965.588055555555,7815.989688888888,beegfs
946,1.0,0.0,1024.0,1024.0,4.0,2.0,2.0,4.0,0.3985,0.12576666666666667,0.12726666666666667,0.1322,2570.9334,8142.2343,8046.3155,7748.616533333334,2186.8086999999996,6055.845644444445,7965.588055555555,7815.989688888888,ave_beegfs
947,1.0,0.0,1024.0,1024.0,4.0,4.0,1.0,4.0,0.3971,0.12903333333333333,0.12963333333333335,0.1348,2580.071033333333,7938.489833333333,7900.589333333333,7598.466566666667,2186.8086999999996,6055.845644444445,7965.588055555555,7815.989688888888,ave_beegfs
948,1.0,0.0,1024.0,1024.0,8.0,1.0,8.0,8.0,0.7279333333333332,0.4927333333333333,0.4287666666666667,0.0636,1406.7829333333332,2078.2863333333335,10557.824966666667,16095.964466666666,4023.493533333333,12382.709166666666,14331.244491666666,15589.795449999998,beegfs
949,1.0,0.0,1024.0,1024.0,8.0,2.0,4.0,8.0,0.20833333333333334,0.0641,0.06373333333333334,0.06616666666666667,4920.371633333333,15987.549433333334,16061.809500000001,15483.083933333333,4023.493533333333,12382.709166666666,14331.244491666666,15589.795449999998,ave_beegfs
950,1.0,0.0,1024.0,1024.0,8.0,4.0,2.0,8.0,0.21736666666666668,0.06513333333333333,0.06676666666666667,0.06566666666666666,4712.295866666666,15720.380799999999,15344.276166666668,15603.771166666667,4023.493533333333,12382.709166666666,14331.244491666666,15589.795449999998,ave_beegfs
951,1.0,0.0,1024.0,1024.0,8.0,8.0,1.0,8.0,0.2027,0.06506666666666666,0.0667,0.06746666666666666,5054.523700000001,15744.6201,15361.067333333332,15176.362233333333,4023.493533333333,12382.709166666666,14331.244491666666,15589.795449999998,ave_beegfs
952,1.0,0.0,1024.0,1024.0,16.0,1.0,16.0,16.0,0.7238666666666665,0.48773333333333335,0.2156,0.031933333333333334,1414.6055999999999,2099.4378333333334,19849.000733333334,32033.368566666668,7723.149480000001,25318.41831333333,27583.00210833333,26685.197773333337,beegfs
953,1.0,0.0,1024.0,1024.0,16.0,2.0,8.0,16.0,0.1156,0.031599999999999996,0.03303333333333333,0.034499999999999996,8863.137633333334,32385.753166666665,31000.59176666667,29700.662099999998,7723.149480000001,25318.41831333333,27583.00210833333,26685.197773333337,ave_beegfs
954,1.0,0.0,1024.0,1024.0,16.0,4.0,4.0,16.0,0.11296666666666666,0.03306666666666667,0.03406666666666667,0.03403333333333333,9103.586033333333,30972.71716666667,30044.817866666668,30111.212799999998,7723.149480000001,25318.41831333333,27583.00210833333,26685.197773333337,ave_beegfs
955,1.0,0.0,1024.0,1024.0,16.0,8.0,2.0,16.0,0.10873333333333333,0.0332,0.0348,0.033133333333333334,9441.422066666666,30831.5248,29437.59806666667,30886.500733333334,7723.149480000001,25318.41831333333,27583.00210833333,26685.197773333337,ave_beegfs
956,1.0,0.0,1024.0,1024.0,16.0,16.0,1.0,16.0,0.10466666666666667,0.03376666666666667,,0.09573333333333334,9792.996066666667,30302.6586,,10694.244666666666,7723.149480000001,25318.41831333333,,26685.197773333337,ave_beegfs
957,1.0,0.0,1024.0,1024.0,32.0,1.0,32.0,32.0,0.7228,0.4897666666666667,0.021066666666666668,0.016233333333333332,1416.7851,2090.8117333333334,49009.19946666667,63121.9546,14315.543611111112,50496.59828333333,53796.85865333334,53803.717622222226,beegfs
958,1.0,0.0,1024.0,1024.0,32.0,2.0,16.0,32.0,0.06713333333333334,0.0171,0.020466666666666664,0.017166666666666667,15257.5715,59945.28056666666,50602.872233333335,59689.511900000005,14315.543611111112,50496.59828333333,53796.85865333334,53803.717622222226,ave_beegfs
959,1.0,0.0,1024.0,1024.0,32.0,4.0,8.0,32.0,0.06603333333333333,0.0168,0.018199999999999997,0.017266666666666666,15577.153333333334,60973.76436666667,56280.283266666665,59202.5472,14315.543611111112,50496.59828333333,53796.85865333334,53803.717622222226,ave_beegfs
960,1.0,0.0,1024.0,1024.0,32.0,8.0,4.0,32.0,0.055066666666666673,0.018266666666666667,0.017766666666666667,0.017233333333333333,18609.0384,56284.575633333334,57636.8573,59398.12563333334,14315.543611111112,50496.59828333333,53796.85865333334,53803.717622222226,ave_beegfs
961,1.0,0.0,1024.0,1024.0,32.0,16.0,2.0,32.0,0.057133333333333335,0.0168,,0.0477,18033.984566666666,60922.33813333333,,21473.195333333333,14315.543611111112,50496.59828333333,,53803.717622222226,ave_beegfs
962,1.0,0.0,1024.0,1024.0,32.0,32.0,1.0,32.0,0.0603,0.0163,0.018466666666666666,0.017066666666666667,16998.728766666667,62762.819266666665,55455.081,59936.97106666667,14315.543611111112,50496.59828333333,53796.85865333334,53803.717622222226,ave_beegfs
963,1.0,0.0,1024.0,1024.0,64.0,1.0,64.0,64.0,0.7616999999999999,0.482,0.1048,0.0163,1344.6129,2124.4697333333334,31082.436766666666,62909.46986666667,18944.124672222224,92132.86697222223,76837.24203333333,97626.02837777778,beegfs
964,1.0,0.0,1024.0,1024.0,64.0,2.0,32.0,64.0,0.0631,0.0088,0.013633333333333332,0.008633333333333333,16258.350733333333,116333.66496666666,75796.25676666667,118920.88076666667,18944.124672222224,92132.86697222223,76837.24203333333,97626.02837777778,beegfs
965,1.0,0.0,1024.0,1024.0,64.0,4.0,16.0,64.0,0.0462,0.008700000000000001,0.0109,0.0087,22556.943233333335,117949.83516666666,93981.11636666667,118015.2086,18944.124672222224,92132.86697222223,76837.24203333333,97626.02837777778,ave_beegfs
966,1.0,0.0,1024.0,1024.0,64.0,8.0,8.0,64.0,0.043366666666666664,0.0095,0.012766666666666667,0.008466666666666666,23670.0431,107883.80543333333,80349.83573333333,120739.46586666668,18944.124672222224,92132.86697222223,76837.24203333333,97626.02837777778,ave_beegfs
967,1.0,0.0,1024.0,1024.0,64.0,16.0,4.0,64.0,0.044199999999999996,0.013033333333333334,,0.023733333333333332,23313.877866666666,85538.2962,,43200.791066666665,18944.124672222224,92132.86697222223,,97626.02837777778,ave_beegfs
968,1.0,0.0,1024.0,1024.0,64.0,32.0,2.0,64.0,0.03936666666666667,0.008333333333333333,0.009966666666666667,0.0084,26520.920199999997,122967.13033333333,102976.56453333334,121970.3541,18944.124672222224,92132.86697222223,76837.24203333333,97626.02837777778,ave_beegfs
969,1.0,0.0,1024.0,1024.0,128.0,1.0,128.0,128.0,0.9863,0.5929,0.0575,0.017566666666666664,1039.1331333333333,1728.5456666666666,20630.875799999998,58372.21116666667,17116.36557222222,106983.89255,73800.02919333334,101920.77243333333,beegfs
970,1.0,0.0,1024.0,1024.0,128.0,2.0,64.0,128.0,0.10089999999999999,0.03436666666666666,0.036333333333333336,0.0349,10592.566133333334,31826.819399999997,28963.4804,30130.01166666667,17116.36557222222,106983.89255,73800.02919333334,101920.77243333333,beegfs
971,1.0,0.0,1024.0,1024.0,128.0,4.0,32.0,128.0,0.05353333333333333,0.0064,0.015833333333333335,0.0059,19274.207533333334,162449.14006666667,69819.4877,182897.73036666666,17116.36557222222,106983.89255,73800.02919333334,101920.77243333333,ave_beegfs
972,1.0,0.0,1024.0,1024.0,128.0,8.0,16.0,128.0,0.046033333333333336,0.008733333333333334,0.008666666666666668,0.008666666666666666,22271.560733333336,120694.2845,118941.2057,122594.0134,17116.36557222222,106983.89255,73800.02919333334,101920.77243333333,ave_beegfs
973,1.0,0.0,1024.0,1024.0,128.0,16.0,8.0,128.0,0.04416666666666667,0.0063999999999999994,,0.019633333333333332,23200.195333333333,160210.42356666666,,52321.7708,17116.36557222222,106983.89255,,101920.77243333333,ave_beegfs
974,1.0,0.0,1024.0,1024.0,128.0,32.0,4.0,128.0,0.039066666666666666,0.0062,0.007833333333333333,0.0062,26320.530566666665,164994.14210000003,130645.09636666666,165208.8972,17116.36557222222,106983.89255,73800.02919333334,101920.77243333333,ave_beegfs
975,1.0,0.0,1024.0,1024.0,256.0,1.0,256.0,256.0,0.9323,,,0.019666666666666666,1100.2523333333334,,,53782.92540000001,15502.761406666667,,,138128.27393333334,beegfs
976,1.0,0.0,1024.0,1024.0,256.0,2.0,128.0,256.0,,,0.17836666666666667,0.07456666666666667,,,5900.026433333333,13842.755299999999,,,70840.53749166666,138128.27393333334,nfs
977,1.0,0.0,1024.0,1024.0,256.0,4.0,64.0,256.0,0.08243333333333334,0.0027333333333333337,0.0474,0.027866666666666665,12620.555466666667,376362.3698666667,22018.444966666666,41504.55503333334,15502.761406666667,295803.86520666664,70840.53749166666,138128.27393333334,beegfs
978,1.0,0.0,1024.0,1024.0,256.0,8.0,32.0,256.0,0.06673333333333333,0.0041,0.008133333333333334,0.0041,16285.467933333333,255581.67283333334,129523.53833333333,247906.91780000002,15502.761406666667,295803.86520666664,70840.53749166666,138128.27393333334,ave_beegfs
979,1.0,0.0,1024.0,1024.0,256.0,16.0,16.0,256.0,0.04223333333333334,0.0028666666666666667,,0.007200000000000001,24657.987633333334,361110.3387,,142022.48843333335,15502.761406666667,295803.86520666664,,138128.27393333334,ave_beegfs
980,1.0,0.0,1024.0,1024.0,256.0,32.0,8.0,256.0,0.045566666666666665,0.002266666666666667,0.0082,0.0031,22849.543666666665,453202.2394,125920.14023333334,329710.00163333333,15502.761406666667,295803.86520666664,70840.53749166666,138128.27393333334,ave_beegfs
981,1.0,0.0,1024.0,1024.0,512.0,4.0,128.0,512.0,0.12983333333333333,0.11693333333333333,0.20516666666666664,0.09910000000000001,7890.253633333334,8963.415566666667,5004.4443,10481.141833333333,13471.121299999999,188966.61770833333,43255.84306666667,91679.39919166669,nfs
982,1.0,0.0,1024.0,1024.0,512.0,8.0,64.0,512.0,0.09633333333333333,0.008166666666666668,0.055733333333333336,0.030833333333333334,10686.2301,140920.74953333332,18640.5926,35931.271400000005,13471.121299999999,188966.61770833333,43255.84306666667,91679.39919166669,beegfs
983,1.0,0.0,1024.0,1024.0,512.0,16.0,32.0,512.0,0.06369999999999999,0.003766666666666667,,0.014633333333333333,16078.220666666666,272774.18439999997,,85617.76756666666,13471.121299999999,188966.61770833333,,91679.39919166669,ave_beegfs
984,1.0,0.0,1024.0,1024.0,512.0,32.0,16.0,512.0,0.05329999999999999,0.0032,0.009766666666666667,0.0044,19229.7808,333208.1213333334,106122.4923,234687.41596666668,13471.121299999999,188966.61770833333,43255.84306666667,91679.39919166669,ave_beegfs
985,1.0,0.0,1024.0,1024.0,1024.0,8.0,128.0,1024.0,0.18313333333333334,0.13749999999999998,0.20103333333333331,0.09313333333333333,5654.4222,7524.111666666667,5108.2581666666665,11134.399066666667,8496.58011111111,477711.1681111112,51622.610583333335,267384.5545111111,nfs
986,1.0,0.0,1024.0,1024.0,1024.0,16.0,64.0,1024.0,0.08839999999999999,0.0012333333333333332,,0.039,11745.563833333334,831349.8052333333,,27682.743366666666,8496.58011111111,477711.1681111112,,267384.5545111111,ave_beegfs
987,1.0,0.0,1024.0,1024.0,1024.0,32.0,32.0,1024.0,0.12683333333333333,0.005366666666666666,0.010433333333333334,0.0013666666666666664,8089.7543000000005,594259.5874333334,98136.963,763336.5211,8496.58011111111,477711.1681111112,51622.610583333335,267384.5545111111,beegfs
988,1.0,0.0,1024.0,4096.0,2048.0,16.0,128.0,2048.0,,0.16696666666666668,,0.1254,,24971.065666666665,,33218.13946666667,,1041389.4060666667,,72640.47063333333,localssd
989,1.0,0.0,1024.0,4096.0,2048.0,32.0,64.0,2048.0,0.18800000000000003,0.002,0.058100000000000006,0.036566666666666664,21805.443966666666,2057807.7464666665,70551.87246666667,112062.8018,21805.443966666662,1041389.4060666667,70551.87246666667,72640.47063333333,ave_beegfs
990,1.0,0.0,1024.0,4096.0,4096.0,32.0,128.0,4096.0,,0.1773,0.23850000000000002,0.15366666666666665,,23243.856233333336,17190.919599999997,26811.7543,,23243.856233333336,17190.919599999997,26811.7543,nfs
991,1.0,0.0,1024.0,5120.0,2.0,1.0,2.0,2.0,4.2697,2.446266666666667,1.2373333333333334,1.2513333333333334,1201.6629999999998,2093.0115666666666,4138.4909,4093.1388,1260.8887,3149.785533333333,4196.58775,4096.979433333333,beegfs
992,1.0,0.0,1024.0,5120.0,2.0,2.0,1.0,2.0,3.8917,1.2171666666666667,1.2034,1.2485666666666668,1320.1144000000002,4206.5595,4254.6846000000005,4100.820066666666,1260.8887,3149.785533333333,4196.58775,4096.979433333333,ave_beegfs
993,1.0,0.0,1024.0,5120.0,4.0,1.0,4.0,4.0,3.6097,2.4556666666666667,0.6471333333333333,0.6284666666666666,1418.5005333333331,2085.0280666666667,7916.7229333333335,8146.9283,2208.613655555556,6162.4646111111115,8007.759288888888,8022.906733333333,beegfs
994,1.0,0.0,1024.0,5120.0,4.0,2.0,2.0,4.0,2.0106,0.6156,0.6338666666666667,0.6476666666666667,2549.4646,8317.8427,8077.9074,7905.1287,2208.613655555556,6162.4646111111115,8007.759288888888,8022.906733333333,ave_beegfs
995,1.0,0.0,1024.0,5120.0,4.0,4.0,1.0,4.0,1.9277,0.6333333333333333,0.6377333333333333,0.6387,2657.8758333333335,8084.523066666666,8028.647533333334,8016.6632,2208.613655555556,6162.4646111111115,8007.759288888888,8022.906733333333,ave_beegfs
996,1.0,0.0,1024.0,5120.0,8.0,1.0,8.0,8.0,3.6598666666666664,2.4281,0.32033333333333336,0.3193,1399.0678666666665,2108.6436,15987.804766666668,16037.765466666666,4194.9873,12350.843058333332,15685.453916666667,15828.614558333333,beegfs
997,1.0,0.0,1024.0,5120.0,8.0,2.0,4.0,8.0,1.0142666666666666,0.3193333333333333,0.31906666666666667,0.3287333333333333,5052.312533333334,16045.625766666666,16046.7829,15574.516000000001,4194.9873,12350.843058333332,15685.453916666667,15828.614558333333,ave_beegfs
998,1.0,0.0,1024.0,5120.0,8.0,4.0,2.0,8.0,1.0091999999999999,0.32283333333333336,0.3372,0.32703333333333334,5073.9535,15859.191433333333,15185.2473,15657.853866666666,4194.9873,12350.843058333332,15685.453916666667,15828.614558333333,ave_beegfs
999,1.0,0.0,1024.0,5120.0,8.0,8.0,1.0,8.0,0.9752000000000001,0.33266666666666667,0.3298666666666667,0.3191,5254.6153,15389.911433333335,15521.9807,16044.3229,4194.9873,12350.843058333332,15685.453916666667,15828.614558333333,ave_beegfs
1000,1.0,0.0,1024.0,5120.0,16.0,1.0,16.0,16.0,3.6400333333333332,2.4435333333333333,0.1643,0.16003333333333333,1406.6022,2095.3287,31166.674833333334,31995.595833333336,8159.2490800000005,25642.383833333337,30753.428408333333,27104.552800000005,beegfs
1001,1.0,0.0,1024.0,5120.0,16.0,2.0,8.0,16.0,0.5476666666666666,0.1542,0.1648,0.1654,9350.166533333333,33209.66876666667,31073.540566666663,30955.5647,8159.2490800000005,25642.383833333337,30753.428408333333,27104.552800000005,ave_beegfs
1002,1.0,0.0,1024.0,5120.0,16.0,4.0,4.0,16.0,0.5170666666666667,0.1648,0.16756666666666667,0.16376666666666667,9907.040566666668,31063.623900000002,30557.6651,31260.7063,8159.2490800000005,25642.383833333337,30753.428408333333,27104.552800000005,ave_beegfs
1003,1.0,0.0,1024.0,5120.0,16.0,8.0,2.0,16.0,0.5135666666666667,0.16616666666666666,0.16943333333333332,0.16736666666666666,9980.371233333333,30815.095966666664,30215.833133333334,30597.2009,8159.2490800000005,25642.383833333337,30753.428408333333,27104.552800000005,ave_beegfs
1004,1.0,0.0,1024.0,5120.0,16.0,16.0,1.0,16.0,0.5044000000000001,0.16503333333333334,,0.4779333333333333,10152.064866666668,31028.201833333336,,10713.696266666666,8159.2490800000005,25642.383833333337,,27104.552800000005,ave_beegfs
1005,1.0,0.0,1024.0,5120.0,32.0,1.0,32.0,32.0,3.6686666666666667,2.4476666666666667,0.0872,0.07983333333333333,1395.6222333333335,2091.8006333333333,58711.28753333333,64125.20883333334,15273.45418,49230.99161333334,59528.483900000014,54613.02067222222,beegfs
1006,1.0,0.0,1024.0,5120.0,32.0,2.0,16.0,32.0,0.29583333333333334,0.08650000000000001,0.08310000000000001,0.08373333333333333,17338.223533333334,59271.030666666666,61600.60176666667,61139.209800000004,15273.45418,49230.99161333334,59528.483900000014,54613.02067222222,ave_beegfs
1007,1.0,0.0,1024.0,5120.0,32.0,4.0,8.0,32.0,0.27673333333333333,0.0795,0.08689999999999999,0.08363333333333334,18505.166633333334,64410.102333333336,58982.54836666666,61226.34736666666,15273.45418,49230.99161333334,59528.483900000014,54613.02067222222,ave_beegfs
1008,1.0,0.0,1024.0,5120.0,32.0,8.0,4.0,32.0,0.2659666666666667,0.08673333333333333,0.08496666666666668,0.08316666666666667,19255.6716,59053.46806666666,60265.927800000005,61571.9553,15273.45418,49230.99161333334,59528.483900000014,54613.02067222222,ave_beegfs
1009,1.0,0.0,1024.0,5120.0,32.0,16.0,2.0,32.0,0.2577333333333333,0.0835,,0.24116666666666667,19872.5869,61328.556366666664,,21232.0477,15273.45418,49230.99161333334,,54613.02067222222,ave_beegfs
1010,1.0,0.0,1024.0,5120.0,32.0,32.0,1.0,32.0,,,0.08816666666666667,0.0877,,,58082.05403333334,58383.35503333333,,,59528.483900000014,54613.02067222222,ave_tmpfs
1011,1.0,0.0,1024.0,5120.0,64.0,1.0,64.0,64.0,3.7210666666666667,2.4370666666666665,0.08823333333333333,0.08573333333333333,1376.104,2100.8569,58073.15103333333,59834.1386,19993.60374,91418.54154666669,95172.25384666664,98203.60568888889,beegfs
1012,1.0,0.0,1024.0,5120.0,64.0,2.0,32.0,64.0,0.2632,0.046066666666666665,0.0494,0.0413,19459.349366666665,111433.79213333334,103882.65116666666,124012.21133333334,19993.60374,91418.54154666669,95172.25384666664,98203.60568888889,beegfs
1013,1.0,0.0,1024.0,5120.0,64.0,4.0,16.0,64.0,0.1919,0.04356666666666666,0.044199999999999996,0.042133333333333335,26694.759866666664,117529.1834,115866.53659999999,121677.6778,19993.60374,91418.54154666669,95172.25384666664,98203.60568888889,ave_beegfs
1014,1.0,0.0,1024.0,5120.0,64.0,8.0,8.0,64.0,0.19346666666666668,0.044366666666666665,0.05833333333333333,0.043000000000000003,26474.405866666668,115357.22846666667,87950.80690000001,119151.6016,19993.60374,91418.54154666669,95172.25384666664,98203.60568888889,ave_beegfs
1015,1.0,0.0,1024.0,5120.0,64.0,16.0,4.0,64.0,0.1973,0.0463,,0.11983333333333333,25963.3996,110671.64683333335,,42729.5389,19993.60374,91418.54154666669,,98203.60568888889,ave_beegfs
1016,1.0,0.0,1024.0,5120.0,64.0,32.0,2.0,64.0,,,0.046533333333333336,0.04203333333333333,,,110088.12353333335,121816.46590000001,,,95172.25384666664,98203.60568888889,ave_nfs
1017,1.0,0.0,1024.0,5120.0,128.0,1.0,128.0,128.0,4.015366666666666,2.5044,0.1154,0.08123333333333334,1275.1689666666668,2045.0523333333333,44372.76533333334,63245.82256666667,19792.84846,139648.48384,123547.06839333333,144378.12707777775,beegfs
1018,1.0,0.0,1024.0,5120.0,128.0,2.0,64.0,128.0,0.29050000000000004,0.07840000000000001,0.06653333333333333,0.0649,17653.825100000002,66019.74990000001,77159.68796666666,83222.35113333333,19792.84846,139648.48384,123547.06839333333,144378.12707777775,beegfs
1019,1.0,0.0,1024.0,5120.0,128.0,4.0,32.0,128.0,0.20013333333333336,0.02463333333333333,0.14086666666666667,0.024433333333333335,25586.299566666665,207894.86086666666,126526.1595,214466.7664,19792.84846,139648.48384,123547.06839333333,144378.12707777775,ave_beegfs
1020,1.0,0.0,1024.0,5120.0,128.0,8.0,16.0,128.0,0.18610000000000002,0.0243,0.030633333333333332,0.024000000000000004,27513.153766666666,210682.87583333332,169543.6402,213258.01363333335,19792.84846,139648.48384,123547.06839333333,144378.12707777775,ave_beegfs
1021,1.0,0.0,1024.0,5120.0,128.0,16.0,8.0,128.0,0.19036666666666666,0.0242,,0.0665,26935.794899999997,211599.88026666665,,77010.35806666668,19792.84846,139648.48384,,144378.12707777775,ave_beegfs
1022,1.0,0.0,1024.0,5120.0,128.0,32.0,4.0,128.0,,,0.025566666666666668,0.023833333333333335,,,200133.08896666663,215065.45066666664,,,123547.06839333333,144378.12707777775,ave_nfs
1023,1.0,0.0,1024.0,5120.0,256.0,1.0,256.0,256.0,4.0981,0.1178,,0.09113333333333333,1249.3922666666667,44173.6695,,56732.962766666664,22575.08969333333,314019.23768,,176770.1846388889,beegfs
1024,1.0,0.0,1024.0,5120.0,256.0,2.0,128.0,256.0,,,0.16773333333333332,0.09743333333333333,,,32185.3863,53121.20353333334,,,191346.4254666666,176770.1846388889,nfs
1025,1.0,0.0,1024.0,5120.0,256.0,4.0,64.0,256.0,0.2951,0.011433333333333332,0.044366666666666665,0.03646666666666667,18442.071633333333,446838.80176666664,115826.7182,141769.7484,22575.08969333333,314019.23768,191346.4254666666,176770.1846388889,beegfs
1026,1.0,0.0,1024.0,5120.0,256.0,8.0,32.0,256.0,0.16713333333333336,0.017166666666666667,0.019633333333333332,0.017033333333333334,30647.6918,302931.0193333333,261997.41883333333,324140.2049,22575.08969333333,314019.23768,191346.4254666666,176770.1846388889,ave_beegfs
1027,1.0,0.0,1024.0,5120.0,256.0,16.0,16.0,256.0,0.1507,0.01606666666666667,,0.03813333333333333,34320.845,330767.1570666667,,135331.92743333333,22575.08969333333,314019.23768,,176770.1846388889,ave_beegfs
1028,1.0,0.0,1024.0,5120.0,256.0,32.0,8.0,256.0,0.18153333333333332,0.011366666666666666,0.014433333333333333,0.014633333333333333,28215.447766666668,451015.63193333335,355376.17853333335,349525.06080000004,22575.08969333333,314019.23768,191346.4254666666,176770.1846388889,ave_beegfs
1029,1.0,0.0,1024.0,5120.0,512.0,4.0,128.0,512.0,0.27863333333333334,0.12223333333333335,0.17016666666666666,0.11026666666666667,18419.189000000002,42214.415133333336,30558.038566666666,46998.4148,24029.967283333328,388495.4661166666,168313.396,209909.30525833333,beegfs
1030,1.0,0.0,1024.0,5120.0,512.0,8.0,64.0,512.0,0.2559333333333333,0.011933333333333332,0.0486,0.044300000000000006,20149.348766666666,430305.6533666667,106102.74266666667,124742.65120000001,24029.967283333328,388495.4661166666,168313.396,209909.30525833333,beegfs
1031,1.0,0.0,1024.0,5120.0,512.0,16.0,32.0,512.0,0.17320000000000002,0.010633333333333333,,0.029566666666666668,31211.766766666668,487292.4103666667,,180189.82453333333,24029.967283333328,388495.4661166666,,209909.30525833333,ave_beegfs
1032,1.0,0.0,1024.0,5120.0,512.0,32.0,16.0,512.0,0.1948,0.008633333333333333,0.013900000000000001,0.0109,26339.564599999998,594169.3856,368279.4067666666,487706.3305,24029.967283333328,388495.4661166666,168313.396,209909.30525833333,ave_beegfs
1033,1.0,0.0,1024.0,5120.0,1024.0,8.0,128.0,1024.0,0.2892333333333333,0.12276666666666665,0.20443333333333336,0.10603333333333333,17728.087233333335,42037.350933333335,25181.699933333333,48324.637866666664,25079.87067777778,541030.1215777778,177658.57633333336,388001.91748888884,beegfs
1034,1.0,0.0,1024.0,5120.0,1024.0,16.0,64.0,1024.0,0.15403333333333333,0.005333333333333333,,0.0457,33456.76296666667,961090.5715,,113346.68836666667,25079.87067777778,541030.1215777778,,388001.91748888884,ave_beegfs
1035,1.0,0.0,1024.0,5120.0,1024.0,32.0,32.0,1024.0,0.21319999999999997,0.011966666666666667,0.015633333333333332,0.0051,24054.761833333334,619962.4423000001,330135.45273333334,1002334.4262333334,25079.87067777778,541030.1215777778,177658.57633333336,388001.91748888884,beegfs
1036,1.0,0.0,1024.0,49152.0,4096.0,32.0,128.0,4096.0,,0.1546,0.2753666666666667,0.15656666666666666,,320333.7661333333,181697.04226666666,316480.1410333333,,320333.7661333333,181697.04226666666,316480.1410333333,nfs
1037,1.0,0.0,1024.0,51200.0,2.0,1.0,2.0,2.0,46.05473333333333,24.4615,12.269766666666667,12.296233333333333,1112.5677666666668,2093.0977666666663,4173.0072,4164.098199999999,1108.7244833333334,3135.9096833333333,4208.283933333333,4176.143983333334,ave_beegfs
1038,1.0,0.0,1024.0,51200.0,2.0,2.0,1.0,2.0,46.34043333333333,12.253,12.065766666666667,12.224833333333335,1104.8812,4178.7216,4243.560666666667,4188.189766666666,1108.7244833333334,3135.9096833333333,4208.283933333333,4176.143983333334,beegfs
1039,1.0,0.0,1024.0,51200.0,4.0,1.0,4.0,4.0,36.120066666666666,24.426333333333332,6.223299999999999,6.140433333333333,1417.5002333333334,2096.1133333333332,8228.0995,8338.418066666667,1933.6716,6142.629100000001,5623.792822222222,8302.347755555556,beegfs
1040,1.0,0.0,1024.0,51200.0,4.0,2.0,2.0,4.0,22.465033333333334,6.219633333333333,6.248033333333333,6.192866666666667,2279.8119333333334,8232.885766666666,8194.9684,8268.2122,1933.6716,6142.629100000001,5623.792822222222,8302.347755555556,ave_beegfs
1041,1.0,0.0,1024.0,51200.0,4.0,4.0,1.0,4.0,24.3532,6.321866666666668,114.20656666666667,6.168400000000001,2103.7026333333333,8098.8882,448.3105666666667,8300.413,1933.6716,6142.629100000001,5623.792822222222,8302.347755555556,nfs
1042,1.0,0.0,1024.0,51200.0,8.0,1.0,8.0,8.0,36.30243333333333,24.620566666666665,3.134733333333333,3.2607,1410.4210666666668,2079.6814,16333.998133333333,15703.721266666666,3637.592533333334,12790.520808333333,16159.16973333333,16187.076075000003,beegfs
1043,1.0,0.0,1024.0,51200.0,8.0,2.0,4.0,8.0,11.955133333333334,3.1146,3.098933333333333,3.1049666666666664,4289.326,16438.8251,16522.641233333332,16489.8039,3637.592533333334,12790.520808333333,16159.16973333333,16187.076075000003,ave_beegfs
1044,1.0,0.0,1024.0,51200.0,8.0,4.0,2.0,8.0,11.461666666666666,3.1888,3.3596333333333335,3.2077666666666667,4479.6311,16058.439033333334,15244.947666666667,15962.401566666667,3637.592533333334,12790.520808333333,16159.16973333333,16187.076075000003,ave_beegfs
1045,1.0,0.0,1024.0,51200.0,8.0,8.0,1.0,8.0,11.734733333333333,3.087566666666666,3.0964333333333336,3.0858000000000003,4370.9919666666665,16585.1377,16535.0919,16592.377566666666,3637.592533333334,12790.520808333333,16159.16973333333,16187.076075000003,ave_beegfs
1046,1.0,0.0,1024.0,51200.0,16.0,1.0,16.0,16.0,36.572300000000006,24.830866666666665,1.5841666666666665,1.6545333333333332,1399.9696333333334,2062.0237666666667,32322.153466666667,30945.941466666667,7576.2079066666665,26558.43914666667,21383.51766,27300.171346666666,beegfs
1047,1.0,0.0,1024.0,51200.0,16.0,2.0,8.0,16.0,5.602666666666667,1.5192666666666668,1.6037666666666668,1.6464999999999999,9142.561166666666,33701.1782,31927.734199999995,31097.035033333334,7576.2079066666665,26558.43914666667,21383.51766,27300.171346666666,ave_beegfs
1048,1.0,0.0,1024.0,51200.0,16.0,4.0,4.0,16.0,5.679033333333333,1.6053666666666668,113.71690000000001,1.5978,9024.407666666666,31897.46146666667,450.24106666666665,32049.504266666667,7576.2079066666665,26558.43914666667,21383.51766,27300.171346666666,nfs
1049,1.0,0.0,1024.0,51200.0,16.0,8.0,2.0,16.0,5.667366666666666,1.5716666666666665,1.6266999999999998,1.6121999999999999,9055.740866666667,32577.166400000002,31483.866599999998,31759.324899999996,7576.2079066666665,26558.43914666667,21383.51766,27300.171346666666,ave_beegfs
1050,1.0,0.0,1024.0,51200.0,16.0,16.0,1.0,16.0,5.542866666666666,1.5729333333333333,4.770133333333334,4.808033333333333,9258.360200000001,32554.3659,10733.592966666667,10649.051066666667,7576.2079066666665,26558.43914666667,21383.51766,27300.171346666666,ave_beegfs
1051,1.0,0.0,1024.0,51200.0,32.0,1.0,32.0,32.0,36.62863333333333,24.84583333333333,0.7960666666666666,0.8281333333333333,1397.8448,2060.9263333333333,64319.6568,61827.413433333335,15053.20546,50234.45475333333,44971.56648333333,55747.594783333334,beegfs
1052,1.0,0.0,1024.0,51200.0,32.0,2.0,16.0,32.0,3.0757,0.8421333333333333,0.8356333333333333,0.8328666666666665,16649.616333333335,60798.53853333333,61269.3868,61487.09456666667,15053.20546,50234.45475333333,44971.56648333333,55747.594783333334,ave_beegfs
1053,1.0,0.0,1024.0,51200.0,32.0,4.0,8.0,32.0,2.7725333333333335,0.7969666666666667,113.65213333333334,0.8251333333333334,18514.424333333332,64246.517400000004,450.4975,62051.969833333336,15053.20546,50234.45475333333,44971.56648333333,55747.594783333334,nfs
1054,1.0,0.0,1024.0,51200.0,32.0,8.0,4.0,32.0,2.665233333333333,0.8325666666666667,0.8300333333333333,0.7995,19226.013066666666,61503.63276666667,61701.4273,64044.5492,15053.20546,50234.45475333333,44971.56648333333,55747.594783333334,ave_beegfs
1055,1.0,0.0,1024.0,51200.0,32.0,16.0,2.0,32.0,2.6306333333333334,0.8183666666666666,2.380133333333333,2.4135666666666666,19478.128766666665,62562.65873333334,21513.4604,21213.566300000002,15053.20546,50234.45475333333,44971.56648333333,55747.594783333334,ave_beegfs
1056,1.0,0.0,1024.0,51200.0,32.0,32.0,1.0,32.0,,,0.8452333333333334,0.8017333333333333,,,60574.9701,63860.97536666667,,,44971.56648333333,55747.594783333334,ave_nfs
1057,1.0,0.0,1024.0,51200.0,64.0,1.0,64.0,64.0,37.0748,24.817566666666664,0.5012,0.39563333333333334,1381.1014666666667,2063.3312333333333,104164.08343333332,129439.2611,20356.128066666664,96258.68616666667,76648.24715000001,110996.14150555556,beegfs
1058,1.0,0.0,1024.0,51200.0,64.0,2.0,32.0,64.0,2.6077666666666666,0.4225666666666667,2.7141333333333333,0.41896666666666665,19637.338233333332,121155.14103333333,73162.41926666666,122209.4143,20356.128066666664,96258.68616666667,76648.24715000001,110996.14150555556,beegfs
1059,1.0,0.0,1024.0,51200.0,64.0,4.0,16.0,64.0,1.8983999999999999,0.43019999999999997,113.52813333333334,0.42006666666666664,27002.9081,119070.47943333334,450.9895333333333,121898.05383333332,20356.128066666664,96258.68616666667,76648.24715000001,110996.14150555556,nfs
1060,1.0,0.0,1024.0,51200.0,64.0,8.0,8.0,64.0,1.9144333333333332,0.4296,0.4179333333333333,0.40900000000000003,26749.803266666666,119206.37366666667,122519.61203333334,125189.23423333334,20356.128066666664,96258.68616666667,76648.24715000001,110996.14150555556,ave_beegfs
1061,1.0,0.0,1024.0,51200.0,64.0,16.0,4.0,64.0,1.8959333333333335,0.4274,1.1917333333333333,1.1918333333333333,27009.489266666667,119798.10546666668,42963.82266666667,42961.150233333334,20356.128066666664,96258.68616666667,76648.24715000001,110996.14150555556,ave_beegfs
1062,1.0,0.0,1024.0,51200.0,64.0,32.0,2.0,64.0,,,0.4390666666666667,0.41196666666666665,,,116628.55596666667,124279.73533333333,,,76648.24715000001,110996.14150555556,ave_nfs
1063,1.0,0.0,1024.0,51200.0,128.0,1.0,128.0,128.0,38.55523333333333,24.7449,7.358133333333334,0.7195333333333332,1328.0275333333332,2069.2797,32908.79143333333,71281.0015,21129.47838666667,173946.01386,96260.21473333333,175312.36137222228,beegfs
1064,1.0,0.0,1024.0,51200.0,128.0,2.0,64.0,128.0,2.5320666666666667,0.29383333333333334,75.70553333333334,0.30446666666666666,20221.681566666666,175028.894,676.6262333333333,171751.67096666666,21129.47838666667,173946.01386,96260.21473333333,175312.36137222228,nfs
1065,1.0,0.0,1024.0,51200.0,128.0,4.0,32.0,128.0,1.8338333333333334,0.23476666666666665,40.229899999999994,0.2106,27920.297366666666,219553.1927,1282.0879,243201.5384,21129.47838666667,173946.01386,96260.21473333333,175312.36137222228,nfs
1066,1.0,0.0,1024.0,51200.0,128.0,8.0,16.0,128.0,1.8397333333333332,0.21166666666666667,0.21926666666666664,0.21116666666666664,27833.893066666667,241865.77376666665,233516.10803333332,242510.43776666667,21129.47838666667,173946.01386,96260.21473333333,175312.36137222228,ave_beegfs
1067,1.0,0.0,1024.0,51200.0,128.0,16.0,8.0,128.0,1.8066666666666666,0.22146666666666667,0.6103666666666666,0.6219666666666667,28343.4924,231212.92913333335,83885.91643333333,82388.73396666667,21129.47838666667,173946.01386,96260.21473333333,175312.36137222228,ave_beegfs
1068,1.0,0.0,1024.0,51200.0,128.0,32.0,4.0,128.0,,,0.22726666666666664,0.21266666666666667,,,225291.75836666665,240740.78563333335,,,96260.21473333333,175312.36137222228,ave_nfs
1069,1.0,0.0,1024.0,51200.0,256.0,1.0,256.0,256.0,39.56176666666667,0.7532666666666666,,0.6253333333333333,1294.4969,69303.7921,,82285.70843333333,25089.951126666667,353306.67392000003,,267884.10265,beegfs
1070,1.0,0.0,1024.0,51200.0,256.0,2.0,128.0,256.0,,,0.4643333333333333,0.4605666666666666,,,110571.25816666667,111418.06306666667,,,250797.3598666667,267884.10265,nfs
1071,1.0,0.0,1024.0,51200.0,256.0,4.0,64.0,256.0,1.918866666666667,0.1125,0.2356,0.18230000000000002,26711.7246,455283.40356666665,217548.70186666667,289972.57943333336,25089.951126666667,353306.67392000003,250797.3598666667,267884.10265,ave_beegfs
1072,1.0,0.0,1024.0,51200.0,256.0,8.0,32.0,256.0,1.9168333333333332,0.1874,0.1324,0.10603333333333333,26773.803333333333,292796.3496,388819.5490666667,482807.4397666667,25089.951126666667,353306.67392000003,250797.3598666667,267884.10265,ave_beegfs
1073,1.0,0.0,1024.0,51200.0,256.0,16.0,16.0,256.0,1.2304333333333333,0.11203333333333333,0.31443333333333334,0.3043666666666667,41616.91216666667,457104.5366,162864.74273333335,168227.9562,25089.951126666667,353306.67392000003,250797.3598666667,267884.10265,ave_beegfs
1074,1.0,0.0,1024.0,51200.0,256.0,32.0,8.0,256.0,1.7624000000000002,0.10406666666666668,0.13746666666666665,0.10836666666666667,29052.818633333332,492045.28773333336,374182.54750000004,472592.86899999995,25089.951126666667,353306.67392000003,250797.3598666667,267884.10265,ave_beegfs
1075,1.0,0.0,1024.0,51200.0,512.0,4.0,128.0,512.0,1.8433666666666666,0.31126666666666664,0.36883333333333335,0.2611333333333334,27812.707066666666,165528.6796,138988.29986666667,197376.09916666665,31325.21225833334,638888.3384750001,285966.5179916666,383705.11315000005,beegfs
1076,1.0,0.0,1024.0,51200.0,512.0,8.0,64.0,512.0,1.9260666666666666,0.06280000000000001,0.14573333333333335,0.13323333333333334,26590.723866666667,816925.7097,351433.7232666667,384901.0871666667,31325.21225833334,638888.3384750001,285966.5179916666,383705.11315000005,beegfs
1077,1.0,0.0,1024.0,51200.0,512.0,16.0,32.0,512.0,1.2207000000000001,0.07316666666666667,0.6802,0.19369999999999998,41944.0734,703318.4381,115190.62079999999,265337.6025666666,31325.21225833334,638888.3384750001,285966.5179916666,383705.11315000005,ave_beegfs
1078,1.0,0.0,1024.0,51200.0,512.0,32.0,16.0,512.0,1.7684,0.0589,0.09633333333333334,0.0745,28953.344699999998,869780.5265,538253.4280333334,687205.6637,31325.21225833334,638888.3384750001,285966.5179916666,383705.11315000005,beegfs
1079,1.0,0.0,1024.0,51200.0,1024.0,8.0,128.0,1024.0,1.6329333333333331,0.17786666666666665,0.2949333333333333,0.18223333333333333,31354.722266666668,288835.6616,177360.86453333334,282767.911,33199.8255,1060262.2563777778,459088.15911111113,652363.3563222223,beegfs
1080,1.0,0.0,1024.0,51200.0,1024.0,16.0,64.0,1024.0,1.2177,0.03223333333333333,0.27869999999999995,0.13523333333333332,42046.94005,1588548.2418666666,238277.07173333332,378724.8199,33199.8255,1060262.2563777778,459088.15911111113,652363.3563222223,ave_beegfs
1081,1.0,0.0,1024.0,51200.0,1024.0,32.0,32.0,1024.0,1.7566333333333333,0.040600000000000004,0.05483333333333334,0.03953333333333333,29146.85236666667,1303402.8656666668,961626.5410666666,1295597.3380666666,33199.8255,1060262.2563777778,459088.15911111113,652363.3563222223,beegfs
1082,1.0,0.0,1024.0,51200.0,2048.0,16.0,128.0,2048.0,,0.15680000000000002,0.2879333333333333,0.20886666666666667,,332402.9863666667,179269.9338,246513.82766666668,,1295956.5831166666,432698.9852666667,528401.3291666667,nfs
1083,1.0,0.0,1024.0,51200.0,2048.0,32.0,64.0,2048.0,1.7567333333333333,0.022699999999999998,0.07479999999999999,0.06323333333333334,29144.97706666667,2259510.1798666664,686128.0367333334,810288.8306666667,29144.97706666667,1295956.5831166666,432698.9852666667,528401.3291666667,beegfs
1084,1.0,0.0,4096.0,1024.0,2.0,1.0,2.0,2.0,0.6617000000000001,0.19216666666666668,0.1536,0.10896666666666666,1554.5681666666667,5328.996966666667,6736.4908,9398.548066666666,1586.5091499999999,7785.611916666668,8150.079933333333,9175.93655,beegfs
1085,1.0,0.0,4096.0,1024.0,2.0,2.0,1.0,2.0,0.6346333333333333,0.09996666666666666,0.10706666666666666,0.11436666666666667,1618.4501333333335,10242.226866666666,9563.669066666667,8953.325033333333,1586.5091499999999,7785.611916666668,8150.079933333333,9175.93655,ave_beegfs
1086,1.0,0.0,4096.0,1024.0,4.0,1.0,4.0,4.0,0.39553333333333335,0.1904,0.08096666666666667,0.05906666666666666,2588.9510333333333,5378.3936,13065.834900000002,17345.123033333333,3027.863955555555,13306.571344444446,14906.81748888889,16839.54462222222,beegfs
1087,1.0,0.0,4096.0,1024.0,4.0,2.0,2.0,4.0,0.3199666666666667,0.0639,0.067,0.059033333333333333,3204.2752333333337,16023.404633333334,15286.184733333333,17352.081466666667,3027.863955555555,13306.571344444446,14906.81748888889,16839.54462222222,ave_beegfs
1088,1.0,0.0,4096.0,1024.0,4.0,4.0,1.0,4.0,0.3116333333333334,0.055299999999999995,0.0626,0.06473333333333332,3290.3655999999996,18517.9158,16368.432833333332,15821.429366666665,3027.863955555555,13306.571344444446,14906.81748888889,16839.54462222222,ave_beegfs
1089,1.0,0.0,4096.0,1024.0,8.0,1.0,8.0,8.0,0.3898333333333333,0.1902,0.0443,0.030033333333333332,2626.9209666666666,5384.4461666666675,23221.738833333337,34121.881133333336,5149.102275,24773.23045833333,28553.664975000003,32691.449241666673,beegfs
1090,1.0,0.0,4096.0,1024.0,8.0,2.0,4.0,8.0,0.17436666666666667,0.03316666666666667,0.03406666666666667,0.03356666666666667,5893.234533333333,30893.536000000004,30080.107,31213.548333333336,5149.102275,24773.23045833333,28553.664975000003,32691.449241666673,ave_beegfs
1091,1.0,0.0,4096.0,1024.0,8.0,4.0,2.0,8.0,0.1687,0.03203333333333333,0.035166666666666666,0.031266666666666665,6075.1695666666665,31972.016066666667,29158.081566666664,32772.54463333333,5149.102275,24773.23045833333,28553.664975000003,32691.449241666673,ave_beegfs
1092,1.0,0.0,4096.0,1024.0,8.0,8.0,1.0,8.0,0.1707,0.03323333333333333,0.032266666666666666,0.03133333333333333,6001.084033333333,30842.9236,31754.732500000002,32657.822866666666,5149.102275,24773.23045833333,28553.664975000003,32691.449241666673,ave_beegfs
1093,1.0,0.0,4096.0,1024.0,16.0,1.0,16.0,16.0,0.39776666666666666,0.1893,0.030799999999999998,0.0166,2574.2695666666664,5409.733966666667,33331.7665,61890.291999999994,9620.480039999999,52055.04151333334,46755.874958333334,53908.22855333334,beegfs
1094,1.0,0.0,4096.0,1024.0,16.0,2.0,8.0,16.0,0.0932,0.015066666666666667,0.022000000000000002,0.020833333333333332,11032.335833333333,67947.99576666666,47358.0433,51623.08043333333,9620.480039999999,52055.04151333334,46755.874958333334,53908.22855333334,ave_beegfs
1095,1.0,0.0,4096.0,1024.0,16.0,4.0,4.0,16.0,0.09303333333333334,0.017333333333333333,0.020900000000000002,0.016533333333333334,11031.909833333333,59109.719366666664,50037.16386666667,61955.2314,9620.480039999999,52055.04151333334,46755.874958333334,53908.22855333334,ave_beegfs
1096,1.0,0.0,4096.0,1024.0,16.0,8.0,2.0,16.0,0.09376666666666666,0.015600000000000001,0.018233333333333334,0.015799999999999998,11027.922,65734.12163333333,56296.52616666667,64920.461,9620.480039999999,52055.04151333334,46755.874958333334,53908.22855333334,ave_beegfs
1097,1.0,0.0,4096.0,1024.0,16.0,16.0,1.0,16.0,0.08236666666666666,0.0165,,0.0351,12435.962966666666,62073.63683333333,,29152.077933333334,9620.480039999999,52055.04151333334,,53908.22855333334,ave_beegfs
1098,1.0,0.0,4096.0,1024.0,32.0,1.0,32.0,32.0,0.4063666666666667,0.18910000000000002,0.024999999999999998,0.0106,2519.8995,5414.5203,40979.818966666666,99520.70413333333,16612.33897222222,98256.19340555556,77417.66975999999,100127.21457777778,beegfs
1099,1.0,0.0,4096.0,1024.0,32.0,2.0,16.0,32.0,0.06256666666666666,0.010166666666666666,0.0165,0.014033333333333333,16392.955333333335,102071.55593333334,62364.0384,73575.9017,16612.33897222222,98256.19340555556,77417.66975999999,100127.21457777778,beegfs
1100,1.0,0.0,4096.0,1024.0,32.0,4.0,8.0,32.0,0.05173333333333333,0.007533333333333333,0.014866666666666667,0.008566666666666667,19867.7635,135635.41253333332,69289.82823333333,120045.35720000001,16612.33897222222,98256.19340555556,77417.66975999999,100127.21457777778,ave_beegfs
1101,1.0,0.0,4096.0,1024.0,32.0,8.0,4.0,32.0,0.051133333333333336,0.0131,0.009966666666666667,0.008333333333333333,20060.9467,78862.4989,103021.98869999999,122849.47320000001,16612.33897222222,98256.19340555556,77417.66975999999,100127.21457777778,ave_beegfs
1102,1.0,0.0,4096.0,1024.0,32.0,16.0,2.0,32.0,0.0476,0.007633333333333333,,0.01863333333333333,21598.342733333335,134251.5116333333,,54933.96493333334,16612.33897222222,98256.19340555556,,100127.21457777778,ave_beegfs
1103,1.0,0.0,4096.0,1024.0,32.0,32.0,1.0,32.0,0.0534,0.007666666666666666,0.0092,0.007899999999999999,19234.126066666668,133301.66113333334,111432.67450000001,129837.8863,16612.33897222222,98256.19340555556,77417.66975999999,100127.21457777778,ave_beegfs
1104,1.0,0.0,4096.0,1024.0,64.0,1.0,64.0,64.0,0.4280333333333333,0.18896666666666664,0.02416666666666667,0.0103,2392.464066666667,5419.102566666667,43064.74373333334,100668.01306666667,17945.95092222222,129921.64178333333,97326.88848000001,145804.83100555555,beegfs
1105,1.0,0.0,4096.0,1024.0,64.0,2.0,32.0,64.0,0.06380000000000001,0.011233333333333333,0.012366666666666666,0.0173,16095.1746,122890.45343333336,83073.5724,61189.60406666666,17945.95092222222,129921.64178333333,97326.88848000001,145804.83100555555,beegfs
1106,1.0,0.0,4096.0,1024.0,64.0,4.0,16.0,64.0,0.04443333333333333,0.005933333333333333,0.0103,0.007233333333333334,23070.253066666668,175514.42,99928.18596666667,141660.6131333333,17945.95092222222,129921.64178333333,97326.88848000001,145804.83100555555,ave_beegfs
1107,1.0,0.0,4096.0,1024.0,64.0,8.0,8.0,64.0,0.050199999999999995,0.008233333333333334,0.009,0.004566666666666667,21044.7115,124643.63876666669,114164.74496666667,223765.23533333334,17945.95092222222,129921.64178333333,97326.88848000001,145804.83100555555,ave_beegfs
1108,1.0,0.0,4096.0,1024.0,64.0,16.0,4.0,64.0,0.04703333333333334,0.007533333333333334,,0.008266666666666667,21827.781433333334,136268.5865,,123825.75503333333,17945.95092222222,129921.64178333333,,145804.83100555555,ave_beegfs
1109,1.0,0.0,4096.0,1024.0,64.0,32.0,2.0,64.0,0.046033333333333336,0.0047666666666666664,0.0070999999999999995,0.0046,23245.320866666665,214793.64943333334,146403.19533333334,223719.7654,17945.95092222222,129921.64178333333,97326.88848000001,145804.83100555555,ave_beegfs
1110,1.0,0.0,4096.0,1024.0,128.0,1.0,128.0,128.0,0.6741666666666667,0.3050333333333333,0.036533333333333334,0.014766666666666666,1528.4029,3414.1196333333332,28264.554733333334,70675.7472,16192.514577777778,125712.21736666666,78214.63255333334,127281.18562777777,beegfs
1111,1.0,0.0,4096.0,1024.0,128.0,2.0,64.0,128.0,0.07576666666666666,0.039299999999999995,0.031166666666666665,0.024566666666666667,13518.642999999998,27325.43536666667,33051.29353333334,52928.690233333335,16192.514577777778,125712.21736666666,78214.63255333334,127281.18562777777,beegfs
1112,1.0,0.0,4096.0,1024.0,128.0,4.0,32.0,128.0,0.05723333333333333,0.005166666666666667,0.0118,0.0083,18570.48893333333,199889.82586666665,87665.10576666666,124838.02163333334,16192.514577777778,125712.21736666666,78214.63255333334,127281.18562777777,ave_beegfs
1113,1.0,0.0,4096.0,1024.0,128.0,8.0,16.0,128.0,0.04583333333333334,0.008166666666666668,0.008566666666666667,0.005833333333333334,22455.735933333333,126449.6188,120695.61836666666,175654.4680333333,16192.514577777778,125712.21736666666,78214.63255333334,127281.18562777777,ave_beegfs
1114,1.0,0.0,4096.0,1024.0,128.0,16.0,8.0,128.0,0.04646666666666666,0.005233333333333333,,0.012033333333333333,22213.987966666667,197162.71553333334,,86749.2725,16192.514577777778,125712.21736666666,,127281.18562777777,ave_beegfs
1115,1.0,0.0,4096.0,1024.0,128.0,32.0,4.0,128.0,0.05566666666666667,0.0051333333333333335,0.008466666666666666,0.004066666666666666,18867.828733333332,200031.589,121396.59036666667,252840.91416666668,16192.514577777778,125712.21736666666,78214.63255333334,127281.18562777777,ave_beegfs
1116,1.0,0.0,4096.0,1024.0,256.0,1.0,256.0,256.0,0.6613,,,0.009933333333333334,1554.2079999999999,,,103351.54076666666,14358.264573333336,,,196580.49137777777,beegfs
1117,1.0,0.0,4096.0,1024.0,256.0,2.0,128.0,256.0,,,0.137,0.05403333333333333,,,7761.1816,18992.220533333333,,,76743.94373333333,196580.49137777777,nfs
1118,1.0,0.0,4096.0,1024.0,256.0,4.0,64.0,256.0,0.0919,0.0047,0.042833333333333334,0.023466666666666667,11157.949466666667,218335.65540000002,24416.35453333333,45440.92746666667,14358.264573333336,382340.3981266667,76743.94373333333,196580.49137777777,beegfs
1119,1.0,0.0,4096.0,1024.0,256.0,8.0,32.0,256.0,0.0578,0.004966666666666667,0.0082,0.0038,18231.487800000003,207028.99916666668,128010.61163333333,271133.1199,14358.264573333336,382340.3981266667,76743.94373333333,196580.49137777777,ave_beegfs
1120,1.0,0.0,4096.0,1024.0,256.0,16.0,16.0,256.0,0.06083333333333333,0.0026,,0.007633333333333333,17280.308866666666,398946.5275,,134602.42543333335,14358.264573333336,382340.3981266667,,196580.49137777777,ave_beegfs
1121,1.0,0.0,4096.0,1024.0,256.0,32.0,8.0,256.0,0.043533333333333334,0.001,0.007,0.0016666666666666668,23567.368733333333,1032717.8522666666,146787.62716666664,605962.7141666667,14358.264573333336,382340.3981266667,76743.94373333333,196580.49137777777,ave_beegfs
1122,1.0,0.0,4096.0,1024.0,512.0,4.0,128.0,512.0,0.14936666666666668,0.103,0.1990333333333333,0.10836666666666667,6965.4339,10165.180633333333,5176.712933333333,9787.329566666665,13598.447800000002,170903.425625,47444.6754,99459.576475,nfs
1123,1.0,0.0,4096.0,1024.0,512.0,8.0,64.0,512.0,0.10703333333333333,0.006666666666666667,0.04943333333333333,0.041800000000000004,10350.9452,153676.18466666667,21414.7376,25008.580566666667,13598.447800000002,170903.425625,47444.6754,99459.576475,beegfs
1124,1.0,0.0,4096.0,1024.0,512.0,16.0,32.0,512.0,0.055266666666666665,0.0084,,0.0195,18703.547566666664,192395.4437333333,,52608.6844,13598.447800000002,170903.425625,,99459.576475,ave_beegfs
1125,1.0,0.0,4096.0,1024.0,512.0,32.0,16.0,512.0,0.05703333333333333,0.0031666666666666666,0.0089,0.0034999999999999996,18373.864533333333,327376.89346666663,115742.57566666667,310433.71136666666,13598.447800000002,170903.425625,47444.6754,99459.576475,ave_beegfs
1126,1.0,0.0,4096.0,1024.0,1024.0,8.0,128.0,1024.0,0.21866666666666668,0.13573333333333334,0.18216666666666667,0.10503333333333333,4791.635366666666,7576.833366666666,5624.811866666667,9782.907933333334,8439.802644444446,500756.18848888896,41620.418666666665,264843.04727777775,beegfs
1127,1.0,0.0,4096.0,1024.0,1024.0,16.0,64.0,1024.0,0.09633333333333333,0.0017666666666666666,,0.03373333333333333,10656.610533333333,576432.4925,,30443.8409,8439.802644444446,500756.18848888896,,264843.04727777775,ave_beegfs
1128,1.0,0.0,4096.0,1024.0,1024.0,32.0,32.0,1024.0,0.10596666666666667,0.0011333333333333334,0.014966666666666665,0.0013666666666666664,9871.162033333334,918259.2396,77616.02546666667,754302.393,8439.802644444446,500756.18848888896,41620.418666666665,264843.04727777775,ave_beegfs
1129,1.0,0.0,4096.0,4096.0,2048.0,16.0,128.0,2048.0,,0.14723333333333333,,0.10859999999999999,,28873.8768,,37725.126,,1195966.8537333335,,61969.393249999994,localssd
1130,1.0,0.0,4096.0,4096.0,2048.0,32.0,64.0,2048.0,0.21266666666666667,0.0017333333333333333,0.053799999999999994,0.04766666666666666,19346.644933333333,2363059.830666667,76491.02656666667,86213.6605,19346.644933333333,1195966.8537333335,76491.02656666667,61969.393249999994,beegfs
1131,1.0,0.0,4096.0,4096.0,4096.0,32.0,128.0,4096.0,,0.16879999999999998,0.2556,0.1426666666666667,,24637.548333333336,16088.880566666667,28721.183399999998,,24637.548333333336,16088.880566666667,28721.183399999998,nfs
1132,1.0,0.0,4096.0,5120.0,2.0,1.0,2.0,2.0,3.3587000000000002,0.9538333333333333,0.6171666666666668,0.5548000000000001,1525.6209,5367.788466666666,8307.723933333333,9228.978000000001,1540.795,8030.243549999999,9312.447733333333,9580.354866666667,beegfs
1133,1.0,0.0,4096.0,5120.0,2.0,2.0,1.0,2.0,3.295533333333333,0.4788333333333334,0.4962333333333333,0.5155333333333334,1555.9691,10692.698633333333,10317.171533333334,9931.731733333334,1540.795,8030.243549999999,9312.447733333333,9580.354866666667,ave_beegfs
1134,1.0,0.0,4096.0,5120.0,4.0,1.0,4.0,4.0,2.0332,0.9545666666666666,0.4022333333333334,0.27786666666666665,2518.9031333333332,5363.754633333333,12789.777300000002,18429.406,3017.6606333333334,14418.776733333332,15856.170355555556,17599.417466666666,beegfs
1135,1.0,0.0,4096.0,5120.0,4.0,2.0,2.0,4.0,1.5678999999999998,0.2899333333333333,0.3228666666666667,0.33590000000000003,3269.4898,17845.572866666666,15862.516666666668,15256.837266666667,3017.6606333333334,14418.776733333332,15856.170355555556,17599.417466666666,ave_beegfs
1136,1.0,0.0,4096.0,5120.0,4.0,4.0,1.0,4.0,1.5798666666666668,0.25543333333333335,0.27066666666666667,0.26793333333333336,3264.5889666666667,20047.0027,18916.217099999998,19112.009133333333,3017.6606333333334,14418.776733333332,15856.170355555556,17599.417466666666,ave_beegfs
1137,1.0,0.0,4096.0,5120.0,8.0,1.0,8.0,8.0,1.9131666666666665,0.9471333333333334,0.21136666666666667,0.16863333333333333,2676.2304666666664,5405.788233333334,24786.421666666665,30399.932033333334,5479.715016666668,24759.816258333332,28778.864733333336,32104.861125,beegfs
1138,1.0,0.0,4096.0,5120.0,8.0,2.0,4.0,8.0,0.8027000000000001,0.18993333333333332,0.18166666666666664,0.17013333333333333,6394.2736,27517.977633333332,28249.9326,30442.77403333333,5479.715016666668,24759.816258333332,28778.864733333336,32104.861125,ave_beegfs
1139,1.0,0.0,4096.0,5120.0,8.0,4.0,2.0,8.0,0.7977666666666666,0.15169999999999997,0.17693333333333336,0.17023333333333335,6427.9879666666675,33776.1481,29031.439499999997,30399.975333333336,5479.715016666668,24759.816258333332,28778.864733333336,32104.861125,ave_beegfs
1140,1.0,0.0,4096.0,5120.0,8.0,8.0,1.0,8.0,0.7977333333333334,0.1583,0.15496666666666667,0.13773333333333335,6420.368033333333,32339.351066666666,33047.665166666666,37176.763100000004,5479.715016666668,24759.816258333332,28778.864733333336,32104.861125,ave_beegfs
1141,1.0,0.0,4096.0,5120.0,16.0,1.0,16.0,16.0,1.9143999999999999,0.9450666666666666,0.12786666666666666,0.07970000000000001,2674.5479333333333,5417.5989,40642.131199999996,64242.0234,10525.04434,51223.55971999999,47322.842000000004,58499.31277333333,beegfs
1142,1.0,0.0,4096.0,5120.0,16.0,2.0,8.0,16.0,0.41453333333333336,0.06746666666666666,0.10623333333333333,0.0832,12355.556266666666,75915.83666666667,48281.943666666666,62008.31363333333,10525.04434,51223.55971999999,47322.842000000004,58499.31277333333,ave_beegfs
1143,1.0,0.0,4096.0,5120.0,16.0,4.0,4.0,16.0,0.4313666666666667,0.11086666666666667,0.1033,0.07336666666666666,11888.076266666665,47065.7427,50101.56026666667,69793.21586666668,10525.04434,51223.55971999999,47322.842000000004,58499.31277333333,ave_beegfs
1144,1.0,0.0,4096.0,5120.0,16.0,8.0,2.0,16.0,0.40210000000000007,0.079,0.10243333333333333,0.07743333333333334,12739.729033333331,64819.969666666664,50265.732866666665,66356.20926666667,10525.04434,51223.55971999999,47322.842000000004,58499.31277333333,ave_beegfs
1145,1.0,0.0,4096.0,5120.0,16.0,16.0,1.0,16.0,0.39530000000000004,0.0814,,0.17013333333333333,12967.3122,62898.65066666666,,30096.8017,10525.04434,51223.55971999999,,58499.31277333333,ave_beegfs
1146,1.0,0.0,4096.0,5120.0,32.0,1.0,32.0,32.0,1.9657666666666664,0.9460333333333333,0.10903333333333333,0.044533333333333334,2605.3711666666663,5412.009166666667,48071.71636666666,115187.07233333333,18380.805526666667,85760.20966000001,85584.12433333333,101881.18187222221,beegfs
1147,1.0,0.0,4096.0,5120.0,32.0,2.0,16.0,32.0,0.2655666666666667,0.06853333333333333,0.06093333333333333,0.06386666666666667,19282.310433333332,74794.1447,85680.65206666666,81307.09713333333,18380.805526666667,85760.20966000001,85584.12433333333,101881.18187222221,ave_beegfs
1148,1.0,0.0,4096.0,5120.0,32.0,4.0,8.0,32.0,0.22086666666666666,0.037200000000000004,0.06276666666666667,0.041833333333333333,23198.4463,137599.30043333335,81807.618,123141.6517,18380.805526666667,85760.20966000001,85584.12433333333,101881.18187222221,ave_beegfs
1149,1.0,0.0,4096.0,5120.0,32.0,8.0,4.0,32.0,0.2195,0.06116666666666667,0.0517,0.038933333333333334,23345.73433333333,83934.67693333334,99935.68086666668,131575.03746666666,18380.805526666667,85760.20966000001,85584.12433333333,101881.18187222221,ave_beegfs
1150,1.0,0.0,4096.0,5120.0,32.0,16.0,2.0,32.0,0.21813333333333332,0.04033333333333333,,0.09533333333333334,23472.165399999998,127060.91706666666,,53768.60893333333,18380.805526666667,85760.20966000001,,101881.18187222221,ave_beegfs
1151,1.0,0.0,4096.0,5120.0,32.0,32.0,1.0,32.0,,,0.045533333333333335,0.04816666666666666,,,112424.95436666667,106307.62366666667,,,85584.12433333333,101881.18187222221,ave_nfs
1152,1.0,0.0,4096.0,5120.0,64.0,1.0,64.0,64.0,1.9646666666666668,0.948,0.0853,0.0448,2606.1286,5400.840866666666,60176.48846666666,114878.32776666667,20669.565773333332,115976.16118000001,128228.28432666666,154413.7608833333,beegfs
1153,1.0,0.0,4096.0,5120.0,64.0,2.0,32.0,64.0,0.2549666666666666,0.03766666666666666,0.04073333333333334,0.05776666666666667,20083.701100000002,136297.86023333334,126449.98403333333,89106.8418,20669.565773333332,115976.16118000001,128228.28432666666,154413.7608833333,beegfs
1154,1.0,0.0,4096.0,5120.0,64.0,4.0,16.0,64.0,0.18966666666666665,0.036066666666666664,0.037533333333333335,0.034,27023.293033333335,142650.40513333332,136545.37509999998,150704.42273333334,20669.565773333332,115976.16118000001,128228.28432666666,154413.7608833333,ave_beegfs
1155,1.0,0.0,4096.0,5120.0,64.0,8.0,8.0,64.0,0.19026666666666667,0.03613333333333333,0.03466666666666667,0.02186666666666667,26906.710466666667,141777.96353333336,147658.1551,234480.88456666667,20669.565773333332,115976.16118000001,128228.28432666666,154413.7608833333,ave_beegfs
1156,1.0,0.0,4096.0,5120.0,64.0,16.0,4.0,64.0,0.1916,0.033400000000000006,,0.0504,26727.995666666666,153753.73613333332,,102533.83506666667,20669.565773333332,115976.16118000001,,154413.7608833333,ave_beegfs
1157,1.0,0.0,4096.0,5120.0,64.0,32.0,2.0,64.0,,,0.03006666666666667,0.021833333333333333,,,170311.41893333333,234778.25336666664,,,128228.28432666666,154413.7608833333,ave_nfs
1158,1.0,0.0,4096.0,5120.0,128.0,1.0,128.0,128.0,2.2472666666666665,1.0222,0.09686666666666666,0.05229999999999999,2278.4130333333333,5012.224133333333,52950.75266666667,98603.3334,20249.58904,149704.49355333336,148539.04960666664,182503.2413,beegfs
1159,1.0,0.0,4096.0,5120.0,128.0,2.0,64.0,128.0,0.26816666666666666,0.06846666666666666,0.046033333333333336,0.0702,19105.5036,78002.51726666668,111374.37253333333,73990.46306666666,20249.58904,149704.49355333336,148539.04960666664,182503.2413,beegfs
1160,1.0,0.0,4096.0,5120.0,128.0,4.0,32.0,128.0,0.19533333333333333,0.022033333333333332,0.034466666666666666,0.030833333333333334,26216.918633333335,243509.39103333335,148940.70793333332,166300.29626666667,20249.58904,149704.49355333336,148539.04960666664,182503.2413,ave_beegfs
1161,1.0,0.0,4096.0,5120.0,128.0,8.0,16.0,128.0,0.1894,0.03056666666666667,0.0267,0.018866666666666667,27050.705100000003,168168.9105,193459.85553333335,272635.19103333337,20249.58904,149704.49355333336,148539.04960666664,182503.2413,ave_beegfs
1162,1.0,0.0,4096.0,5120.0,128.0,16.0,8.0,128.0,0.1929,0.020233333333333336,,0.0519,26596.404833333334,253829.42483333335,,100084.75176666665,20249.58904,149704.49355333336,,182503.2413,ave_beegfs
1163,1.0,0.0,4096.0,5120.0,128.0,32.0,4.0,128.0,,,0.0217,0.013366666666666666,,,235969.55936666668,383405.4122666667,,,148539.04960666664,182503.2413,ave_nfs
1164,1.0,0.0,4096.0,5120.0,256.0,1.0,256.0,256.0,2.3196,0.12673333333333334,,0.047599999999999996,2207.8429666666666,42383.468400000005,,107836.30806666666,22674.020219999995,350343.2821733334,,259231.15113888888,beegfs
1165,1.0,0.0,4096.0,5120.0,256.0,2.0,128.0,256.0,,,0.11406666666666666,0.09066666666666667,,,45333.27593333333,56649.693999999996,,,196474.28255,259231.15113888888,nfs
1166,1.0,0.0,4096.0,5120.0,256.0,4.0,64.0,256.0,0.28646666666666665,0.022566666666666665,0.04103333333333333,0.039766666666666665,19028.542266666667,226884.76433333335,124897.79896666667,129014.94603333333,22674.020219999995,350343.2821733334,196474.28255,259231.15113888888,beegfs
1167,1.0,0.0,4096.0,5120.0,256.0,8.0,32.0,256.0,0.2145,0.02366666666666667,0.022099999999999998,0.0168,24547.893533333332,216656.57590000003,231759.30436666668,305694.6691333333,22674.020219999995,350343.2821733334,196474.28255,259231.15113888888,ave_beegfs
1168,1.0,0.0,4096.0,5120.0,256.0,16.0,16.0,256.0,0.12990000000000002,0.012633333333333335,,0.03336666666666666,39420.77416666666,408195.8173666666,,159287.70386666668,22674.020219999995,350343.2821733334,,259231.15113888888,ave_beegfs
1169,1.0,0.0,4096.0,5120.0,256.0,32.0,8.0,256.0,0.18183333333333332,0.005966666666666666,0.013333333333333334,0.006466666666666667,28165.048166666664,857595.7848666668,383906.7509333333,796903.5857333333,22674.020219999995,350343.2821733334,196474.28255,259231.15113888888,ave_beegfs
1170,1.0,0.0,4096.0,5120.0,512.0,4.0,128.0,512.0,0.27923333333333333,0.12623333333333334,0.20653333333333335,0.1129,18374.748933333332,41631.01126666667,24975.296266666668,46330.74933333333,26224.54289166666,313362.57155000005,160770.51009999998,277745.9757166666,beegfs
1171,1.0,0.0,4096.0,5120.0,512.0,8.0,64.0,512.0,0.20573333333333332,0.0172,0.0494,0.038,24936.07906666667,306636.38000000006,103968.27116666666,138102.5694,26224.54289166666,313362.57155000005,160770.51009999998,277745.9757166666,beegfs
1172,1.0,0.0,4096.0,5120.0,512.0,16.0,32.0,512.0,0.15313333333333334,0.015533333333333331,,0.03643333333333333,33943.04986666667,333808.65286666667,,141589.5733,26224.54289166666,313362.57155000005,,277745.9757166666,ave_beegfs
1173,1.0,0.0,4096.0,5120.0,512.0,32.0,16.0,512.0,0.18526666666666666,0.009033333333333332,0.014533333333333334,0.006566666666666666,27644.2937,571374.2420666667,353367.96286666667,784961.0108333332,26224.54289166666,313362.57155000005,160770.51009999998,277745.9757166666,ave_beegfs
1174,1.0,0.0,4096.0,5120.0,1024.0,8.0,128.0,1024.0,0.3316333333333333,0.13426666666666667,0.19086666666666666,0.1053,15544.388500000001,39787.73693333333,27314.09573333333,48676.89456666666,26139.597966666664,572293.1309888889,180682.6713833333,375258.4689333334,beegfs
1175,1.0,0.0,4096.0,5120.0,1024.0,16.0,64.0,1024.0,0.13593333333333332,0.0061333333333333335,,0.0429,37690.09043333333,834286.0214,,120486.88160000001,26139.597966666664,572293.1309888889,,375258.4689333334,ave_beegfs
1176,1.0,0.0,4096.0,5120.0,1024.0,32.0,32.0,1024.0,0.20346666666666668,0.007966666666666667,0.015433333333333334,0.005333333333333333,25184.31496666667,842805.6346333333,334051.24703333335,956611.6306333333,26139.597966666664,572293.1309888889,180682.6713833333,375258.4689333334,beegfs
1177,1.0,0.0,4096.0,49152.0,4096.0,32.0,128.0,4096.0,,0.14336666666666667,0.24993333333333334,0.13670000000000002,,343913.0098333333,197221.27216666666,361884.6118,,343913.0098333333,197221.2721666667,361884.6118,nfs
1178,1.0,0.0,4096.0,51200.0,2.0,1.0,2.0,2.0,39.2431,10.751333333333333,5.157766666666666,5.052333333333333,1304.6980999999998,4762.439833333334,9939.0982,10155.2073,1266.5292166666668,7291.281,9669.612683333333,10352.525933333334,ave_beegfs
1179,1.0,0.0,4096.0,51200.0,2.0,2.0,1.0,2.0,41.725366666666666,5.2139999999999995,5.446733333333333,4.853166666666667,1228.3603333333333,9820.122166666666,9400.127166666667,10549.844566666667,1266.5292166666668,7291.281,9669.612683333333,10352.525933333334,beegfs
1180,1.0,0.0,4096.0,51200.0,4.0,1.0,4.0,4.0,22.762033333333335,10.845866666666666,3.5625999999999998,2.776866666666667,2251.2422333333334,4720.752333333334,14379.277199999999,18530.007466666666,2459.8618444444446,11692.834962500003,12145.858966666667,19415.78822222222,beegfs
1181,1.0,0.0,4096.0,51200.0,4.0,2.0,2.0,4.0,20.8533,3.204433333333333,3.3290666666666664,2.7220666666666666,2460.4748,16014.943866666667,15389.3574,18892.9859,2459.8618444444446,11692.834962500003,12145.858966666667,19415.78822222222,ave_beegfs
1182,1.0,0.0,4096.0,51200.0,4.0,4.0,1.0,4.0,19.204066666666666,3.268,77.01776666666667,2.4587,2667.8685,15667.795549999999,6668.9423,20824.3713,2459.8618444444446,11692.834962500001,12145.858966666667,19415.78822222222,ave_beegfs
1183,1.0,0.0,4096.0,51200.0,8.0,1.0,8.0,8.0,18.964666666666666,10.900833333333333,2.003833333333333,1.5599999999999998,2699.798533333333,4696.960466666666,25556.803266666666,32838.9897,4505.536554545454,25742.034875,28556.546883333333,36634.8831,beegfs
1184,1.0,0.0,4096.0,51200.0,8.0,2.0,4.0,8.0,9.820333333333332,1.7010333333333332,1.7224666666666666,1.4787666666666668,5221.098166666667,30202.444,29734.108833333332,34702.49909999999,4505.536554545454,25742.034875,28556.546883333333,36634.8831,ave_beegfs
1185,1.0,0.0,4096.0,51200.0,8.0,4.0,2.0,8.0,9.757233333333334,1.9032,20.194166666666664,1.3540333333333334,5248.785066666666,26957.5435,20501.296133333333,37818.363066666665,4505.536554545454,25742.034875,28556.546883333333,36634.8831,ave_beegfs
1186,1.0,0.0,4096.0,51200.0,8.0,8.0,1.0,8.0,10.227699999999999,1.2454666666666665,1.3321666666666667,1.2433666666666665,5025.928400000001,41111.19153333333,38433.9793,41179.68053333333,4505.536554545454,25742.034875,28556.546883333333,36634.8831,ave_beegfs
1187,1.0,0.0,4096.0,51200.0,16.0,1.0,16.0,16.0,19.045533333333335,11.0071,1.1058,0.8737,2688.3087333333333,4651.555333333334,46374.0257,58653.462933333336,9231.137607142857,58259.00372,36256.15843571428,55968.27172666665,beegfs
1188,1.0,0.0,4096.0,51200.0,16.0,2.0,8.0,16.0,4.955066666666666,0.6362333333333333,1.0239666666666667,0.8901333333333333,10334.568266666667,80477.4987,50209.4309,57601.15116666667,9231.137607142857,58259.00372,36256.15843571428,55968.27172666665,ave_beegfs
1189,1.0,0.0,4096.0,51200.0,16.0,4.0,4.0,16.0,4.554966666666666,0.9437666666666665,113.76126666666666,0.8033666666666667,11282.683866666666,54261.84073333334,450.0653,63734.507866666674,9231.137607142857,58259.00372,36256.15843571428,55968.27172666665,nfs
1190,1.0,0.0,4096.0,51200.0,16.0,8.0,2.0,16.0,4.56945,0.6607333333333334,0.8922,0.7404333333333334,11204.8191,77489.64886666667,57411.49133333333,69150.6379,9231.137607142857,58259.00372,36256.15843571428,55968.27172666665,ave_beegfs
1191,1.0,0.0,4096.0,51200.0,16.0,16.0,1.0,16.0,4.5317,0.6911,1.6949333333333332,1.6676666666666666,11303.2019,74414.47496666666,30208.40136666667,30701.598766666666,9231.137607142857,58259.00372,36256.15843571428,55968.27172666665,ave_beegfs
1192,1.0,0.0,4096.0,51200.0,32.0,1.0,32.0,32.0,19.927433333333333,11.200899999999999,0.92855,0.4585000000000001,2569.338333333333,4571.133533333334,55287.93885,111673.17076666666,18066.758093333334,95120.04605333334,66861.71675882355,102290.74905555556,beegfs
1193,1.0,0.0,4096.0,51200.0,32.0,2.0,16.0,32.0,2.6751,0.5760000000000001,5.188133333333333,0.6482,19139.466833333336,88951.3349,55719.73383333334,79436.53319999999,18066.758093333334,95120.04605333334,66861.71675882355,102290.74905555556,ave_beegfs
1194,1.0,0.0,4096.0,51200.0,32.0,4.0,8.0,32.0,2.2810666666666664,0.3598333333333333,113.59323333333333,0.4542333333333333,22449.2828,142305.01946666665,450.73106666666666,112741.51356666668,18066.758093333334,95120.04605333334,66861.71675882355,102290.74905555556,nfs
1195,1.0,0.0,4096.0,51200.0,32.0,8.0,4.0,32.0,2.2709333333333332,0.5195666666666666,0.5394,0.4463,22554.30916666667,98632.9875,94999.13736666668,114735.03183333333,18066.758093333334,95120.04605333334,66861.71675882355,102290.74905555556,ave_beegfs
1196,1.0,0.0,4096.0,51200.0,32.0,16.0,2.0,32.0,2.1678333333333333,0.3627666666666667,0.9224333333333333,0.8769,23621.39333333333,141139.75486666666,55711.61866666667,58418.3902,18066.758093333334,95120.04605333334,66861.71675882355,102290.74905555556,ave_beegfs
1197,1.0,0.0,4096.0,51200.0,32.0,32.0,1.0,32.0,,,0.3788666666666667,0.37443333333333334,,,135143.2148,136739.85476666666,,,66861.71675882355,102290.74905555556,ave_nfs
1198,1.0,0.0,4096.0,51200.0,64.0,1.0,64.0,64.0,20.24676666666667,11.243666666666668,0.88835,0.33359999999999995,2528.9188,4553.6786,57635.3824,154440.6231333333,20998.084680000004,133053.12117857143,92442.85105294117,160982.28866666666,beegfs
1199,1.0,0.0,4096.0,51200.0,64.0,2.0,32.0,64.0,2.5635,0.3562,33.18586666666667,0.5614,19983.572166666665,143842.3619,1679.5303666666666,91543.28873333333,20998.084680000004,133053.12117857143,92442.85105294117,160982.28866666666,nfs
1200,1.0,0.0,4096.0,51200.0,64.0,4.0,16.0,64.0,1.8753333333333335,0.3104,28.504033333333336,0.31253333333333333,27311.127300000004,164965.5416,1796.2466000000002,163849.49733333333,20998.084680000004,133053.12117857143,92442.85105294117,160982.28866666666,nfs
1201,1.0,0.0,4096.0,51200.0,64.0,8.0,8.0,64.0,1.8564,0.28236666666666665,0.29823333333333335,0.23573333333333335,27583.130233333333,181338.94136666667,171799.1488333333,217529.7485,20998.084680000004,133053.12117857143,92442.85105294117,160982.28866666666,ave_beegfs
1202,1.0,0.0,4096.0,51200.0,64.0,16.0,4.0,64.0,1.8562,0.2827,0.47700000000000004,0.44049999999999995,27583.6749,181202.5559,108103.99266666667,116549.9696,20998.084680000004,133053.12117857143,92442.85105294117,160982.28866666666,ave_beegfs
1203,1.0,0.0,4096.0,51200.0,64.0,32.0,2.0,64.0,,,0.25343333333333334,0.23063333333333333,,,202040.31590000002,221980.6047,,,92442.85105294117,160982.28866666666,ave_nfs
1204,1.0,0.0,4096.0,51200.0,128.0,1.0,128.0,128.0,21.287433333333333,11.445433333333334,4.2183,0.4015333333333333,2405.2017333333333,4474.555033333333,31069.13225,127967.31486666668,21076.78517142857,174457.24212666665,176659.4464764706,224677.14126111113,beegfs
1205,1.0,0.0,4096.0,51200.0,128.0,2.0,64.0,128.0,2.502333333333333,0.4581,3.775066666666667,0.5227333333333334,20469.5679,111847.18346666667,113226.45136666666,98149.26853333332,21076.78517142857,174457.24212666665,176659.4464764706,224677.14126111113,beegfs
1206,1.0,0.0,4096.0,51200.0,128.0,4.0,32.0,128.0,1.8402666666666665,0.22006666666666666,0.3046,0.2819333333333333,27831.26536666667,234425.8990666667,170195.12136666666,181996.0407,21076.78517142857,174457.24212666665,176659.4464764706,224677.14126111113,ave_beegfs
1207,1.0,0.0,4096.0,51200.0,128.0,8.0,16.0,128.0,1.7721333333333333,0.25056666666666666,0.19863333333333333,0.15666666666666665,28895.6214,206924.72106666668,258681.742,330106.5394,21076.78517142857,174457.24212666665,176659.4464764706,224677.14126111113,ave_beegfs
1208,1.0,0.0,4096.0,51200.0,128.0,16.0,8.0,128.0,1.8198,0.163,0.3274333333333333,0.2604666666666667,28135.011599999998,314613.852,157782.55926666665,196564.18443333334,21076.78517142857,174457.24212666665,176659.4464764706,224677.14126111113,ave_beegfs
1209,1.0,0.0,4096.0,51200.0,128.0,32.0,4.0,128.0,,,0.18256666666666665,0.12416666666666666,,,280471.56786666665,413279.49963333335,,,176659.4464764706,224677.14126111113,ave_nfs
1210,1.0,0.0,4096.0,51200.0,256.0,1.0,256.0,256.0,21.78176666666667,0.6795333333333332,,0.3509333333333333,2350.6365,75779.29286666667,,147671.9571,25291.032192857147,376106.09145999997,,321907.17908333335,beegfs
1211,1.0,0.0,4096.0,51200.0,256.0,2.0,128.0,256.0,,,0.34359999999999996,0.5068666666666667,,,149484.49036666667,101143.97873333334,,,267891.05996,321907.17908333335,tmpfs
1212,1.0,0.0,4096.0,51200.0,256.0,4.0,64.0,256.0,1.9595666666666667,0.20716666666666664,0.2061333333333333,0.21253333333333332,26328.426733333337,247149.58479999998,250017.7288,241096.28843333336,25291.032192857147,376106.09145999997,267891.05996,321907.17908333335,ave_beegfs
1213,1.0,0.0,4096.0,51200.0,256.0,8.0,32.0,256.0,1.8361999999999998,0.32193333333333335,0.18200000000000002,0.1507666666666667,27897.173866666668,192756.1962,282228.75200000004,340660.86083333334,25291.032192857147,376106.09145999997,267891.05996,321907.17908333335,ave_beegfs
1214,1.0,0.0,4096.0,51200.0,256.0,16.0,16.0,256.0,1.2190333333333332,0.1065,0.30146666666666666,0.1933666666666667,42003.54413333334,482212.72206666664,174569.15173333333,266478.1319666666,25291.032192857147,376106.09145999997,267891.05996,321907.17908333335,ave_beegfs
1215,1.0,0.0,4096.0,51200.0,256.0,32.0,8.0,256.0,1.7553999999999998,0.057999999999999996,0.10626666666666666,0.06136666666666666,29167.5535,882632.6613666667,483155.1769,834391.8574333334,25291.032192857147,376106.09145999997,267891.05996,321907.17908333335,ave_beegfs
1216,1.0,0.0,4096.0,51200.0,512.0,4.0,128.0,512.0,1.8332333333333335,0.3539666666666667,0.2997666666666667,0.2770666666666667,28029.345866666667,145435.37716666667,171623.66826666667,184974.80483333333,32087.453299999997,501379.15047500003,274513.052325,505729.26499999996,beegfs
1217,1.0,0.0,4096.0,51200.0,512.0,8.0,64.0,512.0,1.8140666666666665,0.5312666666666667,0.1819666666666667,0.1184,28382.175066666667,333346.63883333333,281538.1279,432899.27036666666,32087.453299999997,501379.15047500003,274513.052325,505729.26499999996,beegfs
1218,1.0,0.0,4096.0,51200.0,512.0,16.0,32.0,512.0,1.2209666666666668,0.10909999999999999,0.20073333333333335,0.17626666666666665,41934.999,471930.2155,255440.01626666667,293569.70563333336,32087.453299999997,501379.15047500003,274513.052325,505729.26499999996,ave_beegfs
1219,1.0,0.0,4096.0,51200.0,512.0,32.0,16.0,512.0,1.7688,0.04853333333333334,0.13343333333333332,0.04613333333333333,28961.21325,1054804.3704000001,389450.3968666666,1111473.2791666666,32087.453299999997,501379.15047500003,274513.052325,505729.26499999996,beegfs
1220,1.0,0.0,4096.0,51200.0,1024.0,8.0,128.0,1024.0,1.6031333333333333,0.19953333333333334,0.21243333333333334,0.1788,31939.418866666663,257689.54503333333,241510.15436666665,286916.52869999997,34444.91142222223,905083.6571333334,265756.07362222223,620435.789411111,beegfs
1221,1.0,0.0,4096.0,51200.0,1024.0,16.0,64.0,1024.0,1.2146666666666668,0.05223333333333333,0.3098,0.1282,42152.8004,979657.2378666666,210887.05413333335,399525.19450000004,34444.91142222223,905083.6571333334,265756.07362222223,620435.789411111,ave_beegfs
1222,1.0,0.0,4096.0,51200.0,1024.0,32.0,32.0,1024.0,1.7509,0.034866666666666664,0.2269,0.0436,29242.515,1477904.1885000002,344871.0123666667,1174865.6450333332,34444.91142222223,905083.6571333334,265756.07362222223,620435.789411111,beegfs
1223,1.0,0.0,4096.0,51200.0,2048.0,16.0,128.0,2048.0,,0.14833333333333334,0.2614,0.18333333333333335,,347547.37423333334,198577.4983,280201.34616666666,,1395731.75805,444302.4989,482015.77813333337,nfs
1224,1.0,0.0,4096.0,51200.0,2048.0,32.0,64.0,2048.0,1.7511666666666665,0.020966666666666665,0.0755,0.07493333333333334,29238.0054,2443916.1418666667,690027.4995,683830.2100999999,29238.0054,1395731.75805,444302.4989,482015.77813333337,beegfs
1225,1.0,0.0,1048576.0,1024.0,2.0,1.0,2.0,2.0,0.3294333333333333,0.10923333333333334,0.07743333333333334,0.07083333333333335,3187.0621666666666,9372.793466666668,13234.351466666667,14507.074833333332,3218.0816666666665,13289.128883333333,14151.926350000002,13952.0696,beegfs
1226,1.0,0.0,1048576.0,1024.0,2.0,2.0,1.0,2.0,0.31703333333333333,0.0595,0.06796666666666666,0.07643333333333334,3249.101166666667,17205.464300000003,15069.501233333334,13397.064366666667,3218.0816666666665,13289.128883333333,14151.926350000002,13952.0696,ave_beegfs
1227,1.0,0.0,1048576.0,1024.0,4.0,1.0,4.0,4.0,0.19336666666666666,0.10876666666666666,0.05676666666666667,0.03746666666666667,5298.738733333333,9415.089399999999,19038.35903333333,27408.5365,6252.024733333335,21684.09255555556,22091.70661111111,24220.2972,beegfs
1228,1.0,0.0,1048576.0,1024.0,4.0,2.0,2.0,4.0,0.15563333333333332,0.041699999999999994,0.04493333333333333,0.04626666666666667,6584.600600000001,24661.420400000003,22772.962333333333,22909.178766666668,6252.024733333335,21684.09255555556,22091.70661111111,24220.2972,ave_beegfs
1229,1.0,0.0,1048576.0,1024.0,4.0,4.0,1.0,4.0,0.15059999999999998,0.03306666666666667,0.04186666666666666,0.0458,6872.734866666667,30975.767866666665,24463.79846666667,22343.176333333337,6252.024733333335,21684.09255555556,22091.70661111111,24220.2972,ave_beegfs
1230,1.0,0.0,1048576.0,1024.0,8.0,1.0,8.0,8.0,0.17793333333333336,0.1087,0.033933333333333336,0.021099999999999997,5756.687966666667,9420.550266666667,31084.818233333335,48508.79276666666,10414.501675,37256.55413333333,39339.09879166667,47312.15004166667,beegfs
1231,1.0,0.0,1048576.0,1024.0,8.0,2.0,4.0,8.0,0.0917,0.023266666666666668,0.0273,0.022266666666666667,11207.195233333332,43954.7392,37768.971333333335,45943.87273333333,10414.501675,37256.55413333333,39339.09879166667,47312.15004166667,ave_beegfs
1232,1.0,0.0,1048576.0,1024.0,8.0,4.0,2.0,8.0,0.08813333333333334,0.021166666666666667,0.0248,0.021500000000000002,11648.021200000001,48502.24423333333,41332.2639,47667.30496666667,10414.501675,37256.55413333333,39339.09879166667,47312.15004166667,ave_beegfs
1233,1.0,0.0,1048576.0,1024.0,8.0,8.0,1.0,8.0,0.0791,0.02173333333333333,0.021733333333333337,0.02173333333333333,13046.102299999999,47148.68283333333,47170.3417,47128.6297,10414.501675,37256.55413333333,39339.09879166667,47312.15004166667,ave_beegfs
1234,1.0,0.0,1048576.0,1024.0,16.0,1.0,16.0,16.0,0.24450000000000002,0.108,0.0325,0.015233333333333335,4188.618366666667,9481.263533333333,31537.686966666664,67327.74573333333,17234.087186666668,77201.84946666667,55172.61950833334,72176.72998666667,beegfs
1235,1.0,0.0,1048576.0,1024.0,16.0,2.0,8.0,16.0,0.05996666666666667,0.0102,0.019866666666666668,0.015,17129.463133333335,100434.14149999998,51854.463933333325,68477.71953333334,17234.087186666668,77201.84946666667,55172.61950833334,72176.72998666667,beegfs
1236,1.0,0.0,1048576.0,1024.0,16.0,4.0,4.0,16.0,0.05263333333333333,0.012433333333333333,0.015533333333333335,0.011766666666666667,19851.343033333334,82522.30896666666,66734.9434,87245.50953333334,17234.087186666668,77201.84946666667,55172.61950833334,72176.72998666667,ave_beegfs
1237,1.0,0.0,1048576.0,1024.0,16.0,8.0,2.0,16.0,0.045566666666666665,0.010233333333333334,0.014866666666666667,0.011500000000000002,22493.145900000003,99920.34523333334,70563.38373333334,89145.30493333335,17234.087186666668,77201.84946666667,55172.61950833334,72176.72998666667,ave_beegfs
1238,1.0,0.0,1048576.0,1024.0,16.0,16.0,1.0,16.0,0.045500000000000006,0.010933333333333331,,0.021033333333333334,22507.8655,93651.18809999998,,48687.370200000005,17234.087186666668,77201.84946666667,,72176.72998666667,ave_beegfs
1239,1.0,0.0,1048576.0,1024.0,32.0,1.0,32.0,32.0,0.27193333333333336,0.1085,0.13636666666666666,0.009833333333333333,3767.0478666666663,9436.090166666667,27263.864433333336,107204.69266666665,20593.87701111111,137570.29013333336,90185.86507333333,119178.04185555555,beegfs
1240,1.0,0.0,1048576.0,1024.0,32.0,2.0,16.0,32.0,0.05836666666666667,0.0083,0.0147,0.012700000000000001,17596.554133333335,124850.88776666667,69673.68756666667,82162.93123333332,20593.87701111111,137570.29013333336,90185.86507333333,119178.04185555555,beegfs
1241,1.0,0.0,1048576.0,1024.0,32.0,4.0,8.0,32.0,0.043533333333333334,0.0051333333333333335,0.0121,0.008066666666666666,23569.527266666668,199469.3909,84752.8308,127109.97353333334,20593.87701111111,137570.29013333336,90185.86507333333,119178.04185555555,ave_beegfs
1242,1.0,0.0,1048576.0,1024.0,32.0,8.0,4.0,32.0,0.040433333333333335,0.012000000000000002,0.009,0.006666666666666667,25438.727866666668,86196.97439999999,118509.79853333333,153692.56496666666,20593.87701111111,137570.29013333336,90185.86507333333,119178.04185555555,ave_beegfs
1243,1.0,0.0,1048576.0,1024.0,32.0,16.0,2.0,32.0,0.04073333333333334,0.004966666666666667,,0.016033333333333333,25168.423766666663,206024.69163333334,,67716.23556666667,20593.87701111111,137570.29013333336,,119178.04185555555,ave_beegfs
1244,1.0,0.0,1048576.0,1024.0,32.0,32.0,1.0,32.0,0.0368,0.0051333333333333335,0.0067666666666666665,0.0058,28022.981166666665,199443.70593333335,150729.14403333332,177181.85316666667,20593.87701111111,137570.29013333336,90185.86507333333,119178.04185555555,ave_beegfs
1245,1.0,0.0,1048576.0,1024.0,64.0,1.0,64.0,64.0,0.2710333333333333,0.1097,0.02186666666666667,0.011833333333333335,3778.391833333333,9336.270966666667,47534.49216666666,90078.03406666666,22122.431566666666,161032.2216277778,112524.04128666666,155948.0983777778,beegfs
1246,1.0,0.0,1048576.0,1024.0,64.0,2.0,32.0,64.0,0.0609,0.005566666666666667,0.013666666666666666,0.013633333333333332,16892.70143333333,188345.83273333334,75043.14803333335,75352.1199,22122.431566666666,161032.2216277778,112524.04128666666,155948.0983777778,beegfs
1247,1.0,0.0,1048576.0,1024.0,64.0,4.0,16.0,64.0,0.0415,0.004966666666666667,0.009,0.0070999999999999995,24742.16486666667,207816.21180000002,114042.37836666667,144851.57510000002,22122.431566666666,161032.2216277778,112524.04128666666,155948.0983777778,ave_beegfs
1248,1.0,0.0,1048576.0,1024.0,64.0,8.0,8.0,64.0,0.03883333333333333,0.007899999999999999,0.007633333333333333,0.005,26379.108766666668,131589.52293333333,134686.62726666665,211145.43913333336,22122.431566666666,161032.2216277778,112524.04128666666,155948.0983777778,ave_beegfs
1249,1.0,0.0,1048576.0,1024.0,64.0,16.0,4.0,64.0,0.038766666666666665,0.006333333333333333,,0.009866666666666668,26422.212833333335,161829.59836666667,,104946.52176666667,22122.431566666666,161032.2216277778,,155948.0983777778,ave_beegfs
1250,1.0,0.0,1048576.0,1024.0,64.0,32.0,2.0,64.0,0.029733333333333334,0.0038666666666666663,0.0055000000000000005,0.0032999999999999995,34520.00966666667,267275.89296666667,191313.5606,309314.90030000004,22122.431566666666,161032.2216277778,112524.04128666666,155948.0983777778,ave_beegfs
1251,1.0,0.0,1048576.0,1024.0,128.0,1.0,128.0,128.0,0.44353333333333333,0.20186666666666667,0.04393333333333333,0.01693333333333333,2313.0839666666666,5157.375766666667,24024.37493333333,61772.83876666666,18677.515616666664,128611.1489611111,82214.60905333333,116471.0931,beegfs
1252,1.0,0.0,1048576.0,1024.0,128.0,2.0,64.0,128.0,0.07333333333333333,0.032933333333333335,0.03893333333333333,0.03303333333333333,14009.9995,32063.3281,26359.6102,33453.38736666667,18677.515616666664,128611.1489611111,82214.60905333333,116471.0931,beegfs
1253,1.0,0.0,1048576.0,1024.0,128.0,4.0,32.0,128.0,0.04903333333333334,0.009233333333333335,0.010866666666666669,0.0088,20920.231866666665,161769.2370333333,93980.27880000001,117562.9311,18677.515616666664,128611.1489611111,82214.60905333333,116471.0931,ave_beegfs
1254,1.0,0.0,1048576.0,1024.0,128.0,8.0,16.0,128.0,0.04173333333333334,0.007666666666666666,0.0082,0.005999999999999999,24641.904899999998,134873.1956,125981.26363333334,171247.34113333334,18677.515616666664,128611.1489611111,82214.60905333333,116471.0931,ave_beegfs
1255,1.0,0.0,1048576.0,1024.0,128.0,16.0,8.0,128.0,0.04106666666666667,0.0047666666666666664,,0.017666666666666667,24960.126399999997,213990.12186666668,,63191.99673333333,18677.515616666664,128611.1489611111,,116471.0931,ave_beegfs
1256,1.0,0.0,1048576.0,1024.0,128.0,32.0,4.0,128.0,0.04086666666666667,0.0046,0.007266666666666667,0.004066666666666666,25219.747066666667,223813.63540000003,140727.5177,251598.06350000002,18677.515616666664,128611.1489611111,82214.60905333333,116471.0931,ave_beegfs
1257,1.0,0.0,1048576.0,1024.0,256.0,1.0,256.0,256.0,0.45186666666666664,,,0.0121,2269.5459666666666,,,84721.3288,15483.335100000002,,,171065.7630888889,beegfs
1258,1.0,0.0,1048576.0,1024.0,256.0,2.0,128.0,256.0,,,0.16093333333333334,0.06586666666666667,,,6365.169366666666,15559.151033333334,,,87842.16647499999,171065.7630888889,nfs
1259,1.0,0.0,1048576.0,1024.0,256.0,4.0,64.0,256.0,0.08693333333333335,0.0048,0.03436666666666666,0.025433333333333336,11822.765266666667,213784.7132333333,33472.28226666667,43243.54036666667,15483.335100000002,386406.2413933333,87842.16647499999,171065.7630888889,beegfs
1260,1.0,0.0,1048576.0,1024.0,256.0,8.0,32.0,256.0,0.049966666666666666,0.005966666666666666,0.006466666666666667,0.003833333333333333,20940.653666666665,178750.2566333333,158554.29283333334,265894.69769999996,15483.335100000002,386406.2413933333,87842.16647499999,171065.7630888889,ave_beegfs
1261,1.0,0.0,1048576.0,1024.0,256.0,16.0,16.0,256.0,0.056066666666666674,0.0026333333333333334,,0.009566666666666666,18673.308866666666,389003.1704,,113741.37016666667,15483.335100000002,386406.2413933333,,171065.7630888889,ave_beegfs
1262,1.0,0.0,1048576.0,1024.0,256.0,32.0,8.0,256.0,0.0433,0.0009666666666666666,0.0067666666666666665,0.002033333333333333,23710.401733333332,1083975.2815,152976.92143333334,503234.49046666664,15483.335100000002,386406.2413933333,87842.16647499999,171065.7630888889,ave_beegfs
1263,1.0,0.0,1048576.0,1024.0,512.0,4.0,128.0,512.0,0.1351,0.11506666666666666,0.1930333333333333,0.10286666666666666,7627.150966666667,9126.731533333334,5375.292666666667,9994.948933333333,12803.883658333332,183706.045075,52023.262777777774,96512.15936666667,nfs
1264,1.0,0.0,1048576.0,1024.0,512.0,8.0,64.0,512.0,0.0958,0.008566666666666667,0.044000000000000004,0.05106666666666667,10797.459733333333,131804.0763,24918.0855,23593.093333333334,12803.883658333332,183706.045075,52023.262777777774,96512.15936666667,beegfs
1265,1.0,0.0,1048576.0,1024.0,512.0,16.0,32.0,512.0,0.057133333333333335,0.0034333333333333334,,0.0193,18209.616133333333,304493.05943333334,,57480.896733333335,12803.883658333332,183706.045075,,96512.15936666667,ave_beegfs
1266,1.0,0.0,1048576.0,1024.0,512.0,32.0,16.0,512.0,0.0704,0.003533333333333333,0.0082,0.004033333333333333,14581.3078,289400.31303333334,125776.41016666667,294979.6984666667,12803.883658333332,183706.045075,52023.262777777774,96512.15936666667,ave_beegfs
1267,1.0,0.0,1048576.0,1024.0,1024.0,8.0,128.0,1024.0,0.20146666666666668,0.11913333333333333,0.19323333333333334,0.10843333333333333,5192.883533333334,8687.690333333334,5308.8222,9513.0211,7780.550277777777,440241.62255555554,47258.64626666667,174798.00237777774,beegfs
1268,1.0,0.0,1048576.0,1024.0,1024.0,16.0,64.0,1024.0,0.0977,0.0020666666666666667,,0.034,10493.994533333333,497005.0183666667,,30333.2996,7780.550277777777,440241.62255555554,,174798.00237777774,ave_beegfs
1269,1.0,0.0,1048576.0,1024.0,1024.0,32.0,32.0,1024.0,0.13393333333333332,0.0012666666666666666,0.011500000000000002,0.005666666666666667,7654.772766666666,815032.1589666667,89208.47033333335,484547.68643333326,7780.550277777777,440241.62255555554,47258.64626666667,174798.00237777774,beegfs
1270,1.0,0.0,1048576.0,4096.0,2048.0,16.0,128.0,2048.0,,0.12466666666666666,,0.14016666666666666,,33045.67796666666,,29553.656166666668,,633921.5041833334,,68461.84391666666,tmpfs
1271,1.0,0.0,1048576.0,4096.0,2048.0,32.0,64.0,2048.0,0.1975,0.005600000000000001,0.052833333333333336,0.0384,20754.1961,1234797.3304,77545.16803333334,107370.03166666666,20754.1961,633921.5041833334,77545.16803333334,68461.84391666666,beegfs
1272,1.0,0.0,1048576.0,4096.0,4096.0,32.0,128.0,4096.0,,0.1432,0.25416666666666665,0.1346,,28759.90986666667,16134.0172,30571.76813333333,,28759.90986666667,16134.0172,30571.76813333333,nfs
1273,1.0,0.0,1048576.0,5120.0,2.0,1.0,2.0,2.0,1.5900666666666667,0.5471666666666667,0.4295333333333333,0.3571333333333333,3400.994033333334,9357.862633333332,12267.029433333335,14499.8102,3824.1421000000005,13803.790683333335,14536.28275,14952.073783333333,beegfs
1274,1.0,0.0,1048576.0,5120.0,2.0,2.0,1.0,2.0,1.2302333333333333,0.2807,0.3047,0.3323333333333333,4247.290166666667,18249.71873333333,16805.536066666667,15404.337366666667,3824.1421000000005,13803.790683333335,14536.28275,14952.073783333333,ave_beegfs
1275,1.0,0.0,1048576.0,5120.0,4.0,1.0,4.0,4.0,1.0052333333333332,0.545,0.326,0.1811,5094.5841666666665,9395.068933333334,15709.129533333333,28306.181266666666,6142.855500000001,22891.49867777778,22497.410466666668,25791.367288888887,beegfs
1276,1.0,0.0,1048576.0,5120.0,4.0,2.0,2.0,4.0,0.8333333333333334,0.2088,0.25176666666666664,0.2563,6217.4877333333325,24586.696066666667,20847.188866666667,19994.246499999997,6142.855500000001,22891.49867777778,22497.410466666668,25791.367288888887,ave_beegfs
1277,1.0,0.0,1048576.0,5120.0,4.0,4.0,1.0,4.0,0.7195,0.14759999999999998,0.1655,0.17613333333333334,7116.494600000001,34692.73103333334,30935.913,29073.6741,6142.855500000001,22891.49867777778,22497.410466666668,25791.367288888887,ave_beegfs
1278,1.0,0.0,1048576.0,5120.0,8.0,1.0,8.0,8.0,0.8882666666666666,0.5381999999999999,0.1607,0.13923333333333332,5765.697566666667,9513.258633333333,32020.18993333333,36854.38,10515.385116666668,33624.48048333334,37992.019158333336,46009.57588333333,beegfs
1279,1.0,0.0,1048576.0,5120.0,8.0,2.0,4.0,8.0,0.42510000000000003,0.17776666666666666,0.1671,0.11256666666666666,12048.141433333332,28866.567933333336,31710.1614,46435.350933333335,10515.385116666668,33624.48048333334,37992.019158333336,46009.57588333333,ave_beegfs
1280,1.0,0.0,1048576.0,5120.0,8.0,4.0,2.0,8.0,0.42956666666666665,0.10566666666666667,0.1401,0.11523333333333334,11949.219666666666,48527.325266666674,38112.02496666667,45254.2306,10515.385116666668,33624.48048333334,37992.019158333336,46009.57588333333,ave_beegfs
1281,1.0,0.0,1048576.0,5120.0,8.0,8.0,1.0,8.0,0.41673333333333334,0.10763333333333332,0.10216666666666667,0.09226666666666666,12298.4818,47590.7701,50125.700333333334,55494.342000000004,10515.385116666668,33624.48048333334,37992.019158333336,46009.57588333333,ave_beegfs
1282,1.0,0.0,1048576.0,5120.0,16.0,1.0,16.0,16.0,1.2038333333333333,0.5382666666666667,0.12810000000000002,0.06730000000000001,4254.5142000000005,9512.148333333333,40824.773766666665,76745.4442,18216.60148666667,74950.52927999999,59711.93330833334,76247.42934666667,beegfs
1283,1.0,0.0,1048576.0,5120.0,16.0,2.0,8.0,16.0,0.2783,0.042333333333333334,0.11,0.06936666666666667,18402.987866666666,120929.89816666667,46695.538166666665,73866.35543333333,18216.60148666667,74950.52927999999,59711.93330833334,76247.42934666667,ave_beegfs
1284,1.0,0.0,1048576.0,5120.0,16.0,4.0,4.0,16.0,0.2401333333333333,0.09670000000000001,0.06693333333333333,0.06526666666666667,21585.774166666666,52953.53026666667,76571.66336666666,79387.68086666668,18216.60148666667,74950.52927999999,59711.93330833334,76247.42934666667,ave_beegfs
1285,1.0,0.0,1048576.0,5120.0,16.0,8.0,2.0,16.0,0.2231,0.052700000000000004,0.06913333333333334,0.05236666666666667,22948.777133333333,97197.48333333334,74755.75793333333,97769.18323333333,18216.60148666667,74950.52927999999,59711.93330833334,76247.42934666667,ave_beegfs
1286,1.0,0.0,1048576.0,5120.0,16.0,16.0,1.0,16.0,0.2144,0.054366666666666674,,0.09576666666666667,23890.95406666667,94159.58630000001,,53468.483,18216.60148666667,74950.52927999999,,76247.42934666667,ave_beegfs
1287,1.0,0.0,1048576.0,5120.0,32.0,1.0,32.0,32.0,1.3086333333333333,0.5382666666666666,0.0993,0.0404,3912.5843,9511.849833333334,51898.8621,126917.38216666666,21030.475766666663,118893.98672666664,110710.95746000002,120609.10814999999,beegfs
1288,1.0,0.0,1048576.0,5120.0,32.0,2.0,16.0,32.0,0.2573666666666667,0.06063333333333334,0.05003333333333334,0.06133333333333333,19896.5817,84667.44966666667,102537.47136666666,83954.9167,21030.475766666663,118893.98672666664,110710.95746000002,120609.10814999999,beegfs
1289,1.0,0.0,1048576.0,5120.0,32.0,4.0,8.0,32.0,0.19243333333333332,0.024833333333333332,0.051199999999999996,0.034333333333333334,26615.437666666665,206230.87806666666,100478.34583333333,149455.8038,21030.475766666663,118893.98672666664,110710.95746000002,120609.10814999999,ave_beegfs
1290,1.0,0.0,1048576.0,5120.0,32.0,8.0,4.0,32.0,0.1890666666666667,0.04943333333333333,0.037366666666666666,0.03216666666666667,27082.4944,103768.05853333334,139495.34776666667,160632.91176666666,21030.475766666663,118893.98672666664,110710.95746000002,120609.10814999999,ave_beegfs
1291,1.0,0.0,1048576.0,5120.0,32.0,16.0,2.0,32.0,0.18530000000000002,0.026899999999999997,,0.07853333333333333,27645.280766666667,190291.69753333332,,65221.66503333333,21030.475766666663,118893.98672666664,,120609.10814999999,ave_beegfs
1292,1.0,0.0,1048576.0,5120.0,32.0,32.0,1.0,32.0,,,0.03216666666666667,0.037233333333333334,,,159144.76023333333,137471.96943333335,,,110710.95746000002,120609.10814999999,ave_nfs
1293,1.0,0.0,1048576.0,5120.0,64.0,1.0,64.0,64.0,1.3052666666666666,0.5421666666666667,0.08403333333333333,0.03676666666666667,3922.6236000000004,9445.1314,60947.962900000006,139367.6288,21537.193359999997,136535.18539333332,150411.46131999997,177860.44351666665,beegfs
1294,1.0,0.0,1048576.0,5120.0,64.0,2.0,32.0,64.0,0.25583333333333336,0.0357,0.03793333333333333,0.0604,20018.3236,143914.95440000002,135858.196,84764.94556666666,21537.193359999997,136535.18539333332,150411.46131999997,177860.44351666665,beegfs
1295,1.0,0.0,1048576.0,5120.0,64.0,4.0,16.0,64.0,0.18386666666666665,0.028066666666666667,0.0322,0.03366666666666667,27856.2792,184715.95916666664,159134.54783333334,152638.81316666666,21537.193359999997,136535.18539333332,150411.46131999997,177860.44351666665,ave_beegfs
1296,1.0,0.0,1048576.0,5120.0,64.0,8.0,8.0,64.0,0.18123333333333333,0.03316666666666667,0.029066666666666668,0.021566666666666668,28258.892566666666,155347.1072,176333.83733333333,240887.72533333334,21537.193359999997,136535.18539333332,150411.46131999997,177860.44351666665,ave_beegfs
1297,1.0,0.0,1048576.0,5120.0,64.0,16.0,4.0,64.0,0.18536666666666668,0.027066666666666666,,0.04106666666666667,27629.847833333333,189252.7748,,133679.92476666666,21537.193359999997,136535.18539333332,,177860.44351666665,ave_beegfs
1298,1.0,0.0,1048576.0,5120.0,64.0,32.0,2.0,64.0,,,0.0233,0.0163,,,219782.7625333333,315823.6234666667,,,150411.46131999997,177860.44351666665,ave_nfs
1299,1.0,0.0,1048576.0,5120.0,128.0,1.0,128.0,128.0,1.4124666666666668,0.6492,0.0909,0.05356666666666667,3626.090066666666,7932.2424,56683.89393333333,96387.1566,21142.80042,167515.28720000002,138185.10416666666,202228.89469999998,beegfs
1300,1.0,0.0,1048576.0,5120.0,128.0,2.0,64.0,128.0,0.27299999999999996,0.07003333333333334,0.051166666666666666,0.07223333333333333,18753.890333333333,77616.62819999999,103147.4146,71545.06876666668,21142.80042,167515.28720000002,138185.10416666666,202228.89469999998,beegfs
1301,1.0,0.0,1048576.0,5120.0,128.0,4.0,32.0,128.0,0.1898,0.016866666666666665,0.03426666666666667,0.0329,26982.747166666668,308236.9658,149490.22846666665,156134.87536666667,21142.80042,167515.28720000002,138185.10416666666,202228.89469999998,ave_beegfs
1302,1.0,0.0,1048576.0,5120.0,128.0,8.0,16.0,128.0,0.18413333333333334,0.03166666666666667,0.02716666666666667,0.018600000000000002,27812.031399999996,161953.88006666666,190159.0026,275976.7948333333,21142.80042,167515.28720000002,138185.10416666666,202228.89469999998,ave_beegfs
1303,1.0,0.0,1048576.0,5120.0,128.0,16.0,8.0,128.0,0.17943333333333333,0.018233333333333334,,0.0416,28539.243133333333,281836.7195333333,,126222.68326666666,21142.80042,167515.28720000002,,202228.89469999998,ave_beegfs
1304,1.0,0.0,1048576.0,5120.0,128.0,32.0,4.0,128.0,,,0.1334,0.010533333333333334,,,191444.98123333332,487106.7893666667,,,138185.10416666666,202228.89469999998,ave_nfs
1305,1.0,0.0,1048576.0,5120.0,256.0,1.0,256.0,256.0,1.4101,0.2178,,0.04276666666666667,3632.063866666667,24380.1985,,119742.14436666667,25335.063946666665,393741.95786666666,,258860.56304444445,beegfs
1306,1.0,0.0,1048576.0,5120.0,256.0,2.0,128.0,256.0,,,0.11166666666666668,0.08683333333333333,,,46078.643833333335,59582.44763333334,,,189841.3891916667,258860.56304444445,nfs
1307,1.0,0.0,1048576.0,5120.0,256.0,4.0,64.0,256.0,0.21303333333333332,0.0219,0.04566666666666667,0.04673333333333333,24177.42613333333,233625.4725,112085.74203333333,111505.59996666666,25335.063946666665,393741.95786666666,189841.3891916667,258860.56304444445,beegfs
1308,1.0,0.0,1048576.0,5120.0,256.0,8.0,32.0,256.0,0.1663,0.0218,0.021033333333333334,0.0171,30817.100666666665,235550.70556666667,243318.5353,299283.8036666667,25335.063946666665,393741.95786666666,189841.3891916667,258860.56304444445,ave_beegfs
1309,1.0,0.0,1048576.0,5120.0,256.0,16.0,16.0,256.0,0.12943333333333332,0.013266666666666668,,0.031933333333333334,39552.7489,385366.7323,,166960.1692,25335.063946666665,393741.95786666666,,258860.56304444445,ave_beegfs
1310,1.0,0.0,1048576.0,5120.0,256.0,32.0,8.0,256.0,0.17966666666666664,0.0047,0.0155,0.006433333333333333,28495.980166666664,1089786.6804666666,357882.6356,796089.2134333333,25335.063946666665,393741.95786666666,189841.3891916667,258860.56304444445,ave_beegfs
1311,1.0,0.0,1048576.0,5120.0,512.0,4.0,128.0,512.0,0.2798,0.12773333333333334,0.19556666666666667,0.1029,18532.804966666667,40280.1732,26443.6831,49868.42413333334,25770.378866666666,337590.7572583333,163463.14573333334,293613.793875,beegfs
1312,1.0,0.0,1048576.0,5120.0,512.0,8.0,64.0,512.0,0.2507,0.014133333333333333,0.05206666666666667,0.03626666666666667,20619.642866666665,361815.0147333334,99006.24643333333,156093.32379999998,25770.378866666666,337590.7572583333,163463.14573333334,293613.793875,beegfs
1313,1.0,0.0,1048576.0,5120.0,512.0,16.0,32.0,512.0,0.13776666666666668,0.014466666666666668,,0.03453333333333333,37180.95676666666,364061.2055,,151390.64763333334,25770.378866666666,337590.7572583333,,293613.793875,ave_beegfs
1314,1.0,0.0,1048576.0,5120.0,512.0,32.0,16.0,512.0,0.19143333333333334,0.009933333333333334,0.014033333333333333,0.006266666666666667,26748.110866666666,584206.6356,364939.5076666667,817102.7799333334,25770.378866666666,337590.7572583333,163463.14573333334,293613.793875,ave_beegfs
1315,1.0,0.0,1048576.0,5120.0,1024.0,8.0,128.0,1024.0,0.2833666666666667,0.11053333333333333,0.17633333333333334,0.1204,18168.9911,46347.709800000004,29643.594433333335,42688.42593333333,25571.677655555555,554027.4907,202326.36031666666,369757.4187111112,beegfs
1316,1.0,0.0,1048576.0,5120.0,1024.0,16.0,64.0,1024.0,0.14826666666666666,0.0061333333333333335,,0.040966666666666665,34537.37413333333,834904.0517333333,,129484.1691,25571.677655555555,554027.4907,,369757.4187111112,ave_beegfs
1317,1.0,0.0,1048576.0,5120.0,1024.0,32.0,32.0,1024.0,0.2132666666666667,0.008333333333333333,0.013766666666666668,0.005466666666666666,24008.667733333335,780830.7105666666,375009.1262,937099.6611,25571.677655555555,554027.4907,202326.36031666666,369757.4187111112,beegfs
1318,1.0,0.0,1048576.0,49152.0,4096.0,32.0,128.0,4096.0,,0.1486333333333333,0.251,0.12116666666666666,,334249.2181,197245.03066666666,407766.7874333333,,334249.2181,197245.03066666666,407766.7874333333,nfs
1319,1.0,0.0,1048576.0,51200.0,2.0,1.0,2.0,2.0,39.494233333333334,6.801833333333334,,3.3324666666666665,1298.9972333333333,7527.473466666666,,15369.507233333332,1305.8134166666666,10147.82795,,16082.290966666666,beegfs
1320,1.0,0.0,1048576.0,51200.0,2.0,2.0,1.0,2.0,39.078466666666664,4.027466666666666,3.6047333333333333,3.0485333333333333,1312.6296,12768.182433333335,14203.719299999999,16795.0747,1305.8134166666666,10147.82795,14203.719300000002,16082.290966666666,ave_beegfs
1321,1.0,0.0,1048576.0,51200.0,4.0,1.0,4.0,4.0,18.177266666666668,7.010266666666666,,1.6172333333333333,2837.0534666666667,7303.5996000000005,,31894.874866666665,2822.874433333333,16469.8075,,31505.58072222222,ave_beegfs
1322,1.0,0.0,1048576.0,51200.0,4.0,2.0,2.0,4.0,18.357033333333334,2.3451,2.3424333333333336,1.7367666666666668,2803.9407666666666,21985.425199999998,21888.7288,29618.353333333333,2822.874433333333,16469.8075,11168.528733333334,31505.58072222222,beegfs
1323,1.0,0.0,1048576.0,51200.0,4.0,4.0,1.0,4.0,18.4829,2.3352000000000004,114.20196666666668,1.5513666666666666,2827.629066666667,21945.692799999997,448.3286666666666,33003.513966666666,2822.874433333333,16469.8075,11168.528733333334,31505.58072222222,nfs
1324,1.0,0.0,1048576.0,51200.0,8.0,1.0,8.0,8.0,9.9951,7.056933333333333,,1.0395666666666667,5129.836333333334,7255.3836,,49345.49216666666,6153.127216666668,37192.301975,,52762.54676666667,beegfs
1325,1.0,0.0,1048576.0,51200.0,8.0,2.0,4.0,8.0,8.0206,1.2824666666666666,1.1874333333333333,1.1008,6387.919733333333,39925.7427,43168.9805,46955.20190000001,6153.127216666668,37192.301975,44217.77186666667,52762.54676666667,ave_beegfs
1326,1.0,0.0,1048576.0,51200.0,8.0,4.0,2.0,8.0,8.063166666666667,1.139,19.846833333333333,1.0462333333333333,6356.8304333333335,45769.20226666667,29184.086566666665,49640.79846666667,6153.127216666668,37192.301975,44217.77186666667,52762.54676666667,ave_beegfs
1327,1.0,0.0,1048576.0,51200.0,8.0,8.0,1.0,8.0,7.787233333333333,0.9380333333333333,0.8491,0.7864,6737.922366666667,55818.87933333334,60300.24853333334,65108.694533333335,6153.127216666668,37192.301975,44217.77186666667,52762.54676666667,ave_beegfs
1328,1.0,0.0,1048576.0,51200.0,16.0,1.0,16.0,16.0,11.7871,7.094366666666667,,0.6342333333333333,4344.168733333333,7217.3253,,80734.34693333333,13987.552000000001,87855.42609333334,,78442.35071999999,beegfs
1329,1.0,0.0,1048576.0,51200.0,16.0,2.0,8.0,16.0,3.4677666666666664,0.381,9.9912,0.6772666666666667,15207.506433333334,134387.0055,49929.21306666667,76611.35573333333,13987.552000000001,87855.42609333334,44204.23886666666,78442.35071999999,ave_beegfs
1330,1.0,0.0,1048576.0,51200.0,16.0,4.0,4.0,16.0,3.3829666666666665,0.7690333333333333,113.77913333333333,0.6053333333333333,15235.920766666668,66790.62086666666,449.9947333333333,84730.33793333334,13987.552000000001,87855.42609333334,44204.23886666666,78442.35071999999,nfs
1331,1.0,0.0,1048576.0,51200.0,16.0,8.0,2.0,16.0,2.649,0.40490000000000004,0.7262333333333334,0.5548000000000001,19423.13835,126456.17913333334,70705.2295,93010.15703333332,13987.552,87855.42609333334,44204.23886666666,78442.35071999999,ave_beegfs
1332,1.0,0.0,1048576.0,51200.0,16.0,16.0,1.0,16.0,2.9296666666666664,0.49910000000000004,0.9187,0.8963000000000001,17538.88783333333,104425.99966666667,55732.51816666667,57125.55596666667,13987.552000000001,87855.42609333334,44204.23886666666,78442.35071999999,ave_beegfs
1333,1.0,0.0,1048576.0,51200.0,32.0,1.0,32.0,32.0,12.957066666666668,7.190300000000001,,0.38520000000000004,3951.6498333333334,7121.848566666667,,132942.37853333334,20736.8677,130010.31538666667,,133986.2454611111,beegfs
1334,1.0,0.0,1048576.0,51200.0,32.0,2.0,16.0,32.0,2.661,0.5524666666666667,33.2357,0.49979999999999997,19262.421899999998,93140.60583333333,1597.2149666666667,104401.7526,20736.8677,130010.31538666667,82013.70637333333,133986.2454611111,nfs
1335,1.0,0.0,1048576.0,51200.0,32.0,4.0,8.0,32.0,1.9300333333333335,0.23666666666666666,71.12943333333332,0.39643333333333336,26539.595966666664,216363.57453333333,849.4184,129194.12966666667,20736.8677,130010.31538666667,82013.70637333333,133986.2454611111,nfs
1336,1.0,0.0,1048576.0,51200.0,32.0,8.0,4.0,32.0,1.8893000000000002,0.44353333333333333,0.40969999999999995,0.33026666666666665,27125.290899999996,116113.00493333333,125148.85666666667,155026.1366333333,20736.8677,130010.31538666667,82013.70637333333,133986.2454611111,ave_beegfs
1337,1.0,0.0,1048576.0,51200.0,32.0,16.0,2.0,32.0,1.9102666666666668,0.2356,0.6865333333333333,0.6238,26805.3799,217312.54306666667,74782.53046666666,85021.07566666667,20736.8677,130010.31538666667,82013.70637333333,133986.2454611111,ave_beegfs
1338,1.0,0.0,1048576.0,51200.0,32.0,32.0,1.0,32.0,,,0.24653333333333335,0.2594666666666667,,,207690.51136666667,197331.9996666667,,,82013.70637333333,133986.2454611111,ave_nfs
1339,1.0,0.0,1048576.0,51200.0,64.0,1.0,64.0,64.0,12.784633333333332,7.2409,,0.3248333333333333,4004.8331333333335,7074.8734,,158726.0661666667,21858.999493333333,126786.34926428572,,208719.90723333333,beegfs
1340,1.0,0.0,1048576.0,51200.0,64.0,2.0,32.0,64.0,2.527533333333333,0.5776,28.436433333333337,0.5408333333333334,20262.372666666666,101646.8419,1800.5079333333333,95293.03533333335,21858.999493333333,126786.34926428572,128395.89861999998,208719.90723333333,nfs
1341,1.0,0.0,1048576.0,51200.0,64.0,4.0,16.0,64.0,1.8249000000000002,0.6276999999999999,26.211299999999998,0.29916666666666664,28062.474599999998,95610.99115,3367.029,171421.49156666666,21858.999493333333,126786.34926428573,128395.89861999998,208719.90723333333,nfs
1342,1.0,0.0,1048576.0,51200.0,64.0,8.0,8.0,64.0,1.7724666666666666,0.26,0.2521333333333333,0.18793333333333337,28896.676366666667,197435.4634,203161.90106666667,273580.8507,21858.999493333333,126786.34926428572,128395.89861999998,208719.90723333333,ave_beegfs
1343,1.0,0.0,1048576.0,51200.0,64.0,16.0,4.0,64.0,1.8254333333333335,0.23103333333333334,0.2944333333333333,0.2661,28068.6407,221771.79043333334,185829.24066666668,196255.1884,21858.999493333333,126786.34926428572,128395.89861999998,208719.90723333333,ave_beegfs
1344,1.0,0.0,1048576.0,51200.0,64.0,32.0,2.0,64.0,,,0.2066,0.14446666666666666,,,247820.81443333335,357042.8112333333,,,128395.89861999998,208719.90723333333,ave_nfs
1345,1.0,0.0,1048576.0,51200.0,128.0,1.0,128.0,128.0,12.7016,7.6494,,0.3508,4031.1614999999997,6695.118966666666,,147039.56973333334,22076.35989333333,182340.52425333334,,257713.78822222224,beegfs
1346,1.0,0.0,1048576.0,51200.0,128.0,2.0,64.0,128.0,2.5124,0.46530000000000005,9.5761,0.48269999999999996,20381.780866666668,110196.63543333333,78435.53666666667,106708.24536666666,22076.35989333333,182340.52425333334,199653.08423333333,257713.78822222224,beegfs
1347,1.0,0.0,1048576.0,51200.0,128.0,4.0,32.0,128.0,1.7985333333333333,0.22903333333333334,0.3167333333333333,0.3015666666666667,28467.909266666666,231247.31736666666,162113.44393333336,170177.0209,22076.35989333333,182340.52425333334,199653.08423333333,257713.78822222224,ave_beegfs
1348,1.0,0.0,1048576.0,51200.0,128.0,8.0,16.0,128.0,1.7760999999999998,0.27963333333333334,0.20263333333333333,0.1711,28828.994633333332,191171.2495,253048.37033333335,299887.73823333334,22076.35989333333,182340.52425333334,199653.08423333333,257713.78822222224,ave_beegfs
1349,1.0,0.0,1048576.0,51200.0,128.0,16.0,8.0,128.0,1.7867666666666668,0.13770000000000002,1.3776666666666666,0.23416666666666666,28671.9532,372392.3,136792.5316,228103.7174333333,22076.35989333333,182340.52425333334,199653.08423333333,257713.78822222224,ave_beegfs
1350,1.0,0.0,1048576.0,51200.0,128.0,32.0,4.0,128.0,,,0.1396666666666667,0.08673333333333333,,,367875.53863333334,594366.4376666667,,,199653.08423333333,257713.78822222224,ave_nfs
1351,1.0,0.0,1048576.0,51200.0,256.0,1.0,256.0,256.0,12.653233333333333,0.6977666666666668,,0.34026666666666666,4046.4067333333332,73670.63216666666,,151280.55046666667,24587.35925333334,431131.40092,,352156.93622777774,beegfs
1352,1.0,0.0,1048576.0,51200.0,256.0,2.0,128.0,256.0,,,0.301,0.4779333333333333,,,170143.7132,107187.1075,,,280345.32419333333,352156.93622777774,tmpfs
1353,1.0,0.0,1048576.0,51200.0,256.0,4.0,64.0,256.0,2.1971666666666665,0.20013333333333336,0.1997,0.20926666666666668,23314.604033333333,255838.69126666666,261111.9177333333,244735.296,24587.35925333334,431131.40092,280345.32419333333,352156.93622777774,beegfs
1354,1.0,0.0,1048576.0,51200.0,256.0,8.0,32.0,256.0,2.1266666666666665,0.18156666666666665,0.17003333333333334,0.14936666666666668,24133.502566666666,283744.23306666664,302542.5933333333,343257.19033333333,24587.35925333334,431131.40092,280345.32419333333,352156.93622777774,beegfs
1355,1.0,0.0,1048576.0,51200.0,256.0,16.0,16.0,256.0,1.2144666666666666,0.14049999999999999,0.3051333333333333,0.17783333333333332,42160.862,390875.0650333334,168893.3541,287937.98736666667,24587.35925333334,431131.40092,280345.32419333333,352156.93622777774,ave_beegfs
1356,1.0,0.0,1048576.0,51200.0,256.0,32.0,8.0,256.0,1.7486,0.04446666666666666,0.10510000000000001,0.052333333333333336,29281.42093333333,1151528.3830666665,499035.0426,978543.4857000001,24587.35925333334,431131.40092,280345.32419333333,352156.93622777774,ave_beegfs
1357,1.0,0.0,1048576.0,51200.0,512.0,4.0,128.0,512.0,2.2398666666666665,0.3385666666666667,0.2581,0.2710333333333333,23100.5858,151711.642,199285.7463,189026.16559999998,29425.89429166666,563192.4900833333,329579.940075,499827.9425916667,beegfs
1358,1.0,0.0,1048576.0,51200.0,512.0,8.0,64.0,512.0,2.2205333333333335,0.10556666666666666,0.17116666666666666,0.13043333333333332,23139.892233333336,486842.7330666667,300208.2104666667,395390.6079333333,29425.89429166666,563192.4900833333,329579.940075,499827.9425916667,beegfs
1359,1.0,0.0,1048576.0,51200.0,512.0,16.0,32.0,512.0,1.2079333333333333,0.09743333333333333,0.18723333333333333,0.19999999999999998,42390.0818,528722.6990333333,274732.86103333335,256869.95939999996,29425.89429166666,563192.4900833333,329579.940075,499827.9425916667,ave_beegfs
1360,1.0,0.0,1048576.0,51200.0,512.0,32.0,16.0,512.0,1.7611333333333334,0.0472,0.10099999999999999,0.04426666666666667,29073.017333333333,1085492.8862333333,544092.9425,1158025.0374333335,29425.89429166666,563192.4900833333,329579.940075,499827.9425916667,beegfs
1361,1.0,0.0,1048576.0,51200.0,1024.0,8.0,128.0,1024.0,2.1181666666666668,0.21589999999999998,0.2213333333333333,0.19403333333333336,24302.005966666668,238129.45010000002,231851.40846666667,264107.77903333335,31933.993211111112,966716.7968444444,320919.2176111111,583660.9684222223,beegfs
1362,1.0,0.0,1048576.0,51200.0,1024.0,16.0,64.0,1024.0,1.2083666666666666,0.0499,0.2744666666666667,0.1383,42371.44066666667,1026589.4012666667,240608.43096666667,370831.7506666666,31933.993211111112,966716.7968444444,320919.2176111111,583660.9684222223,ave_beegfs
1363,1.0,0.0,1048576.0,51200.0,1024.0,32.0,32.0,1024.0,1.7578333333333334,0.03206666666666667,0.10706666666666666,0.04593333333333333,29128.533,1635431.5391666666,490297.81340000004,1116043.3755666667,31933.993211111112,966716.7968444444,320919.2176111111,583660.9684222223,beegfs
1364,1.0,0.0,1048576.0,51200.0,2048.0,16.0,128.0,2048.0,,0.153,0.29186666666666666,0.20409999999999998,,336042.27846666664,180775.20750000002,251392.35733333335,,1585747.495183333,450512.6094166667,439301.76109999995,nfs
1365,1.0,0.0,1048576.0,51200.0,2048.0,32.0,64.0,2048.0,1.8018999999999998,0.018166666666666668,0.0719,0.08186666666666667,28415.159033333333,2835452.7119,720250.0113333333,627211.1648666667,28415.15903333333,1585747.495183333,450512.6094166667,439301.76109999995,ave_beegfs
1366,1.0,0.0,4194304.0,1024.0,2.0,1.0,2.0,2.0,0.19843333333333332,0.1095,0.08573333333333333,0.07883333333333332,5160.3591333333325,9350.312466666668,12024.1307,13010.761433333333,5610.235366666667,13216.313499999998,13521.945633333335,13139.482349999998,beegfs
1367,1.0,0.0,4194304.0,1024.0,2.0,2.0,1.0,2.0,0.16926666666666668,0.05993333333333334,0.06816666666666667,0.07716666666666666,6060.1116,17082.314533333334,15019.760566666666,13268.203266666666,5610.235366666667,13216.313499999998,13521.945633333335,13139.482349999998,ave_beegfs
1368,1.0,0.0,4194304.0,1024.0,4.0,1.0,4.0,4.0,0.18889999999999998,0.11096666666666666,0.06196666666666667,0.03996666666666667,5421.696133333334,9228.571666666667,16877.599266666668,25717.421100000003,9202.634633333333,21264.63028888889,21132.031388888885,24399.535733333334,beegfs
1369,1.0,0.0,4194304.0,1024.0,4.0,2.0,2.0,4.0,0.09100000000000001,0.04223333333333334,0.04636666666666667,0.04083333333333333,11255.462399999999,24240.3921,22081.5816,25078.513033333333,9202.634633333333,21264.63028888889,21132.031388888885,24399.535733333334,ave_beegfs
1370,1.0,0.0,4194304.0,1024.0,4.0,4.0,1.0,4.0,0.09406666666666667,0.03376666666666667,0.0419,0.0457,10930.745366666668,30324.9271,24436.9133,22402.67306666667,9202.634633333333,21264.63028888889,21132.031388888885,24399.535733333334,ave_beegfs
1371,1.0,0.0,4194304.0,1024.0,8.0,1.0,8.0,8.0,0.2473,0.11120000000000001,0.03423333333333333,0.02683333333333333,4142.9271,9209.6644,30174.532766666667,38955.86776666667,15593.66405,35758.69624999999,37394.153791666664,41899.62308333334,beegfs
1372,1.0,0.0,4194304.0,1024.0,8.0,2.0,4.0,8.0,0.06306666666666667,0.02476666666666667,0.032266666666666666,0.0285,16263.995966666667,41414.03296666667,33057.919766666666,35924.5764,15593.66405,35758.69624999999,37394.153791666664,41899.62308333334,ave_beegfs
1373,1.0,0.0,4194304.0,1024.0,8.0,4.0,2.0,8.0,0.048466666666666665,0.021766666666666667,0.02526666666666667,0.022000000000000002,21142.604233333335,47007.75826666667,40674.050599999995,46507.65666666667,15593.66405,35758.69624999999,37394.153791666664,41899.62308333334,ave_beegfs
1374,1.0,0.0,4194304.0,1024.0,8.0,8.0,1.0,8.0,0.049466666666666666,0.022533333333333332,0.022433333333333333,0.022166666666666668,20825.1289,45403.32936666667,45670.11203333334,46210.3915,15593.66405,35758.69624999999,37394.153791666664,41899.62308333334,ave_beegfs
1375,1.0,0.0,4194304.0,1024.0,16.0,1.0,16.0,16.0,0.28750000000000003,0.11076666666666668,0.031166666666666665,0.0234,3562.2219666666665,9245.404866666666,33531.19123333334,43975.40443333334,19773.49060666667,75420.94274000001,55773.43660000001,62676.68984666667,beegfs
1376,1.0,0.0,4194304.0,1024.0,16.0,2.0,8.0,16.0,0.056999999999999995,0.010266666666666667,0.020433333333333335,0.0153,18003.479533333335,99805.00793333333,51015.3213,67048.02946666667,19773.49060666667,75420.94274000001,55773.43660000001,62676.68984666667,beegfs
1377,1.0,0.0,4194304.0,1024.0,16.0,4.0,4.0,16.0,0.04003333333333333,0.013033333333333333,0.015866666666666664,0.014766666666666666,25600.88813333333,78789.3333,65826.5034,69382.4591,19773.49060666667,75420.94274000001,55773.43660000001,62676.68984666667,ave_beegfs
1378,1.0,0.0,4194304.0,1024.0,16.0,8.0,2.0,16.0,0.03863333333333333,0.0106,0.014066666666666667,0.011733333333333332,26520.033733333334,96769.20779999999,72720.73046666668,87062.17950000001,19773.49060666667,75420.94274000001,55773.43660000001,62676.68984666667,ave_beegfs
1379,1.0,0.0,4194304.0,1024.0,16.0,16.0,1.0,16.0,0.0409,0.011066666666666667,,0.022333333333333334,25180.82966666667,92495.7598,,45915.37673333334,19773.49060666667,75420.94274000001,,62676.68984666667,ave_beegfs
1380,1.0,0.0,4194304.0,1024.0,32.0,1.0,32.0,32.0,0.2922666666666667,0.1145,0.027633333333333333,0.01813333333333333,3504.277866666667,8943.0062,37957.755800000006,57420.41293333333,21744.337505555555,126011.93009444447,84045.10633333333,97848.54438888888,beegfs
1381,1.0,0.0,4194304.0,1024.0,32.0,2.0,16.0,32.0,0.05686666666666667,0.012333333333333333,0.014866666666666667,0.012533333333333334,18036.626466666665,83164.37226666667,69691.53023333334,81863.04119999999,21744.337505555555,126011.93009444447,84045.10633333333,97848.54438888888,beegfs
1382,1.0,0.0,4194304.0,1024.0,32.0,4.0,8.0,32.0,0.0419,0.0055000000000000005,0.012633333333333335,0.0102,24544.905799999997,186365.63543333331,81820.46793333332,102217.22113333334,21744.337505555555,126011.93009444447,84045.10633333333,97848.54438888888,ave_beegfs
1383,1.0,0.0,4194304.0,1024.0,32.0,8.0,4.0,32.0,0.04156666666666667,0.010633333333333333,0.011366666666666666,0.007633333333333333,24726.70636666667,96462.81439999999,90898.59093333333,134244.489,21744.337505555555,126011.93009444447,84045.10633333333,97848.54438888888,ave_beegfs
1384,1.0,0.0,4194304.0,1024.0,32.0,16.0,2.0,32.0,0.037533333333333335,0.005266666666666667,,0.020733333333333333,27312.522966666667,194171.42303333335,,49322.77093333334,21744.337505555555,126011.93009444447,,97848.54438888888,ave_beegfs
1385,1.0,0.0,4194304.0,1024.0,32.0,32.0,1.0,32.0,0.032966666666666665,0.005466666666666667,0.007333333333333333,0.006333333333333333,32340.985566666666,186964.32923333332,139857.18676666668,162023.33113333335,21744.337505555555,126011.93009444447,84045.10633333333,97848.54438888888,ave_beegfs
1386,1.0,0.0,4194304.0,1024.0,64.0,1.0,64.0,64.0,0.3015333333333334,0.12093333333333334,0.022166666666666668,0.013766666666666668,3396.2270666666664,8466.684966666666,46508.1288,74982.58446666667,22349.706627777778,131282.3448,103382.67159333332,142455.26029444445,beegfs
1387,1.0,0.0,4194304.0,1024.0,64.0,2.0,32.0,64.0,0.06413333333333333,0.009166666666666665,0.012000000000000002,0.0143,15967.519433333335,111620.82123333334,86139.22103333334,75730.74613333333,22349.706627777778,131282.3448,103382.67159333332,142455.26029444445,beegfs
1388,1.0,0.0,4194304.0,1024.0,64.0,4.0,16.0,64.0,0.041,0.0087,0.010066666666666666,0.0082,25071.926833333335,118851.93743333333,101974.51980000001,125393.01276666667,22349.706627777778,131282.3448,103382.67159333332,142455.26029444445,ave_beegfs
1389,1.0,0.0,4194304.0,1024.0,64.0,8.0,8.0,64.0,0.038,0.007699999999999999,0.0099,0.006266666666666667,26937.801366666667,133349.97703333333,103399.54256666667,163209.54606666666,22349.706627777778,131282.3448,103382.67159333332,142455.26029444445,ave_beegfs
1390,1.0,0.0,4194304.0,1024.0,64.0,16.0,4.0,64.0,0.037700000000000004,0.006466666666666667,,0.008633333333333333,27172.9108,159783.27443333334,,130000.19916666667,22349.706627777778,131282.3448,,142455.26029444445,ave_beegfs
1391,1.0,0.0,4194304.0,1024.0,64.0,32.0,2.0,64.0,0.02886666666666667,0.004033333333333333,0.0058,0.0036000000000000003,35551.85426666667,255621.3737,178891.94576666667,285415.47316666663,22349.706627777778,131282.3448,103382.67159333332,142455.26029444445,ave_beegfs
1392,1.0,0.0,4194304.0,1024.0,128.0,1.0,128.0,128.0,0.4416,0.26730000000000004,0.04623333333333333,0.0202,2326.4028333333335,3870.2286333333336,22366.8472,50973.464166666665,15531.452527777778,120027.27885555556,74518.86216,101962.05920555555,beegfs
1393,1.0,0.0,4194304.0,1024.0,128.0,2.0,64.0,128.0,0.09496666666666666,0.027433333333333337,0.03236666666666667,0.031233333333333335,10879.5406,49440.1723,33511.6988,38012.953133333336,15531.452527777778,120027.27885555556,74518.86216,101962.05920555555,beegfs
1394,1.0,0.0,4194304.0,1024.0,128.0,4.0,32.0,128.0,0.14433333333333334,0.008,0.014900000000000002,0.008599999999999998,15688.540733333333,128257.85066666668,71645.58346666668,119684.20013333333,15531.452527777778,120027.27885555556,74518.86216,101962.05920555555,ave_beegfs
1395,1.0,0.0,4194304.0,1024.0,128.0,8.0,16.0,128.0,0.31823333333333337,0.008233333333333334,0.009233333333333333,0.008100000000000001,14955.749333333333,124805.16840000001,111009.91826666666,127657.48166666664,15531.452527777778,120027.27885555556,74518.86216,101962.05920555555,beegfs
1396,1.0,0.0,4194304.0,1024.0,128.0,16.0,8.0,128.0,0.05396666666666666,0.004866666666666667,,0.018233333333333334,19040.8077,210103.53053333334,,57977.69209999999,15531.452527777778,120027.27885555556,,101962.05920555555,ave_beegfs
1397,1.0,0.0,4194304.0,1024.0,128.0,32.0,4.0,128.0,0.0342,0.005033333333333333,0.007666666666666666,0.0047,30297.673966666665,203686.7226,134060.26306666667,217466.56403333333,15531.452527777778,120027.27885555556,74518.86216,101962.05920555555,ave_beegfs
1398,1.0,0.0,4194304.0,1024.0,256.0,1.0,256.0,256.0,0.4415,,,0.020833333333333332,2320.3309666666664,,,49237.932700000005,14029.433746666668,,,128561.47676111113,beegfs
1399,1.0,0.0,4194304.0,1024.0,256.0,2.0,128.0,256.0,,,0.14373333333333335,0.07636666666666668,,,7700.142966666666,13639.7872,,,67237.17741666666,128561.47676111113,nfs
1400,1.0,0.0,4194304.0,1024.0,256.0,4.0,64.0,256.0,0.08893333333333335,0.0051333333333333335,0.043733333333333325,0.020433333333333335,11543.5459,198798.22233333334,24312.89156666667,52175.9933,14029.433746666668,326204.02643333335,67237.17741666666,128561.47676111113,beegfs
1401,1.0,0.0,4194304.0,1024.0,256.0,8.0,32.0,256.0,0.05986666666666666,0.0052,0.012466666666666668,0.004066666666666666,17255.739366666665,197286.19493333332,91612.89923333334,251578.29603333332,14029.433746666668,326204.02643333335,67237.17741666666,128561.47676111113,ave_beegfs
1402,1.0,0.0,4194304.0,1024.0,256.0,16.0,16.0,256.0,0.05296666666666666,0.0033666666666666667,,0.016766666666666666,21063.3805,305960.08283333335,,62558.30993333334,14029.433746666668,326204.02643333335,,128561.47676111113,ave_beegfs
1403,1.0,0.0,4194304.0,1024.0,256.0,32.0,8.0,256.0,0.059,0.0011666666666666668,0.0070999999999999995,0.0029999999999999996,17964.172000000002,883374.3930333335,145322.7759,342178.5414,14029.433746666668,326204.02643333335,67237.17741666666,128561.47676111113,ave_beegfs
1404,1.0,0.0,4194304.0,4096.0,512.0,4.0,128.0,512.0,0.21233333333333335,0.1125,0.18436666666666665,0.09686666666666666,19339.1605,37305.8715,22461.33853333333,42334.68063333333,24209.574283333335,298693.8371333334,138854.5631888889,203197.5665333333,beegfs
1405,1.0,0.0,4194304.0,4096.0,512.0,8.0,64.0,512.0,0.16363333333333333,0.0131,0.04876666666666666,0.037333333333333336,25032.75086666667,313448.783,88075.20396666667,111400.53540000001,24209.574283333335,298693.8371333334,138854.5631888889,203197.5665333333,ave_beegfs
1406,1.0,0.0,4194304.0,4096.0,512.0,16.0,32.0,512.0,0.15946666666666667,0.011366666666666666,,0.0504,28322.86023333333,361672.8513,,83658.96836666667,24209.574283333335,298693.8371333334,,203197.5665333333,ave_beegfs
1407,1.0,0.0,4194304.0,4096.0,512.0,32.0,16.0,512.0,0.1697,0.0085,0.013366666666666666,0.0071666666666666675,24143.525533333333,482347.84273333335,306027.1470666667,575396.0817333333,24209.574283333335,298693.8371333334,138854.5631888889,203197.5665333333,beegfs
1408,1.0,0.0,4194304.0,4096.0,1024.0,8.0,128.0,1024.0,0.24293333333333333,0.10006666666666668,0.21863333333333335,0.10573333333333333,16975.387666666666,41070.5537,19079.481366666667,39222.7936,23325.689033333332,444058.3739777778,119251.59608333335,285884.53774444445,beegfs
1409,1.0,0.0,4194304.0,4096.0,1024.0,16.0,64.0,1024.0,0.12926666666666667,0.006033333333333332,,0.05346666666666666,31772.371733333333,679095.6203666666,,77175.2588,23325.689033333332,444058.3739777778,,285884.53774444445,ave_beegfs
1410,1.0,0.0,4194304.0,4096.0,1024.0,32.0,32.0,1024.0,0.19316666666666668,0.008233333333333334,0.024433333333333335,0.005866666666666667,21229.3077,612008.9478666667,219423.7108,741255.5608333334,23325.689033333332,444058.3739777778,119251.59608333335,285884.53774444445,beegfs
1411,1.0,0.0,4194304.0,5120.0,2.0,1.0,2.0,2.0,1.1043666666666667,0.5444,0.34826666666666667,0.3634,4642.137566666667,9404.898166666666,14885.082033333334,14090.3793,5540.6722,14047.435700000002,15842.5061,14757.719149999999,beegfs
1412,1.0,0.0,4194304.0,5120.0,2.0,2.0,1.0,2.0,0.7956666666666666,0.27393333333333336,0.3047666666666667,0.33193333333333336,6439.206833333334,18689.973233333334,16799.93016666667,15425.059,5540.6722,14047.435700000002,15842.5061,14757.719149999999,ave_beegfs
1413,1.0,0.0,4194304.0,5120.0,4.0,1.0,4.0,4.0,0.9264333333333333,0.5525333333333333,0.31526666666666664,0.24850000000000003,5526.653733333333,9265.951266666667,16290.606066666667,20611.2447,9147.351944444445,23570.882377777776,22862.004755555554,23275.543266666664,beegfs
1414,1.0,0.0,4194304.0,5120.0,4.0,2.0,2.0,4.0,0.49046666666666666,0.19366666666666665,0.24586666666666668,0.2533666666666667,10446.0688,26443.0095,21313.8023,20274.6323,9147.351944444445,23570.882377777776,22862.004755555554,23275.543266666664,ave_beegfs
1415,1.0,0.0,4194304.0,5120.0,4.0,4.0,1.0,4.0,0.44670000000000004,0.14626666666666666,0.16526666666666667,0.1769333333333333,11469.333299999998,35003.68636666667,30981.6059,28940.7528,9147.351944444445,23570.882377777776,22862.004755555554,23275.543266666664,ave_beegfs
1416,1.0,0.0,4194304.0,5120.0,8.0,1.0,8.0,8.0,1.1900000000000002,0.5459666666666666,0.1752,0.11096666666666666,4303.222000000001,9378.366566666666,29229.41346666667,46265.59913333333,15723.757433333332,37411.67265833334,38998.802724999994,46870.24190833332,beegfs
1417,1.0,0.0,4194304.0,5120.0,8.0,2.0,4.0,8.0,0.29033333333333333,0.11703333333333334,0.13686666666666666,0.1193,17764.565400000003,44006.99293333333,39040.23596666667,43833.25953333333,15723.757433333332,37411.67265833334,38998.802724999994,46870.24190833332,ave_beegfs
1418,1.0,0.0,4194304.0,5120.0,8.0,4.0,2.0,8.0,0.24716666666666667,0.1049,0.13366666666666668,0.12346666666666666,20723.253166666665,48933.49973333333,39042.04733333333,42151.60606666667,15723.757433333332,37411.67265833334,38998.802724999994,46870.24190833332,ave_beegfs
1419,1.0,0.0,4194304.0,5120.0,8.0,8.0,1.0,8.0,0.2558666666666667,0.1082,0.10516666666666667,0.0927,20103.989166666666,47327.8314,48683.51413333334,55230.5029,15723.757433333332,37411.67265833334,38998.802724999994,46870.24190833332,ave_beegfs
1420,1.0,0.0,4194304.0,5120.0,16.0,1.0,16.0,16.0,1.3621999999999999,0.5467666666666666,0.12506666666666666,0.07843333333333334,3758.801233333333,9363.659833333333,41168.54833333333,66470.25576666667,20705.13418666667,75983.58381333333,57275.086416666665,71504.61056666666,beegfs
1421,1.0,0.0,4194304.0,5120.0,16.0,2.0,8.0,16.0,0.2617333333333333,0.0425,0.10073333333333334,0.07233333333333335,19575.063466666666,120461.1926,50920.11976666667,70859.36496666666,20705.13418666667,75983.58381333333,57275.086416666665,71504.61056666666,beegfs
1422,1.0,0.0,4194304.0,5120.0,16.0,4.0,4.0,16.0,0.2104,0.07736666666666667,0.07106666666666667,0.07043333333333333,24652.509866666664,68620.68879999999,72242.4514,72925.09083333334,20705.13418666667,75983.58381333333,57275.086416666665,71504.61056666666,ave_beegfs
1423,1.0,0.0,4194304.0,5120.0,16.0,8.0,2.0,16.0,0.18303333333333335,0.05463333333333333,0.08043333333333334,0.05436666666666667,28002.300799999997,93684.44733333333,64769.22616666666,94350.68353333334,20705.13418666667,75983.58381333333,57275.086416666665,71504.61056666666,ave_beegfs
1424,1.0,0.0,4194304.0,5120.0,16.0,16.0,1.0,16.0,0.18610000000000002,0.0583,,0.09673333333333334,27536.99556666667,87787.9305,,52917.65773333333,20705.13418666667,75983.58381333333,,71504.61056666666,ave_beegfs
1425,1.0,0.0,4194304.0,5120.0,32.0,1.0,32.0,32.0,1.3934,0.5471333333333334,0.5716,0.0547,3674.5357000000004,9357.528400000001,35840.47373333334,93636.41803333334,21330.480059999998,118260.09046000002,104372.33222666668,108185.53985555557,beegfs
1426,1.0,0.0,4194304.0,5120.0,32.0,2.0,16.0,32.0,0.2621,0.058499999999999996,0.0541,0.05776666666666667,19546.8939,88922.34033333334,94705.73393333335,89328.12096666667,21330.480059999998,118260.09046000002,104372.33222666668,108185.53985555557,beegfs
1427,1.0,0.0,4194304.0,5120.0,32.0,4.0,8.0,32.0,0.18810000000000002,0.0248,0.043633333333333336,0.0399,27251.3667,206462.05866666665,117776.8262,128394.78463333333,21330.480059999998,118260.09046000002,104372.33222666668,108185.53985555557,ave_beegfs
1428,1.0,0.0,4194304.0,5120.0,32.0,8.0,4.0,32.0,0.18043333333333333,0.04936666666666667,0.044366666666666665,0.03646666666666667,28453.198633333333,104216.20246666665,115656.37866666667,140551.11583333334,21330.480059999998,118260.09046000002,104372.33222666668,108185.53985555557,ave_beegfs
1429,1.0,0.0,4194304.0,5120.0,32.0,16.0,2.0,32.0,0.18486666666666665,0.028066666666666667,,0.08126666666666667,27726.405366666662,182342.32243333335,,63008.654833333334,21330.480059999998,118260.09046000002,,108185.53985555557,ave_beegfs
1430,1.0,0.0,4194304.0,5120.0,32.0,32.0,1.0,32.0,,,0.032433333333333335,0.03813333333333333,,,157882.24860000002,134194.14483333332,,,104372.33222666668,108185.53985555557,ave_nfs
1431,1.0,0.0,4194304.0,5120.0,64.0,1.0,64.0,64.0,1.3385333333333334,0.5484,0.08850000000000001,0.055966666666666665,3827.734966666667,9336.3059,58635.69563333333,92241.21753333334,21613.284146666665,130968.50758666667,133934.34104,159476.8818166667,beegfs
1432,1.0,0.0,4194304.0,5120.0,64.0,2.0,32.0,64.0,0.2634,0.0354,0.04703333333333334,0.05823333333333333,19451.08483333333,146510.58543333333,110176.88309999999,88554.50496666667,21613.284146666665,130968.50758666667,133934.34104,159476.8818166667,beegfs
1433,1.0,0.0,4194304.0,5120.0,64.0,4.0,16.0,64.0,0.18389999999999998,0.035166666666666666,0.03376666666666667,0.035833333333333335,27851.9662,148740.45886666665,151985.08663333333,142932.37986666666,21613.284146666665,130968.50758666667,133934.34104,159476.8818166667,ave_beegfs
1434,1.0,0.0,4194304.0,5120.0,64.0,8.0,8.0,64.0,0.17850000000000002,0.033133333333333334,0.03373333333333333,0.028766666666666666,28690.659266666666,154771.30556666668,152863.1425,178238.69966666665,21613.284146666665,130968.50758666667,133934.34104,159476.8818166667,ave_beegfs
1435,1.0,0.0,4194304.0,5120.0,64.0,16.0,4.0,64.0,0.18130000000000002,0.02623333333333333,,0.03936666666666667,28244.975466666667,195483.88216666668,,133039.9361,21613.284146666665,130968.50758666667,,159476.8818166667,ave_beegfs
1436,1.0,0.0,4194304.0,5120.0,64.0,32.0,2.0,64.0,,,0.02656666666666667,0.01593333333333333,,,196010.89733333336,321854.5527666667,,,133934.34104,159476.8818166667,ave_nfs
1437,1.0,0.0,4194304.0,5120.0,128.0,1.0,128.0,128.0,1.5179333333333334,0.6559,0.2047,0.0655,3374.6849666666662,7820.0999,40486.11873333334,78605.59473333333,20264.811713333333,150955.8683933333,154131.72231333333,181982.41066666666,beegfs
1438,1.0,0.0,4194304.0,5120.0,128.0,2.0,64.0,128.0,0.2817,0.0665,0.04763333333333333,0.07266666666666667,18178.753133333335,77418.49133333332,111392.47856666667,72536.06803333333,20264.811713333333,150955.8683933333,154131.72231333333,181982.41066666666,beegfs
1439,1.0,0.0,4194304.0,5120.0,128.0,4.0,32.0,128.0,0.19163333333333332,0.021333333333333333,0.03439999999999999,0.0338,26725.717666666667,241819.51969999998,155256.94966666665,151638.55286666667,20264.811713333333,150955.8683933333,154131.72231333333,181982.41066666666,ave_beegfs
1440,1.0,0.0,4194304.0,5120.0,128.0,8.0,16.0,128.0,0.1923,0.02903333333333333,0.027333333333333334,0.021766666666666667,26647.703300000005,176579.2238,187511.3904,235444.47613333332,20264.811713333333,150955.8683933333,154131.72231333333,181982.41066666666,ave_beegfs
1441,1.0,0.0,4194304.0,5120.0,128.0,16.0,8.0,128.0,0.1945,0.02043333333333333,,0.0555,26397.199500000002,251142.0072333333,,94944.22519999999,20264.811713333333,150955.8683933333,,181982.41066666666,ave_beegfs
1442,1.0,0.0,4194304.0,5120.0,128.0,32.0,4.0,128.0,,,0.01863333333333333,0.0112,,,276011.6742,458725.5470333334,,,154131.72231333333,181982.41066666666,ave_nfs
1443,1.0,0.0,4194304.0,5120.0,256.0,1.0,256.0,256.0,1.6481000000000001,0.32339999999999997,,0.0766,3109.095333333333,16460.9984,,67473.34703333334,24804.67755333333,349454.6700066666,,180793.81242222222,beegfs
1444,1.0,0.0,4194304.0,5120.0,256.0,2.0,128.0,256.0,,,0.15333333333333335,0.09436666666666667,,,35430.65296666667,56398.93,,,198328.05306666667,180793.81242222222,nfs
1445,1.0,0.0,4194304.0,5120.0,256.0,4.0,64.0,256.0,0.22253333333333333,0.022566666666666665,0.04776666666666666,0.045899999999999996,23088.3082,227150.39823333334,108806.07863333334,112070.77063333332,24804.67755333333,349454.6700066666,198328.05306666667,180793.81242222222,beegfs
1446,1.0,0.0,4194304.0,5120.0,256.0,8.0,32.0,256.0,0.16546666666666668,0.026166666666666668,0.02136666666666667,0.019,30946.776500000004,206195.45233333335,239984.38016666667,271772.4562,24804.67755333333,349454.6700066666,198328.05306666667,180793.81242222222,ave_beegfs
1447,1.0,0.0,4194304.0,5120.0,256.0,16.0,16.0,256.0,0.12903333333333333,0.014466666666666668,,0.04516666666666667,39674.251566666666,363445.3039333333,,114743.55663333333,24804.67755333333,349454.6700066666,,180793.81242222222,ave_beegfs
1448,1.0,0.0,4194304.0,5120.0,256.0,32.0,8.0,256.0,0.1882,0.005466666666666666,0.012533333333333334,0.011099999999999999,27204.956166666667,934021.1971333334,409091.1005,462303.8140333334,24804.67755333333,349454.6700066666,198328.05306666667,180793.81242222222,ave_beegfs
1449,1.0,0.0,4194304.0,49152.0,1024.0,8.0,128.0,1024.0,1.905,0.1912,0.225,0.17020000000000002,26032.068733333334,257996.92476666663,221297.37433333334,289487.34316666663,32421.554344444445,995145.3959444445,332928.5712,569269.5687222222,beegfs
1450,1.0,0.0,4194304.0,49152.0,1024.0,16.0,64.0,1024.0,1.1645666666666667,0.04753333333333334,0.39143333333333336,0.2136,42206.054266666666,1033345.7742,144798.8939,230119.1035666667,32421.554344444445,995145.3959444445,332928.5712,569269.5687222222,ave_beegfs
1451,1.0,0.0,4194304.0,49152.0,1024.0,32.0,32.0,1024.0,1.6933999999999998,0.0291,0.07793333333333334,0.04156666666666666,29026.540033333335,1694093.4888666666,632689.4453666667,1188202.2594333335,32421.554344444445,995145.3959444445,332928.5712,569269.5687222222,beegfs
1452,1.0,0.0,4194304.0,49152.0,2048.0,16.0,128.0,2048.0,,0.14443333333333333,0.3587666666666667,0.4493666666666667,,342164.3897333333,137366.00643333333,109439.0047,,1254909.602,323568.9345833333,385453.9172,tmpfs
1453,1.0,0.0,4194304.0,49152.0,2048.0,32.0,64.0,2048.0,1.7117666666666667,0.02266666666666667,0.09693333333333333,0.07433333333333333,28714.909233333336,2167654.814266667,509771.8627333334,661468.8297,28714.909233333336,1254909.602,323568.9345833333,385453.9172,beegfs
1454,1.0,0.0,4194304.0,49152.0,4096.0,32.0,128.0,4096.0,,0.1631,0.2416,0.1453,,304963.3472,204970.71533333333,342487.4453,,304963.3472,204970.71533333336,342487.44529999996,nfs
1455,1.0,0.0,4194304.0,51200.0,2.0,1.0,2.0,2.0,20.368466666666666,6.784233333333333,,3.6483333333333334,2514.8776666666668,7547.043933333333,,14035.434500000001,2481.7417,11600.929616666666,,15432.502499999997,ave_beegfs
1456,1.0,0.0,4194304.0,51200.0,2.0,2.0,1.0,2.0,20.916633333333333,3.2716666666666665,3.362,3.0422333333333333,2448.6057333333333,15654.8153,15229.176933333334,16829.5705,2481.7417,11600.929616666666,15229.176933333334,15432.502499999997,beegfs
1457,1.0,0.0,4194304.0,51200.0,4.0,1.0,4.0,4.0,10.611933333333333,7.096,,1.7187000000000001,4844.3243,7215.3486,,29901.029066666666,5958.472733333333,17368.711333333333,,31469.961622222225,beegfs
1458,1.0,0.0,4194304.0,51200.0,4.0,2.0,2.0,4.0,7.611433333333333,2.178166666666667,1.8266666666666664,1.6412000000000002,6985.700566666666,23521.48286666667,28449.598533333334,31201.884333333335,5958.472733333333,17368.711333333333,19624.046366666666,31469.961622222225,ave_beegfs
1459,1.0,0.0,4194304.0,51200.0,4.0,4.0,1.0,4.0,8.724233333333332,2.397133333333333,76.6526,1.5372333333333332,6045.393333333333,21369.302533333335,10798.4942,33306.97146666666,5958.472733333333,17368.711333333333,19624.046366666666,31469.961622222225,ave_beegfs
1460,1.0,0.0,4194304.0,51200.0,8.0,1.0,8.0,8.0,11.748199999999999,7.098966666666667,,1.0492000000000001,4358.327633333333,7212.397766666666,,49504.41336666667,9128.999016666667,36491.445191666666,,55336.575633333334,beegfs
1461,1.0,0.0,4194304.0,51200.0,8.0,2.0,4.0,8.0,4.527833333333333,1.3523333333333334,1.4029,1.0350666666666666,11422.995333333334,37947.238966666664,36540.76296666667,49663.98173333334,9128.999016666667,36491.445191666666,37542.49556666667,55336.575633333334,ave_beegfs
1462,1.0,0.0,4194304.0,51200.0,8.0,4.0,2.0,8.0,4.6405,1.3297999999999999,38.475500000000004,0.8983666666666666,11037.487666666668,38526.117399999996,15712.513033333335,57002.75943333333,9128.999016666667,36491.445191666666,37542.49556666667,55336.575633333334,ave_beegfs
1463,1.0,0.0,4194304.0,51200.0,8.0,8.0,1.0,8.0,5.282566666666667,0.8415666666666667,0.8480333333333334,0.7856,9697.185433333334,62280.026633333335,60374.210699999996,65175.14800000001,9128.999016666667,36491.445191666666,37542.49556666667,55336.575633333334,ave_beegfs
1464,1.0,0.0,4194304.0,51200.0,16.0,1.0,16.0,16.0,13.646466666666667,7.182966666666666,,0.6871333333333333,3752.442333333334,7128.103999999999,,74951.71013333334,20004.404706666664,87942.74885333334,,78717.94413333334,beegfs
1465,1.0,0.0,4194304.0,51200.0,16.0,2.0,8.0,16.0,2.719333333333333,0.377,0.9326333333333333,0.6326,18830.536366666667,135813.72306666666,54928.234366666664,81984.72273333333,20004.404706666664,87942.74885333334,46203.876274999995,78717.94413333334,beegfs
1466,1.0,0.0,4194304.0,51200.0,16.0,4.0,4.0,16.0,2.0757666666666665,0.7563,113.76923333333333,0.6352666666666666,24723.69053333333,67716.43206666666,450.03383333333335,80734.7294,20004.404706666664,87942.74885333334,46203.876274999995,78717.94413333334,nfs
1467,1.0,0.0,4194304.0,51200.0,16.0,8.0,2.0,16.0,2.0069666666666666,0.4028333333333333,0.6970666666666667,0.5197333333333334,25520.49723333333,127104.13249999999,73715.8384,98513.95293333333,20004.404706666664,87942.74885333334,46203.876274999995,78717.94413333334,ave_beegfs
1468,1.0,0.0,4194304.0,51200.0,16.0,16.0,1.0,16.0,1.8845333333333334,0.5145333333333334,0.9188333333333333,0.8919,27194.857066666667,101951.35263333334,55721.3985,57404.60546666667,20004.404706666664,87942.74885333334,46203.876274999995,78717.94413333334,ave_beegfs
1469,1.0,0.0,4194304.0,51200.0,32.0,1.0,32.0,32.0,13.533366666666666,7.321866666666666,,0.4095,3784.0518666666667,6992.954966666667,,125807.7375,21473.234486666668,132194.40044666667,,132790.34654444444,beegfs
1470,1.0,0.0,4194304.0,51200.0,32.0,2.0,16.0,32.0,2.5429666666666666,0.5484333333333333,28.549066666666665,0.6156333333333334,20134.217666666667,93449.79126666667,2188.3696999999997,83271.9952,21473.234486666668,132194.40044666667,83515.21670666666,132790.34654444444,nfs
1471,1.0,0.0,4194304.0,51200.0,32.0,4.0,8.0,32.0,1.8961666666666668,0.23650000000000002,80.53873333333333,0.3693666666666666,27004.414133333335,216529.46096666667,750.1374333333333,138957.67893333334,21473.234486666668,132194.40044666667,83515.21670666666,132790.34654444444,nfs
1472,1.0,0.0,4194304.0,51200.0,32.0,8.0,4.0,32.0,1.8215333333333332,0.4082666666666667,0.3997,0.30243333333333333,28146.016266666662,125657.1552,128128.4523,169826.53296666665,21473.234486666668,132194.40044666667,83515.21670666666,132790.34654444444,ave_beegfs
1473,1.0,0.0,4194304.0,51200.0,32.0,16.0,2.0,32.0,1.8116333333333332,0.23446666666666668,0.6943666666666667,0.6931333333333334,28297.4725,218342.63983333332,78868.38843333334,80480.54676666667,21473.234486666668,132194.40044666667,83515.21670666666,132790.34654444444,ave_beegfs
1474,1.0,0.0,4194304.0,51200.0,32.0,32.0,1.0,32.0,,,0.24656666666666668,0.2581,,,207640.73566666667,198397.5879,,,83515.21670666666,132790.34654444444,ave_nfs
1475,1.0,0.0,4194304.0,51200.0,64.0,1.0,64.0,64.0,12.890300000000002,7.1724,,0.42716666666666664,3973.0549666666666,7138.9135,,119962.4403,21967.261693333337,132135.0829,,194946.93048333333,beegfs
1476,1.0,0.0,4194304.0,51200.0,64.0,2.0,32.0,64.0,2.6025666666666667,0.43640000000000007,52.13633333333333,0.5642999999999999,19707.81926666667,118020.34846666666,1132.2311,90813.60813333333,21967.261693333337,132135.0829,148526.40242666667,194946.93048333333,nfs
1477,1.0,0.0,4194304.0,51200.0,64.0,4.0,16.0,64.0,1.8252,0.3663666666666667,7.3409,0.26953333333333335,28051.7453,141802.54753333333,100713.5012,190237.60096666668,21967.261693333337,132135.0829,148526.40242666667,194946.93048333333,ave_beegfs
1478,1.0,0.0,4194304.0,51200.0,64.0,8.0,8.0,64.0,1.7429,0.28859999999999997,0.23763333333333334,0.18413333333333334,29395.652433333333,178212.50893333333,215511.68293333333,278045.75353333337,21967.261693333337,132135.0829,148526.40242666667,194946.93048333333,ave_beegfs
1479,1.0,0.0,4194304.0,51200.0,64.0,16.0,4.0,64.0,1.7837000000000003,0.2377,0.3486,0.28786666666666666,28708.036500000002,215501.09606666668,152403.70216666666,187168.50253333335,21967.261693333337,132135.0829,148526.40242666667,194946.93048333333,ave_beegfs
1480,1.0,0.0,4194304.0,51200.0,64.0,32.0,2.0,64.0,,,0.18776666666666667,0.16893333333333335,,,272870.8947333333,303453.6774333333,,,148526.40242666667,194946.93048333333,ave_nfs
1481,1.0,0.0,4194304.0,51200.0,128.0,1.0,128.0,128.0,14.275133333333335,7.5052666666666665,,0.6894333333333332,3587.1630999999998,6824.942599999999,,74397.1855,21853.695333333333,164606.10538666666,,255457.40515,beegfs
1482,1.0,0.0,4194304.0,51200.0,128.0,2.0,64.0,128.0,2.571066666666667,0.41796666666666665,7.390233333333334,0.4426333333333334,19916.281,122525.4091,48614.94409999999,116549.58493333333,21853.695333333333,164606.10538666666,199137.40087333333,255457.40515,beegfs
1483,1.0,0.0,4194304.0,51200.0,128.0,4.0,32.0,128.0,1.8404999999999998,0.49276666666666663,0.3096,0.2678,27845.270099999998,126174.28053333332,165605.90353333333,192887.05516666666,21853.695333333333,164606.10538666666,199137.40087333333,255457.40515,ave_beegfs
1484,1.0,0.0,4194304.0,51200.0,128.0,8.0,16.0,128.0,1.7755666666666665,0.23436666666666664,0.20833333333333334,0.16553333333333334,28837.455766666666,218672.91123333332,245951.01986666667,309698.69953333336,21853.695333333333,164606.10538666666,199137.40087333333,255457.40515,ave_beegfs
1485,1.0,0.0,4194304.0,51200.0,128.0,16.0,8.0,128.0,1.7608,0.1469,0.2601333333333333,0.20919999999999997,29082.306699999997,348832.98346666666,199594.42246666667,247667.3081333333,21853.695333333333,164606.10538666666,199137.40087333333,255457.40515,ave_beegfs
1486,1.0,0.0,4194304.0,51200.0,128.0,32.0,4.0,128.0,,,0.15256666666666666,0.08656666666666667,,,335920.7144,591544.5976333333,,,199137.40087333333,255457.40515,ave_nfs
1487,1.0,0.0,4194304.0,51200.0,256.0,1.0,256.0,256.0,16.63436666666667,1.0202,,0.577,3078.267933333333,50186.622899999995,,89280.32003333334,24021.324826666663,435896.14822666656,,273338.14846666664,beegfs
1488,1.0,0.0,4194304.0,51200.0,256.0,2.0,128.0,256.0,,,0.4921333333333333,0.5646,,,104065.59716666666,90772.48003333334,,,263989.16345333325,273338.14846666664,tmpfs
1489,1.0,0.0,4194304.0,51200.0,256.0,4.0,64.0,256.0,2.2803999999999998,0.18936666666666668,0.20506666666666665,0.2071333333333333,22595.3636,270380.0433333333,249820.26196666667,248641.16410000002,24021.324826666663,435896.14822666656,263989.16345333325,273338.14846666664,beegfs
1490,1.0,0.0,4194304.0,51200.0,256.0,8.0,32.0,256.0,2.2268666666666665,0.2016,0.16696666666666668,0.1513,23062.817266666665,254929.29679999998,306725.0356666667,338719.0741,24021.324826666663,435896.14822666656,263989.16345333325,273338.14846666664,beegfs
1491,1.0,0.0,4194304.0,51200.0,256.0,16.0,16.0,256.0,1.2074333333333334,0.11273333333333334,0.35223333333333334,0.2313333333333333,42405.49053333333,458125.1908666667,146378.90583333332,229162.90006666668,24021.324826666663,435896.14822666656,263989.16345333325,273338.14846666664,ave_beegfs
1492,1.0,0.0,4194304.0,51200.0,256.0,32.0,8.0,256.0,1.7677333333333334,0.0447,0.10136666666666667,0.07983333333333333,28964.6848,1145859.5872333331,512956.01663333335,643452.9524666667,24021.324826666663,435896.14822666656,263989.16345333325,273338.14846666664,ave_beegfs
1493,1.0,0.0,4194304.0,51200.0,512.0,4.0,128.0,512.0,2.2624999999999997,0.3327333333333333,0.27823333333333333,0.28450000000000003,22630.6522,153902.48369999998,184594.1758333333,180558.7986,29182.43441666666,576056.9512916667,235639.88171666666,436711.40667500003,beegfs
1494,1.0,0.0,4194304.0,51200.0,512.0,8.0,64.0,512.0,2.2022666666666666,0.09473333333333334,0.1858,0.12156666666666667,23582.978433333334,540807.6028333333,275847.80953333335,431237.2916666667,29182.43441666666,576056.9512916667,235639.88171666666,436711.40667500003,beegfs
1495,1.0,0.0,4194304.0,51200.0,512.0,16.0,32.0,512.0,1.232,0.10326666666666667,0.7078333333333333,0.2634,41574.484599999996,497009.0433,114774.93173333333,202572.1336666667,29182.43441666666,576056.9512916667,235639.88171666666,436711.40667500003,ave_beegfs
1496,1.0,0.0,4194304.0,51200.0,512.0,32.0,16.0,512.0,1.7690666666666666,0.046033333333333336,0.15953333333333333,0.055799999999999995,28941.622433333334,1112508.6753333334,367342.6097666667,932477.4027666667,29182.43441666666,576056.9512916667,235639.88171666666,436711.40667500003,beegfs
1497,1.0,0.0,16777216.0,1024.0,2.0,1.0,2.0,2.0,0.20936666666666667,0.14256666666666665,0.11856666666666667,0.08339999999999999,4891.5821,7183.982266666667,8755.673066666666,12324.052933333332,5255.4331999999995,10839.412250000001,10848.373316666666,11940.780549999998,beegfs
1498,1.0,0.0,16777216.0,1024.0,2.0,2.0,1.0,2.0,0.18256666666666665,0.07063333333333334,0.0791,0.0886,5619.2843,14494.842233333335,12941.073566666666,11557.508166666667,5255.4331999999995,10839.412250000001,10848.373316666666,11940.780549999998,ave_beegfs
1499,1.0,0.0,16777216.0,1024.0,4.0,1.0,4.0,4.0,0.2051333333333333,0.145,0.07946666666666667,0.06933333333333334,4992.374233333333,7062.898433333333,12976.051633333334,14791.437933333335,8916.652022222223,17727.59451111111,17566.472822222226,17530.00012222222,beegfs
1500,1.0,0.0,16777216.0,1024.0,4.0,2.0,2.0,4.0,0.0988,0.0489,0.05346666666666666,0.05766666666666667,10458.161366666667,20946.580866666667,19148.09836666667,17758.3045,8916.652022222223,17727.59451111111,17566.472822222226,17530.00012222222,ave_beegfs
1501,1.0,0.0,16777216.0,1024.0,4.0,4.0,1.0,4.0,0.0907,0.04066666666666666,0.049833333333333334,0.051166666666666666,11299.420466666668,25173.304233333332,20575.268466666665,20040.25793333333,8916.652022222223,17727.59451111111,17566.472822222226,17530.00012222222,ave_beegfs
1502,1.0,0.0,16777216.0,1024.0,8.0,1.0,8.0,8.0,0.25689999999999996,0.14576666666666668,0.04850000000000001,0.06396666666666666,3985.9659333333334,7024.8452,21206.908266666665,16054.589366666667,16092.018116666666,26898.996558333336,30376.010841666666,28357.841183333327,beegfs
1503,1.0,0.0,16777216.0,1024.0,8.0,2.0,4.0,8.0,0.06063333333333334,0.036033333333333334,0.035833333333333335,0.042866666666666664,16900.429666666667,28608.4592,29685.24086666667,24096.949666666667,16092.018116666666,26898.996558333336,30376.010841666666,28357.841183333327,ave_beegfs
1504,1.0,0.0,16777216.0,1024.0,8.0,4.0,2.0,8.0,0.04873333333333333,0.027733333333333332,0.03006666666666667,0.03013333333333333,21025.4605,37017.10606666667,34092.427266666666,33977.19776666667,16092.018116666666,26898.996558333336,30376.010841666666,28357.841183333327,ave_beegfs
1505,1.0,0.0,16777216.0,1024.0,8.0,8.0,1.0,8.0,0.0456,0.029333333333333333,0.028033333333333337,0.026033333333333335,22456.216366666664,34945.57576666667,36519.46696666667,39302.62793333333,16092.018116666666,26898.996558333336,30376.010841666666,28357.841183333327,ave_beegfs
1506,1.0,0.0,16777216.0,1024.0,16.0,1.0,16.0,16.0,0.2902666666666667,0.1445,0.03996666666666667,0.032266666666666666,3528.185633333333,7085.2442666666675,25972.711,31947.6468,19239.10640666667,55115.80573999999,38397.02464166667,40991.41448666667,beegfs
1507,1.0,0.0,16777216.0,1024.0,16.0,2.0,8.0,16.0,0.05456666666666667,0.012433333333333333,0.029066666666666668,0.02853333333333333,18778.330366666665,82288.03183333333,35480.9887,36117.328466666666,19239.10640666667,55115.80573999999,38397.02464166667,40991.41448666667,beegfs
1508,1.0,0.0,16777216.0,1024.0,16.0,4.0,4.0,16.0,0.0494,0.0233,0.0263,0.023866666666666665,20863.1764,44360.26953333333,38968.13843333333,42925.493599999994,19239.10640666667,55115.80573999999,38397.02464166667,40991.41448666667,ave_beegfs
1509,1.0,0.0,16777216.0,1024.0,16.0,8.0,2.0,16.0,0.040266666666666666,0.014199999999999999,0.019266666666666668,0.015433333333333334,25701.1232,71995.93383333333,53166.26043333334,66226.12103333334,19239.10640666667,55115.80573999999,38397.02464166667,40991.41448666667,ave_beegfs
1510,1.0,0.0,16777216.0,1024.0,16.0,16.0,1.0,16.0,0.0375,0.014666666666666666,,0.0369,27324.716433333335,69849.54923333334,,27740.482533333332,19239.10640666667,55115.80573999999,,40991.41448666667,ave_beegfs
1511,1.0,0.0,16777216.0,1024.0,32.0,1.0,32.0,32.0,0.297,0.1563,0.031566666666666666,0.023333333333333334,3447.959833333333,6552.237700000001,32696.554433333327,44096.29783333334,21859.081438888887,92164.5286888889,66594.92366,64455.813449999994,beegfs
1512,1.0,0.0,16777216.0,1024.0,32.0,2.0,16.0,32.0,0.05776666666666667,0.021933333333333332,0.019866666666666668,0.019066666666666666,17843.0546,46993.971366666665,51755.02383333334,55087.5682,21859.081438888887,92164.5286888889,66594.92366,64455.813449999994,beegfs
1513,1.0,0.0,16777216.0,1024.0,32.0,4.0,8.0,32.0,0.04173333333333334,0.0073,0.0178,0.016166666666666666,24634.161000000004,140343.4608,58983.74093333333,64941.126866666666,21859.081438888887,92164.5286888889,66594.92366,64455.813449999994,ave_beegfs
1514,1.0,0.0,16777216.0,1024.0,32.0,8.0,4.0,32.0,0.042366666666666664,0.0126,0.0134,0.012566666666666665,24226.504,81482.58973333334,76486.12996666667,81712.92349999999,21859.081438888887,92164.5286888889,66594.92366,64455.813449999994,ave_beegfs
1515,1.0,0.0,16777216.0,1024.0,32.0,16.0,2.0,32.0,0.040233333333333336,0.007033333333333333,,0.03896666666666667,25539.52633333333,145372.0663,,26614.447933333333,21859.081438888887,92164.5286888889,,64455.813449999994,ave_beegfs
1516,1.0,0.0,16777216.0,1024.0,32.0,32.0,1.0,32.0,0.029066666666666668,0.0077333333333333325,0.009033333333333332,0.008966666666666666,35463.28286666667,132242.84623333334,113053.16913333333,114282.51636666666,21859.081438888887,92164.5286888889,66594.92366,64455.813449999994,ave_beegfs
1517,1.0,0.0,16777216.0,1024.0,64.0,1.0,64.0,64.0,0.30350000000000005,0.1638,0.0244,0.02316666666666667,3374.059333333333,6251.082466666667,41996.4386,44444.741500000004,22184.600400000007,111358.18822222222,85116.74404666667,94197.89,beegfs
1518,1.0,0.0,16777216.0,1024.0,64.0,2.0,32.0,64.0,0.05836666666666667,0.012133333333333335,0.0174,0.0148,17607.058233333333,84628.01766666667,58941.1699,69411.8333,22184.600400000007,111358.18822222222,85116.74404666667,94197.89,beegfs
1519,1.0,0.0,16777216.0,1024.0,64.0,4.0,16.0,64.0,0.04156666666666667,0.011466666666666667,0.0138,0.011733333333333333,24649.949900000003,89528.2942,74678.93096666667,87540.45613333333,22184.600400000007,111358.18822222222,85116.74404666667,94197.89,ave_beegfs
1520,1.0,0.0,16777216.0,1024.0,64.0,8.0,8.0,64.0,0.03913333333333333,0.007833333333333333,0.009333333333333332,0.011066666666666667,26244.3499,130797.69253333332,110176.40266666666,93466.14143333334,22184.600400000007,111358.18822222222,85116.74404666667,94197.89,ave_beegfs
1521,1.0,0.0,16777216.0,1024.0,64.0,16.0,4.0,64.0,0.038200000000000005,0.007666666666666666,,0.022533333333333332,26826.250566666666,134585.4162,,46221.33746666667,22184.600400000007,111358.18822222222,,94197.89,ave_beegfs
1522,1.0,0.0,16777216.0,1024.0,64.0,32.0,2.0,64.0,0.02993333333333333,0.004633333333333333,0.007333333333333333,0.0046,34405.934466666666,222358.6262666667,139790.7781,224102.83016666665,22184.600400000007,111358.18822222222,85116.74404666667,94197.89,ave_beegfs
1523,1.0,0.0,16777216.0,4096.0,128.0,1.0,128.0,128.0,1.2745,0.7209,0.1035,0.09916666666666667,3218.2352333333333,5702.9403999999995,40900.61773333334,41627.0588,20211.925713333334,119558.40586666665,113059.82921333332,122924.47488888893,beegfs
1524,1.0,0.0,16777216.0,4096.0,128.0,2.0,64.0,128.0,0.2408,0.06103333333333333,0.06286666666666667,0.06013333333333334,17021.450533333333,68064.8881,66475.62626666667,68232.4034,20211.925713333334,119558.40586666665,113059.82921333332,122924.47488888893,beegfs
1525,1.0,0.0,16777216.0,4096.0,128.0,4.0,32.0,128.0,0.15203333333333333,0.02673333333333333,0.05263333333333333,0.029833333333333333,26951.048666666666,153683.07396666668,82752.22006666666,137956.98906666666,20211.925713333334,119558.40586666665,113059.82921333332,122924.47488888893,ave_beegfs
1526,1.0,0.0,16777216.0,4096.0,128.0,8.0,16.0,128.0,0.14993333333333334,0.028933333333333335,0.028233333333333333,0.02766666666666667,27332.499233333332,146299.12013333334,145366.47283333333,147968.82886666665,20211.925713333334,119558.40586666665,113059.82921333332,122924.47488888893,ave_beegfs
1527,1.0,0.0,16777216.0,4096.0,128.0,16.0,8.0,128.0,0.15476666666666666,0.018266666666666667,,0.06756666666666666,26536.3949,224042.00673333334,,62834.37056666667,20211.925713333334,119558.40586666665,,122924.47488888893,ave_beegfs
1528,1.0,0.0,16777216.0,4096.0,128.0,32.0,4.0,128.0,,,0.017833333333333333,0.0147,,,229804.20916666664,278927.1986333334,,,113059.82921333332,122924.47488888893,ave_nfs
1529,1.0,0.0,16777216.0,4096.0,256.0,1.0,256.0,256.0,1.2687666666666668,0.2543666666666667,,0.1004,3253.4508,17927.873833333335,,42134.94663333333,23967.38924,307415.97771999997,,135406.51800555555,beegfs
1530,1.0,0.0,16777216.0,4096.0,256.0,2.0,128.0,256.0,,,0.11783333333333335,0.08286666666666666,,,34845.065233333335,49539.30526666667,,,133783.608075,135406.51800555555,nfs
1531,1.0,0.0,16777216.0,4096.0,256.0,4.0,64.0,256.0,0.21086666666666665,0.019666666666666666,0.054433333333333334,0.03743333333333333,19946.896399999998,208215.79390000002,78942.06763333334,109681.15746666666,23967.38924,307415.97771999997,133783.608075,135406.51800555555,beegfs
1532,1.0,0.0,16777216.0,4096.0,256.0,8.0,32.0,256.0,0.13523333333333334,0.021933333333333332,0.06676666666666665,0.018666666666666665,30405.169866666663,191105.64800000002,137190.34613333334,225890.95943333334,23967.38924,307415.97771999997,133783.608075,135406.51800555555,ave_beegfs
1533,1.0,0.0,16777216.0,4096.0,256.0,16.0,16.0,256.0,0.10533333333333333,0.012966666666666668,,0.07640000000000001,38901.77703333334,316641.00423333334,,54363.0403,23967.38924,307415.97771999997,,135406.51800555555,ave_beegfs
1534,1.0,0.0,16777216.0,4096.0,256.0,32.0,8.0,256.0,0.14986666666666668,0.0051,0.014466666666666668,0.012366666666666666,27329.652100000003,803189.5686333333,284156.9533,330829.69893333333,23967.38924,307415.97771999997,133783.608075,135406.51800555555,ave_beegfs
1535,1.0,0.0,16777216.0,5120.0,2.0,1.0,2.0,2.0,1.0417666666666667,0.6830333333333334,0.4922333333333333,0.40443333333333337,4915.4292,7496.3052,10460.746666666666,12661.871866666666,5547.358283333334,11716.225816666667,12617.39815,13186.9168,beegfs
1536,1.0,0.0,16777216.0,5120.0,2.0,2.0,1.0,2.0,0.8373666666666667,0.32126666666666664,0.34656666666666663,0.3734,6179.2873666666665,15936.146433333333,14774.049633333334,13711.961733333335,5547.358283333334,11716.225816666667,12617.39815,13186.9168,ave_beegfs
1537,1.0,0.0,16777216.0,5120.0,4.0,1.0,4.0,4.0,1.0232333333333334,0.6940666666666666,0.3980333333333333,0.2513,5004.092900000001,7376.977133333334,13309.390833333333,20612.783766666667,8430.830788888888,20764.84091111111,19203.49832222222,21492.958033333336,beegfs
1538,1.0,0.0,16777216.0,5120.0,4.0,2.0,2.0,4.0,0.5516333333333333,0.2114,0.28513333333333335,0.2812,9407.2008,24450.907933333336,18512.878766666665,18224.395733333335,8430.830788888888,20764.84091111111,19203.49832222222,21492.958033333336,ave_beegfs
1539,1.0,0.0,16777216.0,5120.0,4.0,4.0,1.0,4.0,0.4793,0.16806666666666667,0.19856666666666667,0.1997,10881.198666666665,30466.637666666666,25788.22536666667,25641.6946,8430.830788888888,20764.84091111111,19203.49832222222,21492.958033333336,ave_beegfs
1540,1.0,0.0,16777216.0,5120.0,8.0,1.0,8.0,8.0,1.205,0.6869999999999999,0.2158,0.1556,4249.687833333333,7453.127566666666,23906.975733333336,33090.0433,15202.616383333336,31909.362433333332,34823.09208333333,36627.256425,beegfs
1541,1.0,0.0,16777216.0,5120.0,8.0,2.0,4.0,8.0,0.28340000000000004,0.14403333333333335,0.14816666666666667,0.17113333333333336,18116.087133333334,36259.64086666666,34733.271466666665,29974.994933333335,15202.616383333336,31909.362433333332,34823.09208333333,36627.256425,ave_beegfs
1542,1.0,0.0,16777216.0,5120.0,8.0,4.0,2.0,8.0,0.2780333333333333,0.1161,0.1376666666666667,0.14476666666666668,19138.464366666667,44122.2323,37349.82593333333,35379.463500000005,15202.616383333336,31909.362433333332,34823.09208333333,36627.256425,ave_beegfs
1543,1.0,0.0,16777216.0,5120.0,8.0,8.0,1.0,8.0,0.26789999999999997,0.12866666666666668,0.11823333333333334,0.1065,19306.2262,39802.449,43302.2952,48064.52396666666,15202.616383333336,31909.362433333332,34823.09208333333,36627.256425,ave_beegfs
1544,1.0,0.0,16777216.0,5120.0,16.0,1.0,16.0,16.0,1.3872,0.6900666666666666,0.14096666666666666,0.14616666666666667,3691.0465666666664,7419.717933333333,36323.981766666664,35137.132,20755.137440000002,62763.00496666667,47905.73553333333,48349.62824666667,beegfs
1545,1.0,0.0,16777216.0,5120.0,16.0,2.0,8.0,16.0,0.2697333333333333,0.04893333333333333,0.12366666666666666,0.1196,18990.460566666665,104698.54666666668,41968.97583333334,45281.818999999996,20755.137440000002,62763.00496666667,47905.73553333333,48349.62824666667,beegfs
1546,1.0,0.0,16777216.0,5120.0,16.0,4.0,4.0,16.0,0.1958,0.10103333333333332,0.09976666666666667,0.09756666666666668,26177.848599999998,50688.56566666666,51327.58076666666,52482.334233333335,20755.137440000002,62763.00496666667,47905.73553333333,48349.62824666667,ave_beegfs
1547,1.0,0.0,16777216.0,5120.0,16.0,8.0,2.0,16.0,0.1854,0.0674,0.08256666666666666,0.07086666666666668,27694.1877,75943.9031,62002.40376666666,72282.51539999999,20755.137440000002,62763.00496666667,47905.73553333333,48349.62824666667,ave_beegfs
1548,1.0,0.0,16777216.0,5120.0,16.0,16.0,1.0,16.0,0.18823333333333334,0.06833333333333334,,0.13999999999999999,27222.143766666664,75064.29146666666,,36564.3406,20755.137440000002,62763.00496666667,,48349.62824666667,ave_beegfs
1549,1.0,0.0,16777216.0,5120.0,32.0,1.0,32.0,32.0,1.3736333333333333,0.6925666666666667,0.13566666666666669,0.10633333333333334,3729.7681666666667,7392.525066666666,37769.0183,48352.2588,21366.364446666666,96250.8901,77580.0186,72330.9472,beegfs
1550,1.0,0.0,16777216.0,5120.0,32.0,2.0,16.0,32.0,0.25816666666666666,0.09266666666666666,0.10173333333333334,0.09033333333333333,19841.533466666664,56476.00753333333,50855.285233333336,56869.94173333333,21366.364446666666,96250.8901,77580.0186,72330.9472,beegfs
1551,1.0,0.0,16777216.0,5120.0,32.0,4.0,8.0,32.0,0.18586666666666665,0.028433333333333335,0.067,0.06333333333333334,27544.089666666667,180134.13196666667,77854.46696666667,81385.13473333333,21366.364446666666,96250.8901,77580.0186,72330.9472,ave_beegfs
1552,1.0,0.0,16777216.0,5120.0,32.0,8.0,4.0,32.0,0.18306666666666668,0.056266666666666666,0.05583333333333334,0.056900000000000006,27979.0849,91438.64486666665,91699.76699999999,90768.21206666667,21366.364446666666,96250.8901,77580.0186,72330.9472,ave_beegfs
1553,1.0,0.0,16777216.0,5120.0,32.0,16.0,2.0,32.0,0.1847,0.035133333333333336,,0.14423333333333332,27737.346033333335,145813.14106666666,,35496.0382,21366.364446666666,96250.8901,,72330.9472,ave_beegfs
1554,1.0,0.0,16777216.0,5120.0,32.0,32.0,1.0,32.0,,,0.03946666666666667,0.04226666666666667,,,129721.5555,121114.09766666667,,,77580.0186,72330.9472,ave_tmpfs
1555,1.0,0.0,16777216.0,5120.0,64.0,1.0,64.0,64.0,1.2976999999999999,0.6896333333333334,0.10160000000000001,0.09903333333333332,3949.1956333333333,7424.133266666667,50429.6826,52427.935999999994,21565.176406666662,96371.31595999999,108412.96684666669,110060.02424444444,beegfs
1556,1.0,0.0,16777216.0,5120.0,64.0,2.0,32.0,64.0,0.2635,0.0646,0.0687,0.07066666666666667,19450.522200000003,79609.61700000001,74910.44653333334,72793.1866,21565.176406666662,96371.31595999999,108412.96684666669,110060.02424444444,beegfs
1557,1.0,0.0,16777216.0,5120.0,64.0,4.0,16.0,64.0,0.1875,0.055499999999999994,0.05103333333333334,0.05463333333333333,27309.541833333333,92741.5507,101508.326,95249.69986666668,21565.176406666662,96371.31595999999,108412.96684666669,110060.02424444444,ave_beegfs
1558,1.0,0.0,16777216.0,5120.0,64.0,8.0,8.0,64.0,0.17679999999999998,0.03766666666666666,0.0398,0.0466,28966.54926666667,136235.55240000002,128891.1937,111862.20013333333,21565.176406666662,96371.31595999999,108412.96684666669,110060.02424444444,ave_beegfs
1559,1.0,0.0,16777216.0,5120.0,64.0,16.0,4.0,64.0,0.18193333333333336,0.030899999999999997,,0.08866666666666667,28150.073099999998,165845.72643333333,,57835.36953333334,21565.176406666662,96371.31595999999,,110060.02424444444,ave_beegfs
1560,1.0,0.0,16777216.0,5120.0,64.0,32.0,2.0,64.0,,,0.027466666666666667,0.018933333333333333,,,186325.1854,270191.75333333336,,,108412.96684666669,110060.02424444444,ave_nfs
1561,1.0,0.0,16777216.0,32768.0,2048.0,16.0,128.0,2048.0,,0.1384,0.33316666666666667,0.3051,,236988.34549999997,98790.9879,107539.15616666665,,852177.4496999999,207178.67856666667,322330.3099666666,nfs
1562,1.0,0.0,16777216.0,32768.0,2048.0,32.0,64.0,2048.0,1.1479,0.022333333333333334,0.12023333333333334,0.061099999999999995,28546.4951,1467366.5539,315566.36923333333,537121.4637666667,28546.4951,852177.4496999999,207178.67856666667,322330.3099666666,beegfs
1563,1.0,0.0,16777216.0,49152.0,256.0,1.0,256.0,256.0,15.744066666666667,1.2380333333333333,,0.8970666666666668,3124.0816333333332,39710.8851,,55154.86083333334,23942.867607692304,377151.80454,,196191.28687777778,beegfs
1564,1.0,0.0,16777216.0,49152.0,256.0,2.0,128.0,256.0,,,0.5108333333333334,0.5991333333333334,,,96273.42403333333,82101.86303333333,,,199498.27810000003,196191.28687777778,tmpfs
1565,1.0,0.0,16777216.0,49152.0,256.0,4.0,64.0,256.0,2.10435,0.20606666666666665,0.26966666666666667,0.2187,23357.5205,238520.6416666667,184083.03903333333,225121.22686666666,23942.867607692308,377151.80454,199498.27810000003,196191.28687777778,beegfs
1566,1.0,0.0,16777216.0,49152.0,256.0,8.0,32.0,256.0,2.1268333333333334,0.24206666666666665,0.216,0.17546666666666666,23141.419533333334,203493.3607,227885.56993333332,280448.4335333333,23942.867607692304,377151.80454,199498.27810000003,196191.28687777778,beegfs
1567,1.0,0.0,16777216.0,49152.0,256.0,16.0,16.0,256.0,1.1549,0.12366666666666666,0.6749999999999999,0.5418333333333334,42560.32173333334,401615.1395,73344.29266666666,91671.79363333333,23942.867607692304,377151.80454,199498.27810000003,196191.28687777778,ave_beegfs
1568,1.0,0.0,16777216.0,49152.0,256.0,32.0,8.0,256.0,1.69345,0.04903333333333334,0.11856666666666667,0.1113,29032.3846,1002418.9957333333,415905.0648333333,442649.54336666665,23942.867607692308,377151.80454,199498.27810000003,196191.28687777778,ave_beegfs
1569,1.0,0.0,16777216.0,49152.0,512.0,4.0,128.0,512.0,2.0641666666666665,0.3479666666666667,0.3241,0.3102,23865.525333333335,141288.92039999997,152340.53043333333,159497.23613333332,29821.853941666664,407279.08735833335,201132.08191666668,313616.19266666664,beegfs
1570,1.0,0.0,16777216.0,49152.0,512.0,8.0,64.0,512.0,1.9926333333333333,0.12883333333333333,0.18176666666666666,0.148,24685.818199999998,381538.02363333333,271222.8210666667,332454.15479999996,29821.853941666664,407279.08735833335,201132.08191666668,313616.19266666664,beegfs
1571,1.0,0.0,16777216.0,49152.0,512.0,16.0,32.0,512.0,1.1779333333333335,0.11676666666666667,0.5493333333333333,0.5964333333333333,41730.3009,421342.40233333333,89793.16973333333,82420.29863333334,29821.853941666664,407279.08735833335,201132.08191666668,313616.19266666664,ave_beegfs
1572,1.0,0.0,16777216.0,49152.0,512.0,32.0,16.0,512.0,1.6947333333333334,0.07179999999999999,0.20046666666666665,0.07243333333333334,29005.771333333334,684947.0030666667,291171.8064333333,680093.0811000001,29821.853941666664,407279.08735833335,201132.08191666668,313616.19266666664,beegfs
1573,1.0,0.0,16777216.0,49152.0,1024.0,8.0,128.0,1024.0,2.1789333333333336,0.21876666666666666,0.3668666666666667,0.19596666666666665,22585.991633333335,224916.48753333333,157351.69643333333,251473.75416666665,31256.889155555556,662001.6042444445,176184.96875555554,472026.0283333333,beegfs
1574,1.0,0.0,16777216.0,49152.0,1024.0,16.0,64.0,1024.0,1.1624999999999999,0.062099999999999995,0.4023666666666667,0.33303333333333335,42287.693966666666,791448.2557333334,124374.95836666667,147604.65113333333,31256.889155555556,662001.6042444445,176184.96875555554,472026.0283333333,ave_beegfs
1575,1.0,0.0,16777216.0,49152.0,1024.0,32.0,32.0,1024.0,1.7010333333333332,0.05156666666666667,0.2564666666666667,0.04866666666666667,28896.98186666667,969640.0694666667,246828.25146666667,1016999.6797000001,31256.889155555556,662001.6042444445,176184.96875555554,472026.0283333333,beegfs
1576,1.0,0.0,16777216.0,51200.0,2.0,1.0,2.0,2.0,20.7594,7.7806999999999995,,3.9268,2466.725733333333,6580.5588,,13280.228166666668,2654.36895,9125.734066666666,,14252.115166666668,beegfs
1577,1.0,0.0,16777216.0,51200.0,2.0,2.0,1.0,2.0,18.561533333333333,4.4187666666666665,3.655633333333333,3.3631333333333333,2842.012166666667,11670.909333333335,14006.922733333333,15224.002166666667,2654.36895,9125.734066666666,14006.922733333333,14252.115166666668,ave_beegfs
1578,1.0,0.0,16777216.0,51200.0,4.0,1.0,4.0,4.0,11.0889,8.034066666666666,,2.3836999999999997,4628.8524333333335,6372.925200000001,,21500.7635,5199.318766666666,16323.28615555556,,24897.828855555552,beegfs
1579,1.0,0.0,16777216.0,51200.0,4.0,2.0,2.0,4.0,9.006266666666667,2.6571000000000002,2.2418333333333336,2.248066666666667,5838.248033333333,19297.2966,22951.351633333335,22839.083499999997,5199.318766666666,16323.28615555556,11699.909950000001,24897.828855555552,ave_beegfs
1580,1.0,0.0,16777216.0,51200.0,4.0,4.0,1.0,4.0,9.995466666666667,2.3041,114.1664,1.6867999999999999,5130.855833333333,23299.63666666667,448.4682666666667,30353.639566666665,5199.318766666666,16323.28615555556,11699.909950000001,24897.828855555552,nfs
1581,1.0,0.0,16777216.0,51200.0,8.0,1.0,8.0,8.0,11.571800000000001,8.086133333333335,,1.284,4424.660499999999,6331.849033333333,,39981.051100000004,10625.986416666667,32431.691958333333,,41998.475633333335,beegfs
1582,1.0,0.0,16777216.0,51200.0,8.0,2.0,4.0,8.0,4.407333333333334,1.5020666666666667,2.048966666666667,1.828,11782.919133333335,34108.28223333333,25023.459899999998,28009.0272,10625.986416666667,32431.691958333333,30752.4856,41998.475633333335,ave_beegfs
1583,1.0,0.0,16777216.0,51200.0,8.0,4.0,2.0,8.0,4.0345,1.462,57.4691,1.2431,13137.686233333334,35028.371699999996,12981.103500000003,41248.80613333333,10625.986416666667,32431.691958333333,30752.4856,41998.475633333335,ave_beegfs
1584,1.0,0.0,16777216.0,51200.0,8.0,8.0,1.0,8.0,4.052066666666666,0.9770333333333333,0.9437333333333333,0.8714,13158.679799999998,54258.264866666665,54252.8934,58755.018099999994,10625.986416666667,32431.691958333333,30752.4856,41998.475633333335,ave_beegfs
1585,1.0,0.0,16777216.0,51200.0,16.0,1.0,16.0,16.0,13.345466666666667,8.195233333333332,,0.9619,3836.9606333333336,6247.862133333333,,54186.6097,18908.953915384616,81828.08183333333,,54843.84550666666,beegfs
1586,1.0,0.0,16777216.0,51200.0,16.0,2.0,8.0,16.0,2.685333333333334,0.43016666666666664,1.4476000000000002,1.3274333333333332,19079.851533333334,119033.7169,35388.7057,42754.02553333333,18908.953915384616,81828.08183333333,36546.601825,54843.84550666666,ave_beegfs
1587,1.0,0.0,16777216.0,51200.0,16.0,4.0,4.0,16.0,2.0193333333333334,0.8048333333333333,113.81939999999999,0.9579,25360.236533333333,64308.6483,449.83566666666667,53503.174399999996,18908.953915384616,81828.08183333333,36546.601825,54843.84550666666,nfs
1588,1.0,0.0,16777216.0,51200.0,16.0,8.0,2.0,16.0,1.9675500000000001,0.4656666666666667,0.7552,0.6322666666666666,26054.23785,109949.3061,67913.54729999999,80979.4781,18908.953915384616,81828.08183333333,36546.601825,54843.84550666666,ave_beegfs
1589,1.0,0.0,16777216.0,51200.0,16.0,16.0,1.0,16.0,2.0955000000000004,0.46723333333333333,1.2067333333333334,1.1964333333333335,24438.38955,109600.87573333333,42434.318633333336,42795.9398,18908.953915384616,81828.08183333333,36546.601825,54843.84550666666,ave_beegfs
1590,1.0,0.0,16777216.0,51200.0,32.0,1.0,32.0,32.0,13.379966666666666,8.153766666666668,,0.9059333333333334,3827.4143,6279.340333333334,,56626.551600000006,21578.49902666667,112107.31113999999,,88198.64920555554,beegfs
1591,1.0,0.0,16777216.0,51200.0,32.0,2.0,16.0,32.0,2.5904333333333334,0.7386666666666667,14.717966666666667,0.8801666666666668,19767.717699999997,69468.97623333333,16646.188666666665,59277.307,21578.49902666667,112107.31113999999,67273.43286666667,88198.64920555554,nfs
1592,1.0,0.0,16777216.0,51200.0,32.0,4.0,8.0,32.0,1.8598666666666668,0.25466666666666665,85.26826666666666,0.6386666666666666,27534.7611,201061.28186666666,898.4425000000001,80771.74633333333,21578.49902666667,112107.31113999999,67273.43286666667,88198.64920555554,nfs
1593,1.0,0.0,16777216.0,51200.0,32.0,8.0,4.0,32.0,1.794533333333333,0.5621999999999999,0.5754666666666667,0.47469999999999996,28552.637433333333,91118.49683333334,88974.6266,108646.57303333333,21578.49902666667,112107.31113999999,67273.43286666667,88198.64920555554,ave_beegfs
1594,1.0,0.0,16777216.0,51200.0,32.0,16.0,2.0,32.0,1.8151333333333335,0.26583333333333337,1.0168666666666668,1.0443,28209.964599999996,192608.46043333333,51375.51913333333,50219.5073,21578.49902666667,112107.31113999999,67273.43286666667,88198.64920555554,ave_beegfs
1595,1.0,0.0,16777216.0,51200.0,32.0,32.0,1.0,32.0,,,0.28686666666666666,0.2949,,,178472.38743333332,173650.20996666668,,,67273.43286666667,88198.64920555554,ave_nfs
1596,1.0,0.0,16777216.0,51200.0,64.0,1.0,64.0,64.0,12.797833333333335,8.412966666666668,,0.9025,4001.675566666667,6085.884566666667,,56736.08183333333,20990.13020769231,99655.86486666668,,137527.05544444444,beegfs
1597,1.0,0.0,16777216.0,51200.0,64.0,2.0,32.0,64.0,2.532766666666667,0.6524,21.418533333333333,0.6461,20215.380999999998,78538.04006666667,2587.5392666666667,80073.27306666666,20990.13020769231,99655.86486666668,104653.75822666666,137527.05544444444,nfs
1598,1.0,0.0,16777216.0,51200.0,64.0,4.0,16.0,64.0,1.8130333333333333,0.4232666666666667,23.803433333333334,0.43733333333333335,28241.606499999998,121671.80663333333,2389.3694333333333,118212.22306666667,20990.13020769231,99655.86486666668,104653.75822666666,137527.05544444444,nfs
1599,1.0,0.0,16777216.0,51200.0,64.0,8.0,8.0,64.0,1.7695999999999998,0.42396666666666666,0.3111333333333333,0.2927,28944.178066666664,121366.78876666666,164691.55176666667,176578.51203333333,20990.13020769231,99655.86486666668,104653.75822666666,137527.05544444444,ave_beegfs
1600,1.0,0.0,16777216.0,51200.0,64.0,16.0,4.0,64.0,1.7863,0.3001,0.5229666666666667,0.5061333333333333,28663.1693,170616.8043,106328.64636666667,109554.90146666666,20990.13020769231,99655.86486666668,104653.75822666666,137527.05544444444,ave_beegfs
1601,1.0,0.0,16777216.0,51200.0,64.0,32.0,2.0,64.0,,,0.20923333333333335,0.1806,,,247271.6843,284007.34119999997,,,104653.75822666666,137527.05544444444,ave_nfs
1602,1.0,0.0,16777216.0,51200.0,128.0,1.0,128.0,128.0,14.179966666666667,8.5389,,0.9603,3612.4437,5996.108666666667,,53468.473399999995,22012.612846666667,129563.92034666667,,172770.9556111111,beegfs
1603,1.0,0.0,16777216.0,51200.0,128.0,2.0,64.0,128.0,2.5673999999999997,0.5348666666666667,79.4817,0.5226666666666667,19949.51136666667,95879.50543333334,651.9443,97962.86623333332,22012.612846666667,129563.92034666667,154695.87553333334,172770.9556111111,nfs
1604,1.0,0.0,16777216.0,51200.0,128.0,4.0,32.0,128.0,1.8019999999999998,0.3960666666666666,0.3854,0.3353333333333333,28419.830700000002,129609.17223333335,135724.14656666666,153659.32663333334,22012.612846666667,129563.92034666667,154695.87553333334,172770.9556111111,ave_beegfs
1605,1.0,0.0,16777216.0,51200.0,128.0,8.0,16.0,128.0,1.7575333333333332,0.28923333333333334,0.23773333333333332,0.2363666666666667,29133.944633333333,177481.858,216357.77346666667,216985.95089999997,22012.612846666667,129563.92034666667,154695.87553333334,172770.9556111111,ave_beegfs
1606,1.0,0.0,16777216.0,51200.0,128.0,16.0,8.0,128.0,1.7698,0.21529999999999996,0.4673666666666667,0.5664666666666667,28947.333833333334,238852.95739999998,113357.17923333333,93725.99239999999,22012.612846666667,129563.92034666667,154695.87553333334,172770.9556111111,ave_beegfs
1607,1.0,0.0,16777216.0,51200.0,128.0,32.0,4.0,128.0,,,0.16666666666666666,0.12169999999999999,,,307388.33410000004,420823.12409999996,,,154695.87553333334,172770.9556111111,ave_nfs
1608,1.0,0.0,16777216.0,98304.0,512.0,4.0,128.0,512.0,,0.6179666666666667,,0.6312,,159347.2599,,155775.3627,,159347.25989999998,,155775.36269999997,ave_tmpfs
1609,1.0,0.0,67108864.0,1024.0,2.0,1.0,2.0,2.0,0.21189999999999998,0.1664,0.1459,0.11203333333333333,4836.2046,6155.273433333333,7210.406033333333,9169.921466666667,5250.172899999999,8923.940216666668,9069.5869,9652.739716666667,beegfs
1610,1.0,0.0,67108864.0,1024.0,2.0,2.0,1.0,2.0,0.18130000000000002,0.08756666666666667,0.0937,0.10103333333333332,5664.141200000001,11692.606999999998,10928.767766666666,10135.557966666667,5250.172899999999,8923.940216666668,9069.5869,9652.739716666667,ave_beegfs
1611,1.0,0.0,67108864.0,1024.0,4.0,1.0,4.0,4.0,0.2037,0.16566666666666666,0.0755,0.08543333333333332,5027.393666666667,6181.6534,13671.749033333334,11992.045833333332,8894.259255555555,15867.232744444445,15504.475088888888,15701.2367,beegfs
1612,1.0,0.0,67108864.0,1024.0,4.0,2.0,2.0,4.0,0.09606666666666668,0.05306666666666667,0.06563333333333334,0.05846666666666667,10679.991433333334,19516.481266666666,15600.292466666666,17509.497033333333,8894.259255555555,15867.232744444445,15504.475088888888,15701.2367,ave_beegfs
1613,1.0,0.0,67108864.0,1024.0,4.0,4.0,1.0,4.0,0.09356666666666667,0.04676666666666667,0.059566666666666664,0.058166666666666665,10975.392666666667,21903.563566666668,17241.383766666666,17602.167233333334,8894.259255555555,15867.232744444445,15504.475088888888,15701.2367,ave_beegfs
1614,1.0,0.0,67108864.0,1024.0,8.0,1.0,8.0,8.0,0.25543333333333335,0.16503333333333334,0.047466666666666664,0.054,4011.3922000000002,6204.365266666667,21917.146399999998,19328.555066666664,15272.212675,23498.83455,26443.3137,28957.41755,beegfs
1615,1.0,0.0,67108864.0,1024.0,8.0,2.0,4.0,8.0,0.060566666666666664,0.043966666666666675,0.048966666666666665,0.0391,16924.561933333334,23465.994733333337,20947.49786666667,26215.19053333333,15272.212675,23498.83455,26443.3137,28957.41755,ave_beegfs
1616,1.0,0.0,67108864.0,1024.0,8.0,4.0,2.0,8.0,0.05106666666666667,0.0313,0.03453333333333333,0.02996666666666667,20125.542100000002,32729.4773,29654.467400000005,34159.2655,15272.212675,23498.83455,26443.3137,28957.41755,ave_beegfs
1617,1.0,0.0,67108864.0,1024.0,8.0,8.0,1.0,8.0,0.0512,0.032400000000000005,0.030800000000000004,0.028366666666666665,20027.354466666668,31595.5009,33254.14313333334,36126.6591,15272.212675,23498.83455,26443.3137,28957.41755,ave_beegfs
1618,1.0,0.0,67108864.0,1024.0,16.0,1.0,16.0,16.0,0.28600000000000003,0.16446666666666668,0.03453333333333333,0.040266666666666666,3580.183233333333,6225.6451333333325,30111.257,26000.61,19731.886013333336,51842.98591333333,37951.495833333334,37664.28595333333,beegfs
1619,1.0,0.0,67108864.0,1024.0,16.0,2.0,8.0,16.0,0.05923333333333333,0.013233333333333333,0.037733333333333334,0.03286666666666667,17323.023233333333,77344.20343333333,27876.587933333332,33864.0686,19731.886013333336,51842.98591333333,37951.495833333334,37664.28595333333,beegfs
1620,1.0,0.0,67108864.0,1024.0,16.0,4.0,4.0,16.0,0.042133333333333335,0.0242,0.024133333333333336,0.0233,24377.2732,42309.75923333334,42782.95943333333,44409.3709,19731.886013333336,51842.98591333333,37951.495833333334,37664.28595333333,ave_beegfs
1621,1.0,0.0,67108864.0,1024.0,16.0,8.0,2.0,16.0,0.039233333333333335,0.015333333333333332,0.020066666666666667,0.0163,26124.215200000002,66865.65516666666,51035.17896666667,62852.54746666667,19731.886013333336,51842.98591333333,37951.495833333334,37664.28595333333,ave_beegfs
1622,1.0,0.0,67108864.0,1024.0,16.0,16.0,1.0,16.0,0.037566666666666665,0.015399999999999999,,0.04833333333333333,27254.7352,66469.6666,,21194.8328,19731.886013333336,51842.98591333333,,37664.28595333333,ave_beegfs
1623,1.0,0.0,67108864.0,4096.0,32.0,1.0,32.0,32.0,1.1070333333333333,0.6384,0.0892,0.09283333333333332,3700.5542,6415.9331999999995,46265.747233333335,44311.587966666666,21123.277933333335,85783.55508,74756.61529333334,68493.12517222222,beegfs
1624,1.0,0.0,67108864.0,4096.0,32.0,2.0,16.0,32.0,0.20453333333333334,0.09003333333333334,0.08183333333333333,0.07116666666666667,20031.319666666666,46033.60146666667,50408.20763333334,58199.04223333333,21123.277933333335,85783.55508,74756.61529333334,68493.12517222222,beegfs
1625,1.0,0.0,67108864.0,4096.0,32.0,4.0,8.0,32.0,0.15180000000000002,0.0262,0.0641,0.05453333333333333,27005.83276666667,156291.3236,65557.21843333333,75303.49496666667,21123.277933333335,85783.55508,74756.61529333334,68493.12517222222,ave_beegfs
1626,1.0,0.0,67108864.0,4096.0,32.0,8.0,4.0,32.0,0.1522,0.0491,0.045566666666666665,0.04763333333333333,26950.061733333336,83457.1705,89926.12926666667,86219.16493333333,21123.277933333335,85783.55508,74756.61529333334,68493.12517222222,ave_beegfs
1627,1.0,0.0,67108864.0,4096.0,32.0,16.0,2.0,32.0,0.14683333333333334,0.02996666666666667,,0.15956666666666666,27928.6213,136719.74663333336,,28474.0819,21123.277933333335,85783.55508,,68493.12517222222,ave_beegfs
1628,1.0,0.0,67108864.0,4096.0,32.0,32.0,1.0,32.0,,,0.033666666666666664,0.03456666666666667,,,121625.77389999999,118451.37903333333,,,74756.61529333334,68493.12517222222,ave_tmpfs
1629,1.0,0.0,67108864.0,4096.0,64.0,1.0,64.0,64.0,1.0530333333333333,0.6368,0.08636666666666666,0.07953333333333333,3891.895233333333,6431.861099999999,47774.97356666666,51498.188733333336,21307.547466666667,91282.59016666668,97973.29368666669,106032.69788333333,beegfs
1630,1.0,0.0,67108864.0,4096.0,64.0,2.0,32.0,64.0,0.21196666666666666,0.05203333333333333,0.0615,0.054299999999999994,19325.883400000002,79227.15819999999,67157.81300000001,75792.52486666666,21307.547466666667,91282.59016666668,97973.29368666669,106032.69788333333,beegfs
1631,1.0,0.0,67108864.0,4096.0,64.0,4.0,16.0,64.0,0.1483,0.04516666666666667,0.04636666666666667,0.0438,27653.266033333333,91305.97686666668,88442.53543333332,93678.31313333334,21307.547466666667,91282.59016666668,97973.29368666669,106032.69788333333,ave_beegfs
1632,1.0,0.0,67108864.0,4096.0,64.0,8.0,8.0,64.0,0.14983333333333335,0.0329,0.03423333333333333,0.03563333333333333,27403.8814,125204.9244,120413.01710000001,114979.65856666667,21307.547466666667,91282.59016666668,97973.29368666669,106032.69788333333,ave_beegfs
1633,1.0,0.0,67108864.0,4096.0,64.0,16.0,4.0,64.0,0.14493333333333333,0.026533333333333336,,0.07393333333333334,28262.811266666668,154243.03026666667,,66977.06863333333,21307.547466666667,91282.59016666668,,106032.69788333333,ave_beegfs
1634,1.0,0.0,67108864.0,4096.0,64.0,32.0,2.0,64.0,,,0.02466666666666667,0.017566666666666664,,,166078.12933333335,233270.43336666666,,,97973.29368666669,106032.69788333333,ave_nfs
1635,1.0,0.0,67108864.0,5120.0,2.0,1.0,2.0,2.0,1.0966,0.8044666666666668,0.5953333333333334,0.5467,4678.9701,6364.315600000001,8626.8162,9369.009666666667,5399.344516666667,9351.4016,10130.56335,10209.556883333333,beegfs
1636,1.0,0.0,67108864.0,5120.0,2.0,2.0,1.0,2.0,0.8383333333333333,0.4149333333333334,0.44016666666666665,0.46373333333333333,6119.718933333334,12338.4876,11634.310500000001,11050.104099999999,5399.344516666667,9351.4016,10130.56335,10209.556883333333,ave_beegfs
1637,1.0,0.0,67108864.0,5120.0,4.0,1.0,4.0,4.0,1.0212999999999999,0.8032333333333334,0.44353333333333333,0.35453333333333337,5013.522633333333,6374.134733333333,11549.948833333334,14641.297433333333,8819.213277777779,16319.052300000001,15663.986322222225,17183.164099999998,beegfs
1638,1.0,0.0,67108864.0,5120.0,4.0,2.0,2.0,4.0,0.5205666666666667,0.2729,0.337,0.3356333333333333,9908.155833333332,18893.321633333337,15409.856166666666,15258.222433333334,8819.213277777779,16319.052300000001,15663.986322222225,17183.164099999998,ave_beegfs
1639,1.0,0.0,67108864.0,5120.0,4.0,4.0,1.0,4.0,0.4442,0.21613333333333332,0.2557,0.23650000000000002,11535.961366666668,23689.700533333333,20032.153966666665,21649.972433333332,8819.213277777779,16319.052300000001,15663.986322222225,17183.164099999998,ave_beegfs
1640,1.0,0.0,67108864.0,5120.0,8.0,1.0,8.0,8.0,1.1975333333333333,0.7948333333333334,0.2359,0.3064,4276.3875,6441.6321,21812.719533333333,17035.677233333332,15580.228416666665,25694.678033333334,30067.456424999997,30131.560058333333,beegfs
1641,1.0,0.0,67108864.0,5120.0,8.0,2.0,4.0,8.0,0.2986666666666667,0.2052333333333333,0.171,0.18323333333333336,17169.741933333335,25943.431966666667,30058.928666666663,27955.383266666668,15580.228416666665,25694.678033333334,30067.456424999997,30131.560058333333,ave_beegfs
1642,1.0,0.0,67108864.0,5120.0,8.0,4.0,2.0,8.0,0.2594,0.15,0.1701,0.1541,19856.489266666667,34143.3693,30248.412166666665,33622.1049,15580.228416666665,25694.678033333334,30067.456424999997,30131.560058333333,ave_beegfs
1643,1.0,0.0,67108864.0,5120.0,8.0,8.0,1.0,8.0,0.24473333333333333,0.14126666666666668,0.13423333333333334,0.12213333333333333,21018.29496666667,36250.27876666666,38149.76533333334,41913.07483333333,15580.228416666665,25694.678033333334,30067.456424999997,30131.560058333333,ave_beegfs
1644,1.0,0.0,67108864.0,5120.0,16.0,1.0,16.0,16.0,1.3780999999999999,0.7929333333333334,0.14736666666666667,0.1567333333333333,3715.6805333333336,6457.147366666667,35105.809700000005,32675.694199999998,20186.441219999997,56405.698873333335,41696.63112500001,40130.10204666666,beegfs
1645,1.0,0.0,67108864.0,5120.0,16.0,2.0,8.0,16.0,0.2689333333333333,0.057600000000000005,0.1626,0.1563,19044.4466,88911.9974,32051.445366666667,33360.5982,20186.441219999997,56405.698873333335,41696.63112500001,40130.10204666666,beegfs
1646,1.0,0.0,67108864.0,5120.0,16.0,4.0,4.0,16.0,0.20343333333333335,0.1057,0.10926666666666666,0.10506666666666666,25211.170166666667,48489.857333333326,46901.0559,49121.106433333334,20186.441219999997,56405.698873333335,41696.63112500001,40130.10204666666,ave_beegfs
1647,1.0,0.0,67108864.0,5120.0,16.0,8.0,2.0,16.0,0.2028,0.07356666666666667,0.09803333333333335,0.0806,25536.373033333333,69595.56463333334,52728.21353333333,63804.07603333334,20186.441219999997,56405.698873333335,41696.63112500001,40130.10204666666,ave_beegfs
1648,1.0,0.0,67108864.0,5120.0,16.0,16.0,1.0,16.0,0.18683333333333332,0.07473333333333333,,0.23606666666666665,27424.535766666668,68573.92763333333,,21689.035366666667,20186.441219999997,56405.698873333335,,40130.10204666666,ave_beegfs
1649,1.0,0.0,67108864.0,32768.0,512.0,4.0,128.0,512.0,1.5963666666666667,0.26553333333333334,0.2752,0.23740000000000003,20553.151466666666,123763.80706666666,119051.4183,138659.67906666666,27119.014681818182,375763.637075,241184.09429,295772.07715,beegfs
1650,1.0,0.0,67108864.0,32768.0,512.0,8.0,64.0,512.0,1.5067333333333333,0.08739999999999999,0.13646666666666665,0.10706666666666666,21832.558966666667,375100.70430000004,240149.9149,306727.14253333333,27119.014681818182,375763.637075,241184.09429,295772.07715,beegfs
1651,1.0,0.0,67108864.0,32768.0,512.0,16.0,32.0,512.0,0.7769999999999999,0.09003333333333334,0.3708666666666667,0.35663333333333336,42174.743,376094.65716666664,88423.75186666667,91888.08029999999,27119.014681818182,375763.637075,241184.09429,295772.07715,ave_beegfs
1652,1.0,0.0,67108864.0,32768.0,512.0,32.0,16.0,512.0,1.1325,0.05223333333333333,0.07596666666666667,0.05079999999999999,28934.1814,628095.3797666667,435689.50810000004,645813.4067,27119.014681818182,375763.637075,241184.09429,295772.07715,ave_beegfs
1653,1.0,0.0,67108864.0,49152.0,64.0,1.0,64.0,64.0,12.365033333333335,8.487533333333333,,0.8349000000000001,3976.1471,5791.100200000001,,58905.15956666666,22037.260446666667,92200.44603333336,,111692.36022777778,beegfs
1654,1.0,0.0,67108864.0,49152.0,64.0,2.0,32.0,64.0,2.4779,0.6529666666666666,50.0657,0.5893666666666667,19844.1355,75955.2413,985.6219333333333,84311.3864,22037.260446666667,92200.44603333336,84730.47227857143,111692.36022777778,nfs
1655,1.0,0.0,67108864.0,49152.0,64.0,4.0,16.0,64.0,1.7257666666666667,0.5679333333333333,13.75495,0.4627666666666667,28484.047233333335,87075.54239999999,4758.3735,106224.74493333332,22037.260446666667,92200.44603333336,84730.47227857143,111692.36022777778,nfs
1656,1.0,0.0,67108864.0,49152.0,64.0,8.0,8.0,64.0,1.6952333333333334,0.4063666666666667,0.33180000000000004,0.3985,29005.523033333335,121596.82380000001,148486.3878,123851.26563333331,22037.260446666667,92200.44603333336,84730.47227857143,111692.36022777778,ave_beegfs
1657,1.0,0.0,67108864.0,49152.0,64.0,16.0,4.0,64.0,1.7028333333333334,0.2882,2.997666666666667,1.0820333333333334,28876.449366666668,170583.52246666668,33936.854433333334,45636.70256666667,22037.260446666667,92200.44603333336,84730.47227857143,111692.36022777778,ave_beegfs
1658,1.0,0.0,67108864.0,49152.0,64.0,32.0,2.0,64.0,,,0.23546666666666669,0.19693333333333332,,,208827.75746666666,251224.90226666664,,,84730.47227857143,111692.36022777778,ave_nfs
1659,1.0,0.0,67108864.0,49152.0,128.0,1.0,128.0,128.0,13.338099999999999,8.8552,,0.9312666666666667,3685.230766666666,5553.781966666666,,52858.169833333326,21919.853026666664,121322.19395999999,,155567.18802222225,beegfs
1660,1.0,0.0,67108864.0,49152.0,128.0,2.0,64.0,128.0,2.4616666666666664,0.5164333333333334,28.698866666666664,0.4986,19967.6486,95318.13040000001,35469.89753333333,98666.058,21919.853026666664,121322.19395999999,135951.0525076923,155567.18802222225,beegfs
1661,1.0,0.0,67108864.0,49152.0,128.0,4.0,32.0,128.0,1.7522333333333335,0.6359333333333334,0.3437,0.3391333333333333,28054.477799999997,105360.91566666665,143027.9892,146459.8157,21919.853026666664,121322.19395999999,135951.0525076923,155567.18802222225,ave_beegfs
1662,1.0,0.0,67108864.0,49152.0,128.0,8.0,16.0,128.0,1.7108999999999999,0.28973333333333334,0.2725,0.2414333333333333,28733.926966666666,170335.94113333334,180976.5411,203610.20626666668,21919.853026666664,121322.19395999999,135951.0525076923,155567.18802222225,ave_beegfs
1663,1.0,0.0,67108864.0,49152.0,128.0,16.0,8.0,128.0,1.6866666666666665,0.21433333333333335,0.8546,0.7576666666666667,29157.981,230042.20063333333,57991.46073333333,64993.07490000001,21919.853026666664,121322.19395999999,135951.0525076923,155567.18802222225,ave_beegfs
1664,1.0,0.0,67108864.0,49152.0,128.0,32.0,4.0,128.0,,,0.1841,0.13413333333333333,,,267007.33176666667,366815.80343333335,,,135951.0525076923,155567.18802222225,ave_nfs
1665,1.0,0.0,67108864.0,49152.0,256.0,1.0,256.0,256.0,16.3291,1.2270333333333334,,0.8935666666666666,3010.4265666666665,40057.8319,,55219.398133333336,23638.74838666667,345950.19397333334,,183843.80523888892,beegfs
1666,1.0,0.0,67108864.0,49152.0,256.0,2.0,128.0,256.0,,,0.5577,0.6014,,,88687.05656666665,81796.51043333333,,,171273.62437692305,183843.80523888892,tmpfs
1667,1.0,0.0,67108864.0,49152.0,256.0,4.0,64.0,256.0,2.2013,0.20609999999999998,0.3228,0.2268,22421.161266666666,238490.69503333335,152249.7172,217319.53916666665,23638.74838666667,345950.19397333334,171273.62437692305,183843.80523888892,beegfs
1668,1.0,0.0,67108864.0,49152.0,256.0,8.0,32.0,256.0,2.3357666666666668,0.2594666666666667,0.2131333333333333,0.17600000000000002,21106.716533333336,190893.93373333334,230971.16616666666,279370.03473333333,23638.74838666667,345950.19397333334,171273.62437692305,183843.80523888892,beegfs
1669,1.0,0.0,67108864.0,49152.0,256.0,16.0,16.0,256.0,1.1613666666666667,0.1673,0.9987333333333334,0.6961333333333334,42322.812066666665,294249.08466666663,61832.195100000004,71189.43486666666,23638.74838666667,345950.19397333334,171273.62437692305,183843.80523888892,ave_beegfs
1670,1.0,0.0,67108864.0,49152.0,256.0,32.0,8.0,256.0,1.6763333333333332,0.05086666666666667,0.16093333333333334,0.12380000000000001,29332.6255,966059.4245333333,309945.3820666667,398167.9141,23638.74838666667,345950.19397333334,171273.62437692305,183843.80523888892,ave_beegfs
1671,1.0,0.0,67108864.0,51200.0,2.0,1.0,2.0,2.0,20.499233333333333,8.6891,,4.9676,2499.1945,5892.450733333334,,10307.036666666667,2474.9975,8655.432716666666,,10823.062100000001,ave_beegfs
1672,1.0,0.0,67108864.0,51200.0,2.0,2.0,1.0,2.0,20.895333333333333,4.4840333333333335,4.328433333333334,4.515866666666667,2450.8005,11418.4147,11828.7459,11339.087533333333,2474.9975,8655.432716666666,11828.7459,10823.062100000001,beegfs
1673,1.0,0.0,67108864.0,51200.0,4.0,1.0,4.0,4.0,10.835333333333333,8.790833333333333,,3.6702333333333335,4731.8413,5824.2376,,14253.326033333333,5288.294522222222,12651.910255555553,,18601.25367777778,beegfs
1674,1.0,0.0,67108864.0,51200.0,4.0,2.0,2.0,4.0,10.0359,3.4800333333333335,2.8568,2.9197666666666664,5102.8757000000005,14713.7433,17976.211733333334,17575.657066666667,5288.294522222222,12651.910255555553,15223.973380000001,18601.25367777778,beegfs
1675,1.0,0.0,67108864.0,51200.0,4.0,4.0,1.0,4.0,8.7476,3.0896333333333335,58.2604,2.1356,6030.166566666667,17417.74986666667,11095.61585,23974.77793333333,5288.294522222222,12651.910255555553,15223.97338,18601.25367777778,ave_beegfs
1676,1.0,0.0,67108864.0,51200.0,8.0,1.0,8.0,8.0,11.636233333333335,8.818066666666667,,2.1551000000000005,4400.288100000001,5806.280066666666,,24020.084600000002,9614.450533333333,23863.733541666665,,33526.1448,beegfs
1677,1.0,0.0,67108864.0,51200.0,8.0,2.0,4.0,8.0,4.3252,2.086,2.1215333333333333,1.8942333333333334,11996.549933333334,24644.663066666664,24134.722599999997,27052.74266666667,9614.450533333333,23863.733541666665,30492.441124999998,33526.1448,ave_beegfs
1678,1.0,0.0,67108864.0,51200.0,8.0,4.0,2.0,8.0,4.7911,1.9945000000000002,29.29895,1.4344000000000001,10763.573066666666,25784.141066666663,17778.90205,35702.85573333334,9614.450533333333,23863.733541666665,30492.441124999998,33526.1448,ave_beegfs
1679,1.0,0.0,67108864.0,51200.0,8.0,8.0,1.0,8.0,4.567266666666667,1.3437000000000001,1.1296,1.0817666666666668,11297.391033333333,39219.84996666667,45325.852366666666,47328.896199999996,9614.450533333333,23863.733541666665,30492.441124999998,33526.1448,ave_beegfs
1680,1.0,0.0,67108864.0,51200.0,16.0,1.0,16.0,16.0,13.5522,8.833433333333334,,1.6130666666666666,3779.0798,5796.174433333334,,32419.94063333333,19902.502486666668,64650.79322,,42656.96232666666,beegfs
1681,1.0,0.0,67108864.0,51200.0,16.0,2.0,8.0,16.0,2.7041,0.5434666666666667,1.3953999999999998,1.3596666666666666,18935.326100000002,94224.52143333333,37298.47896666667,39724.00403333333,19902.502486666668,64650.79322,31911.439954545454,42656.96232666666,beegfs
1682,1.0,0.0,67108864.0,51200.0,16.0,4.0,4.0,16.0,2.0683333333333334,1.0760333333333334,113.7328,0.9932,24804.210366666666,47693.016533333335,450.17795,51591.997233333335,19902.502486666668,64650.79322,31911.439954545454,42656.96232666666,nfs
1683,1.0,0.0,67108864.0,51200.0,16.0,8.0,2.0,16.0,2.0226,0.5468000000000001,0.9038666666666666,0.7598333333333334,25320.05263333333,93636.22739999999,56799.042333333324,67406.52886666667,19902.502486666668,64650.79322,31911.439954545454,42656.96232666666,ave_beegfs
1684,1.0,0.0,67108864.0,51200.0,16.0,16.0,1.0,16.0,1.9201333333333332,0.6477,2.2644,2.312333333333333,26673.843533333333,81904.0263,22610.973233333334,22142.340866666666,19902.502486666668,64650.79322,31911.439954545454,42656.96232666666,ave_beegfs
1685,1.0,0.0,67108864.0,51200.0,32.0,1.0,32.0,32.0,13.860866666666666,8.9071,,0.9824666666666667,3694.2335666666672,5748.292566666667,,52136.08663333333,21395.847233333337,98057.59558000001,,75160.40341111111,beegfs
1686,1.0,0.0,67108864.0,51200.0,32.0,2.0,16.0,32.0,2.5348333333333333,0.9626999999999999,23.810533333333336,0.8844,20200.6656,53932.924733333326,2378.3721666666665,58166.234300000004,21395.847233333337,98057.59558000001,57369.82548571428,75160.40341111111,nfs
1687,1.0,0.0,67108864.0,51200.0,32.0,4.0,8.0,32.0,1.8861333333333334,0.3006333333333333,113.66065,0.8144999999999999,27150.7723,170316.44093333333,450.4637,63930.863333333335,21395.847233333337,98057.59558000001,57369.82548571429,75160.40341111111,nfs
1688,1.0,0.0,67108864.0,51200.0,32.0,8.0,4.0,32.0,1.8018666666666665,0.5574666666666667,0.5792,0.5128666666666667,28450.96746666667,91851.3582,88403.91313333334,100106.43226666667,21395.847233333337,98057.59558000001,57369.82548571428,75160.40341111111,ave_beegfs
1689,1.0,0.0,67108864.0,51200.0,32.0,16.0,2.0,32.0,1.8631666666666666,0.30396666666666666,2.2006666666666668,2.017466666666667,27482.597233333334,168438.96146666666,23310.864133333333,25381.7914,21395.847233333337,98057.59558000001,57369.82548571428,75160.40341111111,ave_beegfs
1690,1.0,0.0,67108864.0,51200.0,32.0,32.0,1.0,32.0,,,0.33393333333333336,0.3387,,,153332.39370000002,151241.01253333333,,,57369.82548571428,75160.40341111111,ave_nfs
1691,1.0,0.0,67108864.0,98304.0,128.0,4.0,32.0,128.0,,1.1023666666666667,,,,104096.41873333334,,,,170196.77006666668,,,localssd
1692,1.0,0.0,67108864.0,98304.0,128.0,8.0,16.0,128.0,,0.6571,,,,161118.35813333336,,,,170196.77006666668,,,localssd
1693,1.0,0.0,67108864.0,98304.0,128.0,16.0,8.0,128.0,,0.40199999999999997,,,,245375.53333333333,,,,170196.77006666668,,,ave_localssd
1694,1.0,0.0,67108864.0,98304.0,256.0,4.0,64.0,256.0,,0.39866666666666667,,,,246583.02056666664,,,,246583.02056666664,,,localssd
1695,1.0,0.0,67108864.0,98304.0,512.0,4.0,128.0,512.0,,0.6172666666666666,,0.5945,,159263.50766666667,,165559.2748,,159263.50766666664,,165559.27479999998,ave_localssd
1696,1.0,0.0,268435456.0,1024.0,2.0,1.0,2.0,2.0,0.21043333333333333,0.16616666666666666,0.13043333333333332,0.11499999999999999,4868.896266666667,6162.489366666668,8067.4336,8908.493333333334,5378.8813666666665,8935.60635,9488.282949999999,9480.994899999998,beegfs
1697,1.0,0.0,268435456.0,1024.0,2.0,2.0,1.0,2.0,0.1742,0.08746666666666668,0.0939,0.10186666666666666,5888.866466666666,11708.723333333333,10909.1323,10053.496466666666,5378.8813666666665,8935.60635,9488.282949999999,9480.994899999998,ave_beegfs
1698,1.0,0.0,268435456.0,1024.0,4.0,1.0,4.0,4.0,0.2051333333333333,0.1655,0.07946666666666667,0.0793,4992.314033333333,6187.758433333333,12965.1683,12980.8879,9094.90188888889,15136.463744444443,15299.657877777778,16000.08668888889,beegfs
1699,1.0,0.0,268435456.0,1024.0,4.0,2.0,2.0,4.0,0.0936,0.057333333333333326,0.06480000000000001,0.05843333333333334,10942.429533333334,17923.094233333333,15800.010699999999,17528.170800000004,9094.90188888889,15136.463744444443,15299.657877777778,16000.08668888889,ave_beegfs
1700,1.0,0.0,268435456.0,1024.0,4.0,4.0,1.0,4.0,0.09026666666666668,0.04806666666666667,0.05976666666666667,0.05853333333333333,11349.962099999999,21298.538566666666,17133.794633333335,17491.201366666664,9094.90188888889,15136.463744444443,15299.657877777778,16000.08668888889,ave_beegfs
1701,1.0,0.0,268435456.0,4096.0,8.0,1.0,8.0,8.0,0.9676666666666667,0.6398666666666667,0.1754,0.15963333333333332,4233.013066666666,6401.227933333333,23362.682533333336,26048.43013333333,15057.374466666668,25438.329508333336,30157.728091666668,30812.309374999993,beegfs
1702,1.0,0.0,268435456.0,4096.0,8.0,2.0,4.0,8.0,0.2516,0.16093333333333334,0.14286666666666667,0.15033333333333332,16446.46316666667,25720.48556666667,28944.481433333334,27252.530566666668,15057.374466666668,25438.329508333336,30157.728091666668,30812.309374999993,ave_beegfs
1703,1.0,0.0,268435456.0,4096.0,8.0,4.0,2.0,8.0,0.2128,0.11826666666666667,0.13543333333333332,0.14096666666666666,19330.528166666667,34643.537233333336,30444.6453,29081.104666666666,15057.374466666668,25438.329508333336,30157.728091666668,30812.309374999993,ave_beegfs
1704,1.0,0.0,268435456.0,4096.0,8.0,8.0,1.0,8.0,0.20983333333333332,0.11706666666666667,0.10810000000000002,0.10023333333333333,20219.493466666667,34988.0673,37879.1031,40867.17213333333,15057.374466666668,25438.329508333336,30157.728091666668,30812.309374999993,ave_beegfs
1705,1.0,0.0,268435456.0,4096.0,16.0,1.0,16.0,16.0,1.0964,0.6374333333333334,0.13583333333333333,0.1298,3736.7090666666663,6425.493733333333,30205.325933333337,31696.286566666666,20575.54610666667,53969.63112,41854.75783333334,41187.22992,beegfs
1706,1.0,0.0,268435456.0,4096.0,16.0,2.0,8.0,16.0,0.2189,0.04650000000000001,0.12013333333333333,0.1052,18769.22943333333,88113.12923333333,34317.560333333335,39940.150133333336,20575.54610666667,53969.63112,41854.75783333334,41187.22992,beegfs
1707,1.0,0.0,268435456.0,4096.0,16.0,4.0,4.0,16.0,0.1549,0.085,0.08600000000000001,0.0827,26454.621266666665,48327.683366666664,47683.439066666666,49658.05756666666,20575.54610666667,53969.63112,41854.75783333334,41187.22992,ave_beegfs
1708,1.0,0.0,268435456.0,4096.0,16.0,8.0,2.0,16.0,0.14826666666666666,0.06133333333333333,0.0751,0.06543333333333333,27648.05023333333,66788.23909999999,55212.706000000006,63050.769766666665,20575.54610666667,53969.63112,41854.75783333334,41187.22992,ave_beegfs
1709,1.0,0.0,268435456.0,4096.0,16.0,16.0,1.0,16.0,0.15846666666666667,0.06966666666666667,,0.18973333333333334,26269.120533333335,60193.61016666666,,21590.885566666668,20575.54610666667,53969.63112,,41187.22992,ave_beegfs
1710,1.0,0.0,268435456.0,5120.0,2.0,1.0,2.0,2.0,1.0247333333333335,0.8033999999999999,0.6427999999999999,0.5112,4996.5034000000005,6372.8712000000005,8009.403066666667,10027.452566666667,5416.308183333334,9357.970516666668,9877.3817,10586.489066666667,beegfs
1711,1.0,0.0,268435456.0,5120.0,2.0,2.0,1.0,2.0,0.8870333333333335,0.4148,0.4359,0.45940000000000003,5836.1129666666675,12343.069833333333,11745.360333333332,11145.525566666665,5416.308183333334,9357.970516666668,9877.3817,10586.489066666667,ave_beegfs
1712,1.0,0.0,268435456.0,5120.0,4.0,1.0,4.0,4.0,1.0194666666666665,0.8020333333333333,0.45473333333333327,0.2946666666666667,5022.4927,6383.6973,11267.463133333333,17618.9353,8576.79771111111,15857.918555555554,15957.026822222222,18117.917577777775,beegfs
1713,1.0,0.0,268435456.0,5120.0,4.0,2.0,2.0,4.0,0.5235333333333333,0.2883,0.30606666666666665,0.3381,9819.724166666667,17761.6022,16730.477366666666,15160.612333333333,8576.79771111111,15857.918555555554,15957.026822222222,18117.917577777775,ave_beegfs
1714,1.0,0.0,268435456.0,5120.0,4.0,4.0,1.0,4.0,0.4705,0.21853333333333333,0.2576333333333333,0.2373333333333333,10888.176266666667,23428.456166666667,19873.139966666666,21574.205100000003,8576.79771111111,15857.918555555554,15957.026822222222,18117.917577777775,ave_beegfs
1715,1.0,0.0,268435456.0,32768.0,128.0,1.0,128.0,128.0,8.898733333333332,5.930666666666667,,0.6297333333333334,3682.7157666666667,5525.203133333333,,52135.06716666667,21692.45838666667,135169.15774,,155464.33720555555,beegfs
1716,1.0,0.0,268435456.0,32768.0,128.0,2.0,64.0,128.0,1.6799666666666668,0.32606666666666667,0.3151333333333333,0.3385,19508.701466666666,100542.36546666666,104125.11209999998,97052.26603333333,21692.45838666667,135169.15774,160703.5234583333,155464.33720555555,beegfs
1717,1.0,0.0,268435456.0,32768.0,128.0,4.0,32.0,128.0,1.1867666666666665,0.24293333333333333,,0.23153333333333334,27656.607033333334,135577.09133333334,,141627.1674,21692.45838666667,135169.15774,,155464.33720555555,ave_beegfs
1718,1.0,0.0,268435456.0,32768.0,128.0,8.0,16.0,128.0,1.1291333333333333,0.17953333333333332,0.17489999999999997,0.15856666666666666,29051.370833333334,185859.08669999999,187503.82903333334,206810.98523333334,21692.45838666667,135169.15774,160703.5234583333,155464.33720555555,ave_beegfs
1719,1.0,0.0,268435456.0,32768.0,128.0,16.0,8.0,128.0,1.1475333333333333,0.13293333333333332,0.40273333333333333,0.41966666666666663,28562.896833333332,248342.04206666668,83137.44256666666,78097.36940000001,21692.45838666667,135169.15774,160703.5234583333,155464.33720555555,ave_beegfs
1720,1.0,0.0,268435456.0,32768.0,128.0,32.0,4.0,128.0,,,0.12243333333333332,0.09183333333333332,,,268047.71013333334,357063.168,,,160703.5234583333,155464.33720555555,ave_tmpfs
1721,1.0,0.0,268435456.0,49152.0,16.0,1.0,16.0,16.0,13.012533333333332,8.483166666666667,,1.2816333333333334,3778.2656666666667,5794.240699999999,,38563.06313333334,20255.84304,66780.47130666666,,44255.312513333316,beegfs
1722,1.0,0.0,268435456.0,49152.0,16.0,2.0,8.0,16.0,2.6349666666666667,0.5183333333333333,1.3785,1.2678333333333334,18679.03873333333,94831.66489999999,36292.56773333334,39322.412033333334,20255.84304,66780.47130666666,38441.66975555555,44255.312513333316,beegfs
1723,1.0,0.0,268435456.0,49152.0,16.0,4.0,4.0,16.0,1.9023,1.0126,,0.9129,25850.2461,48543.035533333335,,53862.502700000005,20255.84304,66780.47130666666,,44255.312513333316,ave_beegfs
1724,1.0,0.0,268435456.0,49152.0,16.0,8.0,2.0,16.0,1.8225333333333333,0.5258333333333334,0.8712333333333334,0.7305,27043.6072,93470.43866666667,56560.2906,67301.37796666667,20255.84304,66780.47130666666,38441.66975555555,44255.312513333316,ave_beegfs
1725,1.0,0.0,268435456.0,49152.0,16.0,16.0,1.0,16.0,1.9043666666666665,0.5386000000000001,2.187333333333333,2.2113666666666667,25928.0575,91262.97673333333,22472.150933333334,22227.206733333336,20255.84304,66780.47130666666,38441.66975555555,44255.312513333316,ave_beegfs
1726,1.0,0.0,268435456.0,49152.0,32.0,1.0,32.0,32.0,13.239433333333332,8.557666666666668,,0.9416333333333333,3712.9121666666665,5743.995466666667,,52248.99779999999,21607.707886666663,98034.8681,,77104.27380555557,beegfs
1727,1.0,0.0,268435456.0,49152.0,32.0,2.0,16.0,32.0,2.4986333333333333,0.8686333333333334,22.850833333333338,0.8043333333333335,19675.835499999997,56776.52906666667,2385.9858333333336,61331.39626666667,21607.707886666663,98034.8681,67012.40550833334,77104.27380555557,nfs
1728,1.0,0.0,268435456.0,49152.0,32.0,4.0,8.0,32.0,1.7962333333333333,0.29150000000000004,,0.6970333333333333,27368.719633333338,168624.82753333333,,70613.71623333334,21607.707886666663,98034.8681,,77104.27380555557,ave_beegfs
1729,1.0,0.0,268435456.0,49152.0,32.0,8.0,4.0,32.0,1.7415666666666667,0.5414666666666667,0.5505333333333333,0.4843,28224.095266666667,90967.02153333335,89407.6103,101504.13213333332,21607.707886666663,98034.8681,67012.40550833334,77104.27380555557,ave_beegfs
1730,1.0,0.0,268435456.0,49152.0,32.0,16.0,2.0,32.0,1.6915666666666667,0.29246666666666665,2.1531333333333333,2.0930666666666666,29056.976866666664,168061.9669,22840.321966666666,23584.177,21607.707886666663,98034.8681,67012.40550833334,77104.27380555557,ave_beegfs
1731,1.0,0.0,268435456.0,49152.0,32.0,32.0,1.0,32.0,,,0.3204,0.32056666666666667,,,153415.70393333334,153343.22340000002,,,67012.40550833334,77104.27380555557,ave_nfs
1732,1.0,0.0,268435456.0,49152.0,64.0,1.0,64.0,64.0,12.319166666666666,8.574933333333332,,0.7486,3990.5823333333333,5732.1417,,65698.53733333333,22172.016920000005,91196.20220666665,,119972.48142777775,beegfs
1733,1.0,0.0,268435456.0,49152.0,64.0,2.0,32.0,64.0,2.419,0.7453666666666666,18.272266666666667,0.6655333333333333,20319.37973333333,66880.9573,2985.539733333333,73998.33083333333,22172.016920000005,91196.20220666665,100710.0588,119972.48142777775,nfs
1734,1.0,0.0,268435456.0,49152.0,64.0,4.0,16.0,64.0,1.7394,0.5473,,0.4157333333333333,28261.979933333332,90790.07623333333,,118681.21613333334,22172.016920000005,91196.20220666665,,119972.48142777775,ave_beegfs
1735,1.0,0.0,268435456.0,49152.0,64.0,8.0,8.0,64.0,1.6850666666666667,0.4254,0.3985,0.36769999999999997,29173.908,115544.24753333333,126088.89216666667,133744.27706666666,22172.016920000005,91196.20220666665,100710.0588,119972.48142777775,ave_beegfs
1736,1.0,0.0,268435456.0,49152.0,64.0,16.0,4.0,64.0,1.6888666666666667,0.2779333333333333,0.7909,0.8630666666666666,29114.2346,177033.58826666666,66900.18256666667,61685.04696666667,22172.016920000005,91196.20220666665,100710.0588,119972.48142777775,ave_beegfs
1737,1.0,0.0,268435456.0,49152.0,64.0,32.0,2.0,64.0,,,0.23886666666666667,0.1849333333333333,,,206865.62073333332,266027.48023333336,,,100710.0588,119972.48142777775,ave_nfs
1738,1.0,0.0,268435456.0,51200.0,2.0,1.0,2.0,2.0,20.924666666666667,8.640066666666668,,5.3372,2446.9585666666667,5925.950466666666,,9650.291,2460.0016333333338,8025.215366666667,,10551.559333333333,beegfs
1739,1.0,0.0,268435456.0,51200.0,2.0,2.0,1.0,2.0,20.7069,5.252566666666667,4.315233333333333,4.470666666666666,2473.0447,10124.480266666667,11864.9907,11452.827666666666,2460.0016333333338,8025.215366666667,11864.9907,10551.559333333333,ave_beegfs
1740,1.0,0.0,268435456.0,51200.0,4.0,1.0,4.0,4.0,10.975633333333334,8.764033333333332,,3.2334666666666667,4676.102033333334,5842.049733333333,,15916.861633333334,5236.183522222223,12826.159533333333,,19339.941422222226,beegfs
1741,1.0,0.0,268435456.0,51200.0,4.0,2.0,2.0,4.0,9.928066666666666,3.4328333333333334,2.8822666666666668,2.8318666666666665,5157.556933333333,15151.183433333334,17802.324933333333,18084.474566666668,5236.183522222223,12826.159533333333,17802.324933333337,19339.941422222226,beegfs
1742,1.0,0.0,268435456.0,51200.0,4.0,4.0,1.0,4.0,9.017166666666666,3.0700333333333334,,2.1317,5874.8916,17485.245433333333,,24018.48806666667,5236.183522222223,12826.159533333333,,19339.941422222226,ave_beegfs
1743,1.0,0.0,268435456.0,51200.0,8.0,1.0,8.0,8.0,11.661533333333333,8.830366666666666,,2.0129333333333332,4390.728266666666,5798.175633333333,,25747.3547,10168.958766666667,24545.486525,,34126.50365,beegfs
1744,1.0,0.0,268435456.0,51200.0,8.0,2.0,4.0,8.0,3.969533333333333,1.9783666666666668,2.0367,1.8682666666666667,13317.700466666667,26075.641699999996,25168.14216666667,27444.442766666663,10168.958766666667,24545.486525,35212.00406666667,34126.50365,ave_beegfs
1745,1.0,0.0,268435456.0,51200.0,8.0,4.0,2.0,8.0,4.264,1.9085666666666665,,1.4393333333333331,12079.918666666666,26826.579500000003,,35582.6337,10168.958766666667,24545.486525,,34126.50365,ave_beegfs
1746,1.0,0.0,268435456.0,51200.0,8.0,8.0,1.0,8.0,4.723566666666667,1.3350333333333333,1.1313333333333333,1.0727,10887.487666666666,39481.54926666667,45255.865966666664,47731.583433333326,10168.958766666667,24545.486525,35212.00406666667,34126.50365,ave_beegfs
1747,1.0,0.0,268435456.0,65536.0,256.0,4.0,64.0,256.0,,0.2711,,,,241747.9689,,,,241747.9689,,,localssd
1748,1.0,0.0,268435456.0,98304.0,32.0,4.0,8.0,32.0,,0.5204666666666666,,,,188868.8167333333,,,,141978.7771166667,,,ave_localssd
1749,1.0,0.0,268435456.0,98304.0,32.0,8.0,4.0,32.0,,1.0344,,,,95088.7375,,,,141978.7771166667,,,localssd
1750,1.0,0.0,268435456.0,98304.0,64.0,4.0,16.0,64.0,,1.4408666666666665,,,,73582.74936666667,,,,126778.20199999999,,,localssd
1751,1.0,0.0,268435456.0,98304.0,64.0,8.0,8.0,64.0,,0.7557333333333333,,,,130685.381,,,,126778.20199999999,,,ave_localssd
1752,1.0,0.0,268435456.0,98304.0,64.0,16.0,4.0,64.0,,0.5591,,,,176066.47563333332,,,,126778.20199999999,,,ave_localssd
1753,1.0,0.0,268435456.0,98304.0,128.0,4.0,32.0,128.0,,0.9898333333333333,,,,110870.79343333333,,,,159950.8808,,,localssd
1754,1.0,0.0,268435456.0,98304.0,128.0,8.0,16.0,128.0,,1.0886,,,,112065.26916666667,,,,159950.8808,,,localssd
1755,1.0,0.0,268435456.0,98304.0,128.0,16.0,8.0,128.0,,0.3831,,,,256916.57980000004,,,,159950.8808,,,ave_localssd
1756,1.0,0.0,1073741824.0,4096.0,2.0,1.0,2.0,2.0,0.8309333333333333,0.647,0.4372,0.35776666666666673,4933.749133333334,6330.8329,9374.874366666667,11452.1949,5451.464233333333,9339.4655,10523.138466666667,11369.914216666666,beegfs
1757,1.0,0.0,1073741824.0,4096.0,2.0,2.0,1.0,2.0,0.6863666666666667,0.3317,0.3509333333333333,0.3629,5969.1793333333335,12348.098099999997,11671.402566666666,11287.633533333334,5451.464233333333,9339.4655,10523.138466666667,11369.914216666666,ave_beegfs
1758,1.0,0.0,1073741824.0,4096.0,4.0,1.0,4.0,4.0,0.8114333333333335,0.6397333333333334,0.3376333333333334,0.27540000000000003,5047.915366666667,6402.413566666667,12148.991799999998,14898.559066666667,8934.879411111113,17284.437488888892,16254.329811111113,17242.3478,beegfs
1759,1.0,0.0,1073741824.0,4096.0,4.0,2.0,2.0,4.0,0.3681666666666667,0.1920333333333333,0.2457666666666667,0.2643666666666667,11169.655633333334,21732.894,16671.7176,15519.648833333333,8934.879411111113,17284.437488888892,16254.329811111113,17242.3478,ave_beegfs
1760,1.0,0.0,1073741824.0,4096.0,4.0,4.0,1.0,4.0,0.3886,0.1727,0.2054,0.19223333333333334,10587.067233333333,23718.0049,19942.280033333333,21308.8355,8934.879411111113,17284.437488888892,16254.329811111113,17242.3478,ave_beegfs
1761,1.0,0.0,1073741824.0,32768.0,32.0,1.0,32.0,32.0,9.06855,5.7032,,0.5983999999999999,3615.90845,5745.762733333333,,54858.82773333333,22835.70055,98103.27209333332,,82149.43115555555,beegfs
1762,1.0,0.0,1073741824.0,32768.0,32.0,2.0,16.0,32.0,1.6728666666666667,0.5728333333333333,139.30573333333334,0.4715,19593.5673,57643.56423333334,236.1580666666667,70418.56599999999,22835.700549999998,98103.27209333332,66572.54978333334,82149.43115555555,nfs
1763,1.0,0.0,1073741824.0,32768.0,32.0,4.0,8.0,32.0,1.1948,0.19513333333333335,,0.36756666666666665,27428.152666666665,167953.88760000002,,89238.77326666667,22835.700549999998,98103.27209333332,,82149.43115555555,ave_beegfs
1764,1.0,0.0,1073741824.0,32768.0,32.0,8.0,4.0,32.0,1.1398333333333335,0.34486666666666665,0.35600000000000004,0.3187666666666667,28786.453999999998,95024.5282,92098.61813333334,102829.71576666668,22835.700549999998,98103.27209333332,66572.54978333334,82149.43115555555,ave_beegfs
1765,1.0,0.0,1073741824.0,32768.0,32.0,16.0,2.0,32.0,1.1559666666666668,0.19963333333333333,1.3453666666666668,1.2522666666666666,28347.82296666667,164148.6177,24440.873466666668,26824.234966666667,22835.700549999998,98103.27209333332,66572.54978333334,82149.43115555555,ave_beegfs
1766,1.0,0.0,1073741824.0,32768.0,32.0,32.0,1.0,32.0,,,0.21916666666666665,0.22033333333333335,,,149514.54946666665,148726.46920000002,,,66572.54978333334,82149.43115555555,ave_nfs
1767,1.0,0.0,1073741824.0,49152.0,4.0,1.0,4.0,4.0,10.6755,8.422933333333333,,2.9065,4604.1771,5835.4987,,16912.540333333334,5574.465099999999,15000.243122222222,,19284.838499999998,beegfs
1768,1.0,0.0,1073741824.0,49152.0,4.0,2.0,2.0,4.0,7.7442,3.2723999999999998,2.698166666666667,2.9250666666666665,6620.2974,15030.925833333333,18270.8713,16897.487833333333,5574.4650999999985,15000.243122222222,18270.8713,19284.838499999998,ave_beegfs
1769,1.0,0.0,1073741824.0,49152.0,4.0,4.0,1.0,4.0,9.501566666666667,2.0366666666666666,,2.0442,5175.491466666666,24134.30483333333,,24044.487333333334,5574.4650999999985,15000.243122222222,,19284.838499999998,beegfs
1770,1.0,0.0,1073741824.0,49152.0,8.0,1.0,8.0,8.0,11.09675,8.4787,,1.6899666666666668,4429.7516,5797.206866666667,,29100.798166666664,11468.484609090907,27209.648633333334,,35552.184166666666,beegfs
1771,1.0,0.0,1073741824.0,49152.0,8.0,2.0,4.0,8.0,4.017766666666667,1.8658000000000001,2.001133333333333,1.6904666666666668,12424.487233333333,26473.322266666666,24612.203700000002,29089.868566666668,11468.484609090907,27209.648633333334,34961.1338,35552.184166666666,ave_beegfs
1772,1.0,0.0,1073741824.0,49152.0,8.0,4.0,2.0,8.0,3.6223666666666667,1.8098666666666665,,1.3538333333333332,14880.5149,27178.719966666667,,36311.041033333335,11468.484609090907,27209.648633333334,,35552.184166666666,ave_beegfs
1773,1.0,0.0,1073741824.0,49152.0,8.0,8.0,1.0,8.0,4.3202,0.9951666666666666,1.0848,1.0303,11792.940366666668,49389.345433333336,45310.0639,47707.028900000005,11468.484609090907,27209.648633333334,34961.1338,35552.184166666666,ave_beegfs
1774,1.0,0.0,1073741824.0,49152.0,16.0,1.0,16.0,16.0,12.6936,8.556633333333332,,1.1933,3873.81505,5744.390633333333,,41499.52866666667,20849.68709230769,66960.68845333335,,45766.34766666666,beegfs
1775,1.0,0.0,1073741824.0,49152.0,16.0,2.0,8.0,16.0,2.570733333333333,0.5231,10.040766666666668,1.3073666666666666,19126.672733333337,93961.69923333333,25610.561066666665,39316.93493333333,20849.68709230769,66960.68845333335,35355.867066666666,45766.34766666666,beegfs
1776,1.0,0.0,1073741824.0,49152.0,16.0,4.0,4.0,16.0,1.9305333333333332,1.0207333333333333,,0.8779666666666667,25485.25586666667,49129.57133333333,,55984.4583,20849.68709230769,66960.68845333335,,45766.34766666666,ave_beegfs
1777,1.0,0.0,1073741824.0,49152.0,16.0,8.0,2.0,16.0,1.84,0.5258333333333334,0.8490000000000001,0.7067666666666667,26757.6774,93478.9582,57949.416933333334,69716.35363333333,20849.68709230769,66960.68845333335,35355.867066666666,45766.34766666666,ave_beegfs
1778,1.0,0.0,1073741824.0,49152.0,16.0,16.0,1.0,16.0,2.0004999999999997,0.5314333333333333,2.1838,2.2027,24594.74205,92488.82286666667,22507.6232,22314.462799999998,20849.68709230769,66960.68845333335,35355.867066666666,45766.34766666666,ave_beegfs
1779,1.0,0.0,1073741824.0,51200.0,2.0,1.0,2.0,2.0,20.4443,8.6791,,5.3153,2504.4069,5899.2909,,9857.695133333333,2501.9031,6835.078016666667,,10855.670383333332,ave_beegfs
1780,1.0,0.0,1073741824.0,51200.0,2.0,2.0,1.0,2.0,20.488433333333333,6.589966666666666,4.311,4.319400000000001,2500.2338999999997,7770.865133333333,11876.610133333334,11853.645633333334,2501.9031,6835.078016666667,11876.610133333334,10855.670383333332,beegfs
1781,1.0,0.0,1073741824.0,65536.0,64.0,4.0,16.0,64.0,,1.1239999999999999,,,,61502.04113333334,,,,120554.45054444444,,,localssd
1782,1.0,0.0,1073741824.0,65536.0,64.0,8.0,8.0,64.0,,0.5108333333333334,,,,128981.02086666667,,,,120554.45054444444,,,ave_localssd
1783,1.0,0.0,1073741824.0,65536.0,64.0,16.0,4.0,64.0,,0.3838333333333333,,,,171180.28963333333,,,,120554.45054444444,,,ave_localssd
1784,1.0,0.0,1073741824.0,98304.0,8.0,4.0,2.0,8.0,,3.763666666666667,,,,26163.065166666667,,,,30625.509316666667,,,localssd
1785,1.0,0.0,1073741824.0,98304.0,8.0,8.0,1.0,8.0,,2.8019,,,,35087.953466666666,,,,30625.509316666667,,,ave_localssd
1786,1.0,0.0,1073741824.0,98304.0,16.0,4.0,4.0,16.0,,1.9466666666666665,,,,50505.7384,,,,73638.40798333332,,,localssd
1787,1.0,0.0,1073741824.0,98304.0,16.0,8.0,2.0,16.0,,1.0158333333333334,,,,96771.07756666666,,,,73638.40798333332,,,ave_localssd
1788,1.0,0.0,1073741824.0,98304.0,32.0,4.0,8.0,32.0,,0.5190666666666667,,,,189385.98993333336,,,,143273.37656666667,,,ave_localssd
1789,1.0,0.0,1073741824.0,98304.0,32.0,8.0,4.0,32.0,,1.0153333333333334,,,,97160.7632,,,,143273.37656666667,,,localssd
1790,1.0,1.0,64.0,1024.0,256.0,1.0,256.0,256.0,,0.25416666666666665,,,,4045.9265333333333,,,,26595.289039999992,,,localssd
1791,1.0,1.0,1024.0,1024.0,256.0,1.0,256.0,256.0,,0.031400000000000004,,,,32762.70523333333,,,,295803.86520666664,,,localssd
1792,1.0,1.0,1024.0,5120.0,256.0,1.0,256.0,256.0,,0.1877,,,,27283.3959,,,,314019.23768,,,localssd
1793,1.0,1.0,4096.0,1024.0,256.0,1.0,256.0,256.0,,0.019233333333333335,,,,54672.9563,,,,382340.3981266667,,,localssd
1794,1.0,1.0,1048576.0,1024.0,256.0,1.0,256.0,256.0,,0.015466666666666665,,,,66517.7852,,,,386406.2413933333,,,localssd
1795,1.0,1.0,4194304.0,1024.0,256.0,1.0,256.0,256.0,,0.022699999999999998,,,,45601.23903333334,,,,326204.02643333335,,,localssd
